Date,Close,Open,High,Low,Change %,SMA_14,SMA_50,RSI_14,MACD,MACD_Signal,ATR_14,Target_Next_Close,Target_Trend
03/11/2010,1109.45,1108.35,1111.65,1100.44,0.11,1117.8892857142857,1111.066,45.21384928716909,4.3017776690619485,5.27891575376149,17.44714285714289,1102.45,0
03/12/2010,1102.45,1109.65,1119.45,1098.65,-0.63,1117.0857142857144,1111.1680000000001,44.37781109445276,2.7889061141167986,4.7809138258325525,17.40785714285718,1109.1,1
03/15/2010,1109.1,1100.5,1109.8,1100.35,0.6,1117.5892857142858,1110.942,53.70857443450815,2.10230981193331,4.245193023052704,16.522142857142885,1125.7,1
03/16/2010,1125.7,1109.45,1129.45,1109.05,1.5,1119.6821428571427,1111.075,63.82075471698114,2.8646368137901845,3.9690817812002006,16.65785714285718,1125.05,0
03/17/2010,1125.05,1126.1,1133.8,1118.85,-0.06,1121.0357142857142,1110.798,59.773078906652934,3.3774042732072758,3.850746279601616,16.25785714285717,1125.95,1
03/18/2010,1125.95,1124.0,1129.55,1118.4,0.08,1121.7107142857142,1110.671,55.40308747855919,3.81245109442375,3.843087242566043,15.997142857142876,1107.55,0
03/19/2010,1107.55,1125.95,1127.5,1101.95,-1.63,1121.0107142857144,1110.09,45.333333333333364,2.642046739599664,3.6028791419727675,16.99000000000001,1102.3,0
03/22/2010,1102.3,1107.4,1108.85,1092.75,-0.47,1118.7,1109.076,32.59817105970946,1.2761510571638155,3.1375335250109773,16.522142857142853,1102.65,1
03/23/2010,1102.65,1102.45,1108.05,1094.8,0.03,1116.067857142857,1108.575,29.169022046353987,0.21938206315098796,2.5539032326389797,16.56857142857143,1087.5,0
03/24/2010,1087.5,1101.75,1105.4,1085.35,-1.37,1112.8892857142857,1107.549,26.847034339230063,-1.8196179414248945,1.679198997826205,16.893571428571445,1091.35,1
03/25/2010,1091.35,1086.5,1095.95,1085.45,0.35,1109.982142857143,1106.511,29.629629629629676,-3.0892661735979345,0.7255059635413771,16.665000000000013,1106.6,1
03/26/2010,1106.6,1089.55,1110.65,1088.85,1.4,1108.8535714285715,1106.025,42.511848341232174,-2.8322752879944346,0.013949713234214789,16.84714285714288,1109.2,1
03/29/2010,1109.2,1110.55,1115.45,1104.35,0.23,1108.075,1105.549,44.84877126654073,-2.3912451036837865,-0.4670892501493855,16.515000000000036,1103.6,0
03/30/2010,1103.6,1110.25,1114.15,1102.45,-0.5,1107.7464285714284,1104.8590000000002,47.688442211055225,-2.4651816247662737,-0.8667077250727633,15.57214285714289,1113.8,1
03/31/2010,1113.8,1103.7,1118.9,1102.45,0.92,1108.057142857143,1104.9009999999998,52.005532503457765,-1.6813406469843812,-1.029634309455087,15.946428571428603,1126.5,1
04/01/2010,1126.5,1113.4,1128.75,1112.35,1.14,1109.775,1105.528,60.53438458169066,-0.034954232517065975,-0.8306982940674829,15.632142857142899,1120.5,0
04/02/2010,1120.5,1125.0,1125.0,1120.0,-0.53,1110.5892857142858,1106.078,55.022026431718054,0.7767155136609745,-0.5092155325217914,15.42142857142861,1130.7,1
04/05/2010,1130.7,1125.1,1134.2,1119.2,0.91,1110.9464285714287,1106.727,52.33426704014938,2.217462858801582,0.03612014574288325,15.035714285714318,1134.2,1
04/06/2010,1134.2,1130.65,1138.9,1123.0,0.31,1111.6,1107.45,54.16098226466577,3.600185561019316,0.7489332287981698,15.103571428571465,1148.0,1
04/07/2010,1148.0,1134.15,1153.25,1132.8,1.22,1113.175,1108.673,58.974358974358914,5.74334225864277,1.7478150347670898,15.767857142857192,1151.15,1
04/08/2010,1151.15,1149.45,1154.65,1144.4,0.27,1116.2892857142856,1109.97,70.26022304832709,7.608284488876052,2.9199089255888824,14.675000000000052,1160.9,1
04/09/2010,1160.9,1150.95,1165.35,1149.7,0.85,1120.475,1111.557,76.13737734165915,9.760495244883487,4.288026189447804,14.642857142857192,1152.0,0
04/12/2010,1152.0,1165.69,1169.19,1152.0,-0.77,1124.0,1112.45,70.45171985080799,10.625498028138509,5.555520557185945,14.924285714285768,1151.15,0
04/13/2010,1151.15,1155.55,1157.9,1145.75,-0.07,1128.5464285714286,1113.1689999999999,79.92477668077098,11.114312197034906,6.667278885155738,14.360000000000046,1154.9,1
04/14/2010,1154.9,1151.3,1162.6,1150.8,0.33,1133.0857142857144,1114.0739999999998,79.90588235294113,11.66977273167413,7.667777654459417,14.452857142857185,1158.95,1
04/15/2010,1158.95,1155.3,1162.3,1150.85,0.35,1136.825,1115.9840000000002,77.53813782219879,12.295050669278453,8.593232257423224,13.713571428571461,1137.45,0
04/16/2010,1137.45,1158.8,1160.45,1130.65,-1.86,1138.8428571428572,1117.424,62.395787626151794,10.929726538691739,9.060531113676927,15.049285714285734,1135.6,0
04/19/2010,1135.6,1134.65,1138.45,1124.15,-0.16,1141.1285714285716,1118.8609999999999,64.51905626134297,9.58789451001303,9.166003792944148,15.235000000000014,1140.5,1
04/20/2010,1140.5,1135.7,1146.3,1133.45,0.43,1143.0357142857142,1120.125,62.726406101048596,8.818221045834662,9.09644724352225,14.977857142857147,1146.3,1
04/21/2010,1146.3,1140.2,1150.9,1138.25,0.51,1144.45,1121.594,60.102040816326486,8.577386040614101,8.99263500294062,14.710000000000004,1141.45,0
04/22/2010,1141.45,1145.75,1149.5,1132.15,-0.42,1145.9464285714287,1122.5159999999998,60.81569437274136,7.904055070249115,8.77491901640232,15.484999999999998,1157.4,1
04/23/2010,1157.4,1141.5,1158.0,1135.45,1.4,1147.8535714285715,1123.796,63.011695906432756,8.558806531413438,8.731696519404544,16.024285714285707,1154.88,0
04/26/2010,1154.88,1156.5,1160.23,1151.05,-0.22,1149.3307142857143,1124.8736,60.175162369612295,8.773226547637023,8.74000252505104,15.544285714285706,1172.93,1
04/27/2010,1172.93,1153.78,1172.93,1146.55,1.56,1151.1114285714286,1125.9332,61.77387361858885,10.281125688009979,9.048227157642827,15.96785714285714,1165.45,0
04/28/2010,1165.45,1168.03,1174.68,1160.65,-0.64,1152.1328571428571,1126.9382,56.48820326678763,10.748669166216587,9.38831555935758,16.237857142857138,1167.1,1
04/29/2010,1167.1,1164.95,1171.75,1162.55,0.14,1152.5757142857144,1127.8022,53.0362389813907,11.124110134427383,9.73547447437154,15.777142857142865,1179.25,1
04/30/2010,1179.25,1168.7,1182.05,1161.88,1.04,1154.5221428571429,1129.0102,62.933080208827725,12.260719324513502,10.240523444399932,15.989999999999993,1182.4,1
05/03/2010,1182.4,1179.0,1187.91,1176.3,0.27,1156.7542857142857,1130.3842,64.51463074779377,13.262783854358759,10.844975526391696,15.951428571428567,1171.65,0
05/04/2010,1171.65,1181.75,1192.4,1167.16,-0.91,1157.9507142857142,1131.7762,57.30484081988661,13.0391844534754,11.283817311808438,16.91142857142857,1175.2,1
05/05/2010,1175.2,1171.75,1177.31,1158.2,0.3,1159.1114285714286,1133.3522,57.11782742006132,12.998595926248072,11.626773034696365,17.458571428571418,1208.75,1
05/06/2010,1208.75,1176.1,1211.35,1173.35,2.85,1164.2042857142858,1135.4052000000001,78.24881141045955,15.495016927124198,12.400421813181932,18.044285714285706,1208.3,0
05/07/2010,1208.3,1207.25,1213.85,1193.15,-0.04,1169.3971428571429,1137.2412000000002,79.1266025641026,17.238423501290526,13.36802215080365,18.501428571428555,1202.4,0
05/10/2010,1202.4,1202.35,1206.0,1184.35,-0.49,1173.8185714285714,1138.9422,74.60254372019087,17.937235791577223,14.281864878958366,19.294285714285706,1232.55,1
05/11/2010,1232.55,1200.7,1234.15,1200.7,2.51,1179.9792857142857,1140.9002,78.7212787212788,20.685453559846337,15.562582615135963,20.77999999999999,1237.35,1
05/12/2010,1237.35,1231.0,1249.15,1227.4,0.39,1186.8292857142858,1142.8572,81.94536975349769,22.98578994740933,17.047224081590635,21.09428571428571,1232.33,0
05/13/2010,1232.33,1235.2,1243.35,1227.95,-0.41,1192.1814285714286,1144.8638,76.92031328590933,24.12564563627052,18.462908392526614,20.583571428571418,1233.05,1
05/14/2010,1233.05,1232.45,1249.45,1219.55,0.06,1197.7649999999999,1146.8838,78.45235495377449,24.801194729978988,19.730565660017092,22.063571428571418,1223.75,0
05/17/2010,1223.75,1231.5,1243.1,1219.45,-0.75,1201.395,1148.9108,69.75587000466493,24.30595604579071,20.645643737171817,21.868571428571403,1221.7,0
05/18/2010,1221.7,1222.3,1229.85,1207.35,-0.17,1205.412857142857,1150.9428,72.83058689828727,23.47742481406749,21.211999952550954,22.473571428571404,1191.75,0
05/19/2010,1191.75,1223.9,1228.1,1187.62,-2.45,1207.1735714285714,1152.6138,58.135850551191545,20.17156786825467,21.003913535691698,24.707857142857115,1183.1,0
05/20/2010,1183.1,1192.65,1198.8,1175.35,-0.73,1207.4485714285713,1154.0868,51.300763565105726,16.66160510024497,20.135451848602354,24.942142857142844,1177.15,0
05/21/2010,1177.15,1182.3,1189.35,1168.5,-0.5,1207.0735714285713,1155.5808,48.25916837986603,13.247114554365226,18.75778438975493,25.60214285714283,1192.05,1
05/24/2010,1192.05,1176.93,1197.0,1176.48,1.27,1208.5307142857143,1157.2398,56.58319349425582,11.60958361893995,17.328144235591935,25.26499999999997,1201.1,1
05/25/2010,1201.1,1191.4,1204.95,1185.9,0.76,1210.3807142857142,1158.7478,58.07155322862128,10.916252161054672,16.045765820684483,25.26071428571426,1210.9,1
05/26/2010,1210.9,1202.55,1217.21,1201.1,0.82,1210.5342857142857,1160.4648000000002,50.78645109371573,11.030408401616796,15.042694336870946,23.69714285714284,1212.1,1
05/27/2010,1212.1,1212.15,1219.35,1206.6,0.1,1210.8057142857142,1162.1878,51.38242142025611,11.08987088750905,14.252129646998569,23.12928571428571,1214.81,1
05/28/2010,1214.81,1211.45,1216.15,1203.01,0.22,1211.6921428571427,1164.333,54.62197392923646,11.226260346398703,13.646955786878596,22.357142857142858,1216.21,1
05/31/2010,1216.21,1212.05,1218.3,1210.2,0.12,1210.5249999999999,1166.6112,42.25592417061614,11.316864505399053,13.180937530582687,20.54642857142856,1225.3,1
06/01/2010,1225.3,1216.1,1231.2,1215.05,0.75,1209.6642857142856,1169.0642,44.51225066035159,11.984011758115457,12.941552376089241,20.14642857142857,1223.85,0
06/02/2010,1223.85,1225.6,1227.95,1214.65,-0.12,1209.0585714285714,1171.7912,46.00828469214836,12.254466024396152,12.804135105750625,19.996428571428574,1208.05,0
06/03/2010,1208.05,1223.2,1224.95,1201.15,-1.29,1207.2728571428572,1174.1252,39.69497114591919,11.066309497699876,12.456569984140476,19.56071428571428,1220.0,1
06/04/2010,1220.0,1206.58,1220.7,1197.65,0.99,1207.0049999999999,1176.3932,48.48729326341267,10.96258219618312,12.157772426549005,19.517857142857142,1240.05,1
06/07/2010,1240.05,1219.15,1245.35,1211.15,1.64,1208.3157142857142,1179.0102,56.463543501232806,12.355814855152403,12.197380912269686,20.353571428571417,1235.63,0
06/08/2010,1235.63,1240.65,1252.2,1233.85,-0.36,1211.45,1181.6508,68.8455591822712,12.953979304713584,12.348700590758465,18.772857142857138,1232.35,0
06/09/2010,1232.35,1235.1,1242.5,1223.75,-0.27,1214.9678571428572,1184.0218,72.17469608284561,13.013350548048265,12.481630582216425,18.43714285714285,1217.8,0
06/10/2010,1217.8,1231.25,1234.25,1215.15,-1.18,1217.8714285714286,1185.8478,66.9870455495194,11.750882427606257,12.335480951294391,18.31214285714285,1227.4,1
06/11/2010,1227.4,1216.75,1231.7,1216.75,0.79,1220.3964285714285,1187.9858,65.45693047660694,11.39366800358357,12.147118361752229,17.91428571428571,1222.15,0
06/14/2010,1222.15,1226.45,1235.0,1217.05,-0.43,1221.8999999999999,1189.8147999999999,59.52057892356407,10.565153363638956,11.830725362129575,17.83571428571429,1234.45,1
06/15/2010,1234.45,1221.3,1237.35,1220.3,1.01,1223.582142857143,1191.8198,60.415745245466596,10.776828180051098,11.61994592571388,17.902857142857133,1231.6,0
06/16/2010,1231.6,1233.95,1238.65,1227.8,-0.23,1224.9750000000001,1193.4918,58.50043591979073,10.592506988578407,11.414458138286786,17.767142857142858,1245.35,1
06/17/2010,1245.35,1230.5,1251.65,1229.9,1.12,1227.1564285714285,1195.3758,62.14410688722758,11.424249565189939,11.416416423667417,18.38214285714285,1257.35,1
06/18/2010,1257.35,1245.3,1262.9,1242.0,0.96,1230.0949999999998,1197.3048,65.08728179551116,12.902973811080074,11.713727901149948,19.296428571428578,1232.15,0
06/21/2010,1232.15,1259.1,1265.4,1230.95,-2.0,1230.5842857142857,1198.9078,52.24663824204662,11.904219601323803,11.75182624118472,20.60357142857143,1239.5,1
06/22/2010,1239.5,1231.65,1243.1,1231.65,0.6,1231.7021428571427,1200.6748,54.94158509630569,11.572384028422675,11.71593779863231,20.471428571428564,1237.2,0
06/23/2010,1237.2,1238.75,1247.1,1225.3,-0.19,1233.7842857142857,1202.3208,60.06213324128412,10.997044089216388,11.572159056749127,20.328571428571422,1244.55,1
06/24/2010,1244.55,1235.0,1248.35,1228.25,0.59,1235.537857142857,1204.0328,58.75222816399287,11.00728152614306,11.459183550627914,20.117857142857133,1255.5,1
06/25/2010,1255.5,1243.45,1258.65,1241.35,0.88,1236.6414285714286,1206.3938,55.89020205871142,11.763367477853535,11.520020336073038,18.910714285714302,1238.05,0
06/28/2010,1238.05,1253.75,1263.45,1236.42,-1.39,1236.814285714286,1208.4428,50.83922874185041,10.829664249388998,11.38194911873623,19.53071428571429,1240.95,1
06/29/2010,1240.95,1237.1,1245.3,1227.35,0.23,1237.4285714285713,1210.4518,52.99026425591103,10.20605443507202,11.146770182003388,19.473571428571436,1242.35,1
06/30/2010,1242.35,1239.4,1248.55,1235.45,0.11,1239.1821428571427,1212.3728,59.39533103712207,9.71284384624687,10.859984914852085,19.04500000000001,1199.65,0
07/01/2010,1199.65,1242.65,1244.5,1197.3,-3.44,1237.2,1213.5368,41.52671755725188,5.809469808321637,9.849881893545996,21.348571428571436,1211.6,1
07/02/2010,1211.6,1197.0,1223.35,1197.0,1.0,1236.4464285714287,1214.6208,46.90525080668811,3.638342344895136,8.607573983815824,21.948571428571427,1208.95,0
07/05/2010,1208.95,1211.1,1215.35,1206.55,-0.22,1234.625,1215.7022,42.07089552238803,1.6844579522403365,7.222950777500726,21.35928571428571,1194.25,0
07/06/2010,1194.25,1209.4,1215.25,1191.3,-1.22,1231.957142857143,1216.1286,39.18331885317113,-1.0382088277858657,5.570718856443408,22.29499999999999,1202.35,1
07/07/2010,1202.35,1191.95,1204.25,1185.55,0.68,1228.8857142857141,1216.8665999999998,37.12574850299394,-2.5133670306233853,3.9539016790300496,22.077142857142853,1198.45,0
07/08/2010,1198.45,1203.0,1209.7,1189.35,-0.32,1224.6785714285713,1217.4936,31.466331025802305,-3.9515865111302446,2.3728040409979907,22.037857142857142,1212.0,1
07/09/2010,1212.0,1197.35,1213.85,1194.7,1.13,1223.2392857142856,1218.1486,43.157894736842024,-3.9524526396055535,1.107752704877282,20.944999999999986,1196.85,0
07/12/2010,1196.85,1212.15,1214.0,1196.85,-1.25,1220.1928571428573,1218.4376,36.2463721380199,-5.1166360435152,-0.13712504480121446,21.352142857142862,1211.65,1
07/13/2010,1211.65,1195.3,1218.6,1195.3,1.24,1218.3678571428572,1219.2376,42.37541032527602,-4.789809524714883,-1.0676619407839483,21.45928571428572,1208.5,0
07/14/2010,1208.5,1211.75,1218.85,1203.16,-0.26,1215.792857142857,1219.9036,38.96541169268441,-4.730446189190616,-1.8002187904652818,21.14428571428571,1208.55,1
07/15/2010,1208.55,1209.05,1217.95,1204.55,0.0,1212.4392857142855,1219.8996,34.601508691374164,-4.626039630712057,-2.365382958514637,20.86571428571428,1193.65,0
07/16/2010,1193.65,1208.9,1211.0,1186.35,-1.23,1209.267857142857,1219.6065999999998,35.190126751167426,-5.68012520876232,-3.0283314085641733,20.695714285714285,1183.7,0
07/19/2010,1183.7,1193.2,1195.1,1177.65,-0.83,1205.1785714285713,1219.2326,31.76170755017513,-7.234977154998205,-3.8696605578509797,20.659999999999986,1192.3,1
07/20/2010,1192.3,1184.65,1194.3,1175.85,0.73,1201.6035714285715,1218.4276,34.75479744136456,-7.684676233615846,-4.632663693003954,21.042142857142853,1186.0,0
07/21/2010,1186.0,1191.4,1198.05,1183.35,-0.53,1200.6285714285714,1217.4006,44.65753424657528,-8.451994016195613,-5.396529757642286,18.72071428571428,1194.95,1
07/22/2010,1194.95,1184.9,1200.6,1181.05,0.75,1199.439285714286,1216.653,43.32665330661327,-8.242889782989323,-5.965801762711694,18.234999999999996,1189.1,0
07/23/2010,1189.1,1195.05,1203.95,1183.81,-0.49,1198.0214285714285,1215.774,42.2430636967565,-8.451792280813606,-6.462999866332077,19.04500000000001,1182.5,0
07/26/2010,1182.5,1189.25,1195.3,1179.65,-0.56,1197.1821428571427,1214.9489999999998,45.09803921568627,-9.045641334313359,-6.979528159928334,18.452142857142853,1162.3,0
07/27/2010,1162.3,1181.9,1187.75,1158.15,-1.71,1194.3214285714287,1213.761,34.82379689276243,-11.019219466436198,-7.787466421229907,19.23071428571427,1163.55,1
07/28/2010,1163.55,1162.5,1166.35,1157.4,0.11,1191.8285714285714,1213.197,36.50425367362721,-12.340179889422188,-8.698009114868363,18.416428571428533,1166.93,1
07/29/2010,1166.93,1163.5,1169.8,1159.65,0.29,1188.6092857142855,1212.8736,31.08369008646025,-12.964861931483256,-9.551379678191342,17.77357142857139,1180.9,1
07/30/2010,1180.9,1167.35,1183.95,1166.0,1.2,1187.47,1212.9486,43.23866044934304,-12.192121515075314,-10.079528045568138,17.830714285714244,1181.85,1
08/02/2010,1181.85,1181.45,1191.4,1175.5,0.08,1185.3414285714284,1212.7446,35.686839577329394,-11.371973080395946,-10.3380170525337,17.302142857142826,1185.7,1
08/03/2010,1185.7,1181.65,1191.35,1179.75,0.33,1183.712857142857,1212.4366,39.122137404580165,-10.292689001027384,-10.328951442232437,17.009999999999973,1195.75,1
08/04/2010,1195.75,1185.7,1203.35,1184.4,0.85,1182.7985714285714,1212.1336,44.425087108013955,-8.528091058490418,-9.968779365484034,17.406428571428528,1195.1,0
08/05/2010,1195.1,1195.35,1200.55,1190.65,-0.05,1182.902142857143,1211.7936,50.721034311287816,-7.1002369319046466,-9.395070878768156,16.352857142857083,1205.3,1
08/06/2010,1205.3,1194.7,1213.61,1193.1,0.85,1184.445,1211.6034,60.71428571428565,-5.086958206723239,-8.533448344359172,16.571428571428523,1201.4,0
08/09/2010,1201.4,1204.85,1210.55,1199.9,-0.32,1185.095,1211.3072,54.73465140478674,-3.7627431575729133,-7.579307307001921,16.014285714285652,1203.85,1
08/10/2010,1203.85,1201.1,1208.05,1191.5,0.2,1186.3700000000001,1210.8781999999999,59.674796747967434,-2.4869308751037806,-6.560832020622293,16.146428571428505,1197.75,0
08/11/2010,1197.75,1204.25,1209.75,1194.15,-0.51,1186.57,1210.3562,51.56599552572705,-1.9456314415440374,-5.637791904806642,15.864285714285643,1213.2,1
08/12/2010,1213.2,1198.4,1217.25,1197.85,1.29,1188.2914285714287,1210.4592,62.17171717171727,-0.2668853731818217,-4.563610598481678,15.81857142857135,1215.55,1
08/13/2010,1215.55,1214.05,1219.35,1212.55,0.19,1190.652142857143,1210.3701999999998,67.4406332453826,1.23887733420338,-3.4031130119446664,15.186428571428499,1224.85,1
08/16/2010,1224.85,1214.55,1229.15,1214.55,0.77,1195.1200000000001,1210.0662,87.29874776386416,3.1463680327622114,-2.093216803003291,14.114999999999943,1224.9,1
08/17/2010,1224.9,1224.9,1230.45,1224.1,0.0,1199.5021428571429,1209.8516,87.11433756805822,4.608973360319624,-0.7527787703387081,13.929285714285681,1229.55,1
08/18/2010,1229.55,1225.3,1233.35,1218.4,0.38,1203.9750000000001,1209.7956,87.309342230696,6.073305473245682,0.61243807837817,14.272142857142821,1232.1,1
08/19/2010,1232.1,1230.6,1239.15,1229.3,0.21,1207.6321428571428,1210.0816,85.3103448275863,7.354781567723194,1.9609067762471748,13.6935714285714,1228.05,0
08/20/2010,1228.05,1230.7,1233.05,1222.25,-0.33,1210.9321428571427,1210.0946000000001,80.55555555555571,7.951894957211607,3.1591044124400613,13.329285714285675,1225.4,0
08/23/2010,1225.4,1229.1,1233.85,1223.65,-0.22,1213.767857142857,1210.1596,76.68010752688197,8.117702940916843,4.150824118135418,13.229285714285668,1229.75,1
08/24/2010,1229.75,1225.7,1236.0,1210.6,0.35,1216.1964285714287,1210.0656,74.74526928675424,8.50210859264098,5.021081013036531,13.689999999999973,1240.1,1
08/25/2010,1240.1,1229.65,1242.35,1229.65,0.84,1219.4107142857142,1210.2356,78.69897959183704,9.532032011027468,5.9232712126347185,13.88999999999997,1236.05,0
08/26/2010,1236.05,1240.55,1246.0,1235.85,-0.33,1221.607142857143,1210.0495999999998,71.28027681660927,9.907247999665742,6.720066570040924,13.149999999999977,1238.2,1
08/27/2010,1238.2,1236.94,1244.25,1233.75,0.17,1224.2357142857143,1209.6666,76.09929078014207,10.259827500739902,7.42801875618072,13.139285714285702,1236.8,0
08/30/2010,1236.8,1237.0,1238.8,1233.8,-0.11,1226.5892857142858,1209.7595999999999,73.72210223182162,10.307462978780904,8.003907600700757,12.314285714285704,1247.65,1
08/31/2010,1247.65,1236.95,1251.9,1233.75,0.88,1230.1535714285715,1209.9225999999999,83.62533692722387,11.092847322217267,8.621695545004059,12.496428571428575,1244.35,0
09/01/2010,1244.35,1248.0,1255.15,1242.75,-0.26,1232.3785714285714,1210.0656,75.1007252215954,11.318514858274511,9.161059407658149,11.989285714285725,1251.25,1
09/02/2010,1251.25,1244.3,1253.8,1243.5,0.55,1234.9285714285713,1210.1996,76.80180180180179,11.91676133400847,9.712199792928214,12.239285714285725,1247.1,0
09/03/2010,1247.1,1252.4,1255.1,1237.0,-0.33,1236.517857142857,1210.0315999999998,68.10414971521554,11.918615281275834,10.153482890597738,12.489285714285709,1250.05,1
09/06/2010,1250.05,1248.6,1251.45,1247.05,0.24,1238.3142857142855,1210.2716,69.5415695415694,12.019570763821093,10.52670046524241,12.34999999999999,1255.4,1
09/07/2010,1255.4,1248.55,1260.3,1244.5,0.43,1240.1607142857142,1210.5606,69.86933128362796,12.388472400985393,10.899054852391007,12.410714285714286,1255.2,0
09/08/2010,1255.2,1254.55,1262.75,1253.5,-0.02,1241.810714285714,1210.8175999999999,68.4210526315789,12.520364311572848,11.223316744227375,12.367857142857133,1244.1,0
09/09/2010,1244.1,1253.45,1259.3,1242.7,-0.88,1242.957142857143,1211.7066,61.505376344085875,11.595546129707827,11.297762621323466,12.782142857142844,1246.45,1
09/10/2010,1246.45,1244.3,1251.65,1237.05,0.19,1244.4607142857144,1212.4036,65.1547876169904,10.926294891725547,11.223469075403882,13.09642857142858,1245.45,0
09/13/2010,1245.45,1245.9,1249.7,1241.45,-0.08,1245.5821428571428,1213.1336000000001,61.8759455370649,10.197664492830881,11.018308158889283,11.871428571428575,1268.85,1
09/14/2010,1268.85,1245.0,1275.25,1244.5,1.88,1247.6357142857144,1214.6256,68.16171825647481,11.377254186086248,11.090097364328676,13.160714285714302,1268.05,0
09/15/2010,1268.05,1268.1,1272.35,1263.45,-0.06,1249.9214285714284,1215.9396000000002,71.08036890645559,12.10796116301185,11.293670124065311,13.071428571428571,1275.55,1
09/16/2010,1275.55,1268.1,1278.7,1265.65,0.59,1252.5892857142858,1217.4816,72.98461538461507,13.14076051914435,11.66308820308112,13.253571428571425,1274.9,0
09/17/2010,1274.9,1276.0,1284.25,1273.1,-0.05,1255.310714285714,1218.7395999999999,73.6645962732918,13.74832969538329,12.080136501541554,13.692857142857147,1278.35,1
09/20/2010,1278.35,1277.4,1285.2,1275.5,0.27,1257.5035714285714,1220.3696,70.99863201094368,14.342882985082042,12.532685798249654,13.132142857142851,1286.95,1
09/21/2010,1286.95,1279.15,1292.7,1271.85,0.67,1260.5464285714284,1221.8756,77.16836734693875,15.331289317637129,13.09240650212715,13.735714285714282,1291.35,1
09/22/2010,1291.35,1286.6,1296.6,1285.8,0.34,1263.4107142857142,1223.5326,76.41633728590242,16.281963346645625,13.730317871030845,13.771428571428569,1292.55,1
09/23/2010,1292.55,1292.4,1297.35,1288.25,0.09,1266.6571428571428,1225.2126,81.15147361206307,16.936970482232027,14.371648393271082,13.128571428571425,1296.95,1
09/24/2010,1296.95,1292.9,1300.95,1292.3,0.34,1270.007142857143,1227.2786,81.5188172043011,17.60813595333525,15.018945905283918,13.432142857142853,1295.0,0
09/27/2010,1295.0,1298.5,1301.0,1293.5,-0.15,1272.8357142857144,1229.5046,77.8873239436619,17.777759773107846,15.570708678848703,12.839285714285714,1309.1,1
09/28/2010,1309.1,1295.3,1311.1,1283.6,1.09,1276.685714285714,1231.8406,81.74322732626617,18.832846700016717,16.223136283082304,14.142857142857142,1309.9,1
09/29/2010,1309.9,1309.0,1314.2,1306.15,0.06,1281.3857142857144,1234.3186,94.10187667560339,19.508680084916477,16.88024504344914,13.53214285714286,1309.5,0
09/30/2010,1309.5,1310.35,1316.8,1296.9,-0.03,1285.8892857142857,1236.6096,93.39298004129392,19.78394920317237,17.460985875393785,13.910714285714269,1318.8,1
10/01/2010,1318.8,1310.55,1322.3,1307.1,0.71,1291.1285714285714,1239.2036,95.3057442865967,20.516038122567352,18.0719963248285,14.407142857142844,1315.25,0
10/04/2010,1315.25,1318.4,1321.0,1313.25,-0.27,1294.4428571428573,1241.8586,87.9705400981998,20.572620174827534,18.572121094828308,12.764285714285702,1340.75,1
10/05/2010,1340.75,1314.0,1342.2,1312.25,1.94,1299.6357142857144,1245.4276,92.36596736596742,22.416693062782542,19.341035488419156,14.267857142857142,1349.4,1
10/06/2010,1349.4,1341.0,1350.8,1339.65,0.65,1304.9107142857142,1249.1446,92.46693502012657,24.296047113883787,20.33203781351208,14.132142857142851,1333.7,0
10/07/2010,1333.7,1349.65,1365.6,1326.55,-1.16,1309.1107142857143,1252.48,78.82352941176461,24.23917581928913,21.11346541466749,16.124999999999982,1346.8,1
10/08/2010,1346.8,1332.9,1350.2,1325.35,0.98,1314.0,1255.798,80.65382892969093,24.96340285834708,21.883452903403413,17.16428571428571,1353.95,1
10/11/2010,1353.95,1346.4,1356.15,1340.85,0.53,1318.7857142857142,1259.24,80.39927404718685,25.816704352100487,22.67010319314283,16.767857142857142,1350.6,0
10/12/2010,1350.6,1354.5,1356.3,1341.45,-0.25,1323.017857142857,1262.538,77.14154832798887,25.923801484219666,23.320842851358197,17.057142857142853,1372.1,1
10/13/2010,1372.1,1350.65,1375.15,1349.4,1.59,1328.7,1266.065,80.7261490923135,27.427381271672402,24.142150535421038,18.246428571428574,1381.3,1
10/14/2010,1381.3,1372.7,1388.1,1371.25,0.67,1334.725,1269.789,81.41527001862184,29.026740008033812,25.119068429943596,18.83214285714285,1369.15,0
10/15/2010,1369.15,1380.85,1386.25,1363.2,-0.88,1340.0214285714285,1273.066,75.66632052613359,28.97977901791205,25.89121054753729,19.94285714285713,1369.8,1
10/18/2010,1369.8,1371.0,1375.3,1353.05,0.05,1344.357142857143,1276.434,73.16793893129768,28.664584179293342,26.4458852738885,19.56785714285713,1335.45,0
10/19/2010,1335.45,1369.4,1372.05,1329.3,-2.51,1346.1821428571427,1279.066,57.76359769067152,25.350803788018993,26.2268689767146,22.04642857142856,1346.35,1
10/20/2010,1346.35,1334.8,1348.2,1330.8,0.82,1348.8142857142855,1282.038,60.52556412453584,23.335154720347646,25.64852612544121,21.86785714285715,1325.5,0
10/21/2010,1325.5,1346.1,1350.05,1318.74,-1.55,1349.292857142857,1284.2839999999999,51.795284030010734,19.826766935473188,24.48417428744761,23.018571428571427,1328.2,1
10/22/2010,1328.2,1326.05,1329.35,1316.09,0.2,1350.2178571428572,1286.537,53.48586810228804,17.067468620423824,23.000833154042855,23.412142857142857,1340.45,1
10/25/2010,1340.45,1331.89,1350.2,1331.8,0.92,1350.1964285714287,1288.8490000000002,49.91304347826088,15.688332121505482,21.53833294753538,22.84428571428571,1339.9,0
10/26/2010,1339.9,1339.45,1343.9,1328.41,-0.04,1349.517857142857,1291.1490000000001,47.110705596107046,14.385153016979984,20.107696961424303,23.15428571428572,1325.3,0
10/27/2010,1325.3,1339.65,1344.0,1319.24,-1.09,1348.9178571428572,1293.0639999999999,47.42804654011019,12.035538014665008,18.493265172072444,22.133571428571436,1344.35,1
10/28/2010,1344.35,1325.59,1346.5,1323.55,1.44,1348.742857142857,1295.309,49.2762186115214,11.577172551146077,17.110046647887174,21.997857142857146,1359.55,1
10/29/2010,1359.55,1344.09,1359.95,1335.56,1.13,1349.142857142857,1297.9389999999999,51.579244218838106,12.298656332706287,16.147768584850997,22.647142857142853,1351.75,0
11/01/2010,1351.75,1361.19,1366.49,1349.8,-0.57,1349.225,1300.4660000000001,50.31636863823937,12.10154355378404,15.338523578637608,22.778571428571436,1357.5,1
11/02/2010,1357.5,1351.25,1359.95,1350.7,0.43,1348.1821428571427,1303.021,45.60240963855423,12.267890595325753,14.724396981975238,21.600000000000005,1348.65,0
11/03/2010,1348.65,1357.96,1365.25,1324.64,-0.65,1345.8500000000001,1305.192,40.14488379112587,11.552431547014294,14.090003894983049,23.297142857142862,1392.75,1
11/04/2010,1392.75,1348.09,1393.66,1346.75,3.27,1347.5357142857142,1308.326,55.97165991902833,14.37818378498082,14.147639872982603,25.001428571428587,1393.9,1
11/05/2010,1393.9,1392.69,1398.35,1374.15,0.08,1349.257142857143,1311.44,56.082786471479096,16.51997617900065,14.622107134186214,25.14071428571429,1409.45,1
11/08/2010,1409.45,1394.9,1410.7,1387.14,1.12,1354.542857142857,1314.8929999999998,70.63580591187956,19.250212656605754,15.547728238670123,23.77,1390.95,0
11/09/2010,1390.95,1410.41,1425.36,1383.74,-1.31,1357.7285714285715,1317.759,61.931514178705235,19.694127701377965,16.377008131211692,25.499999999999982,1403.75,1
11/10/2010,1403.75,1392.7,1410.8,1384.25,0.92,1363.3178571428573,1320.9470000000001,71.87587363712609,20.83857250624078,17.26932100621751,25.159999999999986,1409.35,1
11/11/2010,1409.35,1403.3,1418.25,1396.95,0.4,1369.1142857142859,1324.109,72.32462173314993,21.94446433334133,18.204349671642277,25.734285714285697,1368.95,0
11/12/2010,1368.95,1409.9,1410.61,1360.26,-2.87,1371.1499999999999,1326.546,56.7889471176751,19.338032410604228,18.43108621943467,27.75928571428569,1359.49,0
11/15/2010,1359.49,1366.95,1377.16,1355.59,-0.69,1372.5492857142856,1328.7348000000002,54.476486449431,16.320935805489853,18.009056136645707,28.193571428571413,1340.85,0
11/16/2010,1340.85,1360.4,1364.85,1329.85,-1.37,1373.6599999999999,1330.4438,53.48889387480368,12.28416854159127,16.86407861763482,28.924999999999986,1337.25,0
11/17/2010,1337.25,1340.0,1345.2,1331.3,-0.27,1373.152857142857,1332.0848,48.288331726133094,8.694289134929022,15.230120721093662,28.278571428571418,1353.85,1
11/18/2010,1353.85,1336.0,1359.55,1335.59,1.24,1372.7457142857145,1334.2798,48.63505747126436,7.106841860365421,13.605464948948015,28.24785714285713,1353.5,0
11/19/2010,1353.5,1350.49,1363.29,1341.9,-0.03,1372.8707142857145,1336.4207999999999,50.43456667494413,5.754205484449358,12.035213056048285,28.5835714285714,1366.35,1
11/22/2010,1366.35,1354.7,1368.11,1348.55,0.95,1373.5028571428572,1338.8388,52.12281122571358,5.65394387386641,10.758959219611912,29.31999999999997,1377.2,1
11/23/2010,1377.2,1366.4,1382.4,1356.35,0.79,1375.5421428571428,1341.0058,56.78308386790211,6.3764859866701045,9.882464573023551,28.27999999999999,1374.9,0
11/24/2010,1374.9,1377.0,1381.7,1369.6,-0.17,1374.267142857143,1343.1428000000003,44.707975096353415,6.686437944147201,9.243259247248282,25.793571428571422,1374.62,0
11/25/2010,1374.62,1373.55,1375.4,1368.25,-0.02,1372.8899999999999,1345.1242000000002,44.25438073667892,6.830742891525006,8.760755976103628,24.575714285714298,1364.42,0
11/26/2010,1364.42,1374.49,1375.16,1350.64,-0.74,1369.6735714285714,1346.9145999999998,36.13864433909989,6.0522838857209535,8.219061558027093,24.64428571428573,1368.37,1
11/29/2010,1368.37,1364.3,1371.13,1354.97,0.29,1368.0607142857145,1348.715,42.365431430889835,5.688507925210843,7.712950831463843,22.825714285714316,1384.85,1
11/30/2010,1384.85,1368.4,1390.15,1363.04,1.2,1366.7107142857144,1350.6730000000002,43.764845605700664,6.653315843042492,7.5010238337795725,22.865714285714326,1387.1,1
12/01/2010,1387.1,1385.7,1397.11,1382.15,0.16,1365.1214285714284,1352.588,42.49375885567773,7.512885398687786,7.503396146761216,22.412857142857174,1384.65,0
12/02/2010,1384.65,1387.69,1398.6,1382.95,-0.18,1366.2428571428572,1354.43,57.11953564302563,7.905278806687193,7.583772678746412,19.934285714285743,1415.05,1
12/03/2010,1415.05,1385.36,1415.91,1383.55,2.2,1370.2114285714285,1356.7920000000001,71.17378048780496,10.547692117151882,8.176556566427507,20.705000000000023,1423.55,1
12/06/2010,1423.55,1415.56,1427.51,1409.15,0.6,1376.1185714285714,1359.3629999999998,84.15661655377521,13.17582001432902,9.17640925600781,19.516428571428587,1401.89,0
12/07/2010,1401.89,1423.45,1431.45,1396.49,-1.52,1380.7357142857145,1361.2188,73.23174238067872,13.356879534745985,10.012503311755445,21.0207142857143,1382.1,0
12/08/2010,1382.1,1401.19,1404.42,1371.85,-1.41,1382.7535714285714,1362.6628,59.92551472138293,11.767830674277775,10.363568784259911,21.635714285714307,1387.64,1
12/09/2010,1387.64,1382.05,1394.54,1379.68,0.4,1385.1921428571427,1364.2256,61.57288135593225,10.830680362808152,10.45699109996956,21.16928571428574,1386.05,0
12/10/2010,1386.05,1387.8,1392.55,1372.3,-0.11,1386.5992857142858,1365.5706,57.22988843217853,9.846181624616065,10.334829204898863,21.218571428571458,1393.76,1
12/13/2010,1393.76,1383.76,1399.44,1380.55,0.56,1387.7821428571428,1367.1408,56.22088655146504,9.577686241421588,10.183400612203409,20.70714285714288,1396.25,1
12/14/2010,1396.25,1393.4,1408.1,1392.05,0.18,1389.3071428571427,1368.2507999999998,58.008852877185056,9.456811667791726,10.038082823321073,20.989285714285725,1379.8,0
12/15/2010,1379.8,1396.05,1397.4,1377.39,-1.18,1389.6771428571428,1368.8588,51.73290512511711,7.942088720727952,9.61888400280245,21.907857142857146,1369.7,0
12/16/2010,1369.7,1380.8,1386.75,1361.75,-0.73,1390.054285714286,1369.5788,51.76754151044456,5.8591338337607795,8.866933968994116,21.942142857142862,1375.41,1
12/17/2010,1375.41,1371.51,1379.36,1365.05,0.42,1390.5571428571427,1370.151,52.329274748544265,4.61591694130766,8.016730563456825,21.809999999999995,1384.65,1
12/20/2010,1384.65,1376.8,1388.45,1376.24,0.67,1390.542857142857,1370.765,49.93049763691972,4.326377587490697,7.2786599682636,20.804999999999982,1385.74,1
12/21/2010,1385.74,1385.26,1392.39,1381.16,0.08,1390.4457142857143,1371.4678,49.523542600896896,4.137178634072825,6.650363701425446,20.538571428571426,1385.0,0
12/22/2010,1385.0,1385.75,1391.2,1382.04,-0.05,1390.4707142857144,1371.7258,50.12410467342738,3.8827671619183093,6.0968443935240195,20.075000000000014,1380.35,0
12/23/2010,1380.35,1385.05,1388.96,1372.61,-0.34,1387.9921428571429,1371.7068000000002,34.947076175603016,3.2682537046812286,5.531126255755462,18.931428571428587,1384.75,1
12/24/2010,1384.75,1380.55,1386.14,1378.82,0.32,1385.2207142857144,1372.0188,32.54767902123076,3.1005493868494796,5.045010881974266,18.142857142857174,1384.1,0
12/27/2010,1384.1,1384.75,1386.7,1372.75,-0.05,1383.95,1372.3048,40.1331114808652,2.881971367045935,4.6124029789886,16.64214285714289,1406.39,1
12/28/2010,1406.39,1383.95,1407.15,1382.45,1.61,1385.685,1373.7235999999998,63.108472746896915,4.455997461307561,4.581121875452393,16.080000000000023,1410.95,1
12/29/2010,1410.95,1405.96,1414.35,1400.75,0.32,1387.3500000000001,1375.0156000000002,62.714083124249925,6.002188874631656,4.8653352752882455,15.990000000000025,1404.45,0
12/30/2010,1404.45,1411.35,1414.95,1402.55,-0.46,1388.6642857142858,1376.5946000000001,59.52578173534894,6.626672872254403,5.217602794681477,15.429285714285745,1421.45,1
12/31/2010,1421.45,1406.15,1423.15,1405.25,1.21,1390.6421428571427,1378.4596,63.07735902521959,8.396548678115323,5.8533919713682465,15.415714285714314,1414.3,0
01/03/2011,1414.3,1421.3,1424.07,1412.24,-0.5,1391.9314285714286,1379.9366,58.1652040170089,9.117145976973688,6.506142772489335,15.11428571428574,1380.6,0
01/04/2011,1380.6,1414.38,1417.59,1372.38,-2.38,1391.9885714285715,1380.7506,50.31303803412113,6.889498322495683,6.582813882490606,16.91428571428573,1377.48,0
01/05/2011,1377.48,1380.94,1385.73,1364.48,-0.23,1392.5442857142857,1381.7942,53.22019867549667,4.816788640810728,6.2296088341546305,16.646428571428583,1371.4,0
01/06/2011,1371.4,1377.95,1380.2,1364.95,-0.44,1392.2578571428571,1382.3352,48.34529999174715,2.6529643757776284,5.51427994247923,16.713571428571445,1369.6,0
01/07/2011,1369.6,1372.1,1379.74,1353.3,-0.13,1391.1828571428573,1382.5362000000002,43.38345203552268,0.7838375085775624,4.568191455698896,17.670714285714308,1375.05,1
01/10/2011,1375.05,1369.3,1376.5,1365.64,0.4,1390.4192857142857,1383.0022,45.47379117622153,-0.25475291454040416,3.603602581651036,17.64428571428573,1382.45,1
01/11/2011,1382.45,1374.9,1386.96,1372.9,0.54,1390.2371428571428,1383.5012000000002,48.97795591182368,-0.47524680257242835,2.7878327048063434,17.99428571428572,1386.5,1
01/12/2011,1386.5,1381.0,1389.4,1376.65,0.29,1390.6764285714287,1384.2582,52.47684252919858,-0.3195055831949958,2.1663650472060754,17.737142857142853,1374.36,0
01/13/2011,1374.36,1388.16,1393.61,1370.17,-0.88,1389.9342857142858,1383.8904,46.06111153233753,-1.1622780684897407,1.5006364240669123,18.8885714285714,1361.85,0
01/14/2011,1361.85,1373.35,1378.35,1355.49,-0.91,1388.3449999999998,1383.2494,42.26086956521741,-2.807273285532574,0.6390544821470151,19.52499999999996,1362.78,1
01/17/2011,1362.78,1359.53,1366.22,1357.47,0.07,1385.23,1382.316,32.184001960944514,-3.9899074494776414,-0.2867379041779162,18.385714285714243,1367.76,1
01/18/2011,1367.76,1361.45,1376.61,1360.01,0.37,1382.145,1381.8522,32.41592704177188,-4.473738689611309,-1.124138061264595,18.59999999999996,1370.2,1
01/19/2011,1370.2,1368.1,1379.16,1365.7,0.18,1379.6985714285715,1381.1812,35.57894736842111,-4.607182097812029,-1.8207468685740817,18.67571428571424,1345.85,0
01/20/2011,1345.85,1370.35,1371.55,1343.0,-1.78,1374.2985714285714,1379.9112,20.023790642347436,-6.601678419361406,-2.7769331787315465,19.37928571428566,1342.51,0
01/21/2011,1342.51,1345.91,1350.7,1337.95,-0.25,1369.1707142857142,1379.3824000000002,20.64764085370851,-8.355523931465768,-3.892651329278391,19.444999999999954,1334.7,0
01/24/2011,1334.7,1343.25,1353.4,1333.85,-0.58,1365.8921428571427,1378.8866,26.192946058091437,-10.257419715234391,-5.165605006469592,17.612142857142835,1333.75,0
01/25/2011,1333.75,1334.49,1338.75,1323.05,-0.07,1362.7685714285712,1378.7446,26.79613711132346,-11.706398808326867,-6.4737637668410475,17.215714285714267,1345.89,1
01/26/2011,1345.89,1333.11,1346.76,1325.06,0.91,1360.9464285714287,1378.9173999999998,37.28188254063225,-11.739799535868542,-7.526970920646546,17.676428571428556,1311.49,0
01/27/2011,1311.49,1346.74,1341.64,1309.09,-2.56,1356.7957142857142,1378.0702,28.136052374144143,-14.376340851909845,-8.896844906899206,18.416428571428565,1335.35,1
01/28/2011,1335.35,1312.95,1347.21,1308.56,1.82,1353.9600000000003,1377.7072,36.88037012557834,-14.374812357618566,-9.992438397043077,20.40142857142858,1332.19,0
01/31/2011,1332.19,1336.93,1346.18,1323.29,-0.24,1350.3700000000001,1377.024,32.91173670610637,-14.461879065992889,-10.88632653083304,21.032142857142876,1340.6,1
02/01/2011,1340.6,1332.15,1343.6,1325.65,0.63,1347.0914285714284,1376.2920000000001,34.84348170651167,-13.694402794023972,-11.447941783471228,21.403571428571436,1336.8,0
02/02/2011,1336.8,1340.89,1343.79,1326.8,-0.28,1344.4085714285713,1375.5299999999997,36.87447581772436,-13.240176053375762,-11.806388637452134,20.94285714285716,1353.2,1
02/03/2011,1353.2,1336.35,1356.15,1325.14,1.23,1343.7907142857143,1375.1016,47.057222562427754,-11.425153096419308,-11.73014152924557,21.525000000000027,1349.25,0
02/04/2011,1349.25,1353.8,1358.43,1345.3,-0.29,1342.8242857142857,1374.7982000000002,45.48969931328756,-10.188025103402879,-11.421718244077033,21.837857142857178,1349.1,0
02/07/2011,1349.1,1348.15,1353.4,1343.13,-0.01,1341.4914285714287,1374.4128,43.57260953430694,-9.114628241599348,-10.960300243581496,21.385714285714325,1364.0,1
02/08/2011,1364.0,1350.65,1368.18,1348.45,1.1,1341.0485714285714,1373.9958,48.03324451211774,-6.981173398401552,-10.164474874545508,21.833571428571467,1362.95,0
02/09/2011,1362.95,1364.14,1367.4,1358.36,-0.08,1342.27,1373.5128,56.3653960690888,-5.3138663457716575,-9.194353168790737,20.440000000000055,1362.01,0
02/10/2011,1362.01,1363.41,1366.57,1350.78,-0.07,1343.662857142857,1373.06,57.39084293511219,-4.022000519970561,-8.159882639026701,20.657142857142908,1356.1,0
02/11/2011,1356.1,1363.51,1368.51,1353.99,-0.43,1345.1914285714286,1371.8809999999999,58.22950315336096,-3.435473157647948,-7.215000742750951,20.29785714285718,1362.31,1
02/14/2011,1362.31,1359.36,1367.15,1354.45,0.46,1347.2314285714288,1370.6562000000004,60.555884092253066,-2.4414078662825887,-6.260282167457279,20.083571428571467,1373.4,1
02/15/2011,1373.4,1362.02,1376.85,1360.85,0.81,1349.1964285714287,1370.0864000000001,60.24733666095506,-0.7500871067650223,-5.158243155318828,19.676428571428605,1375.11,1
02/16/2011,1375.11,1373.45,1382.29,1368.45,0.12,1353.7407142857141,1369.9466,81.32755564309628,0.7199800080338719,-3.982598522648288,18.036428571428587,1383.67,1
02/17/2011,1383.67,1374.53,1385.28,1374.43,0.62,1357.1921428571427,1369.8672,78.01484230055661,2.5463860950355865,-2.6768015991115135,16.05071428571429,1387.3,1
02/18/2011,1387.3,1383.74,1392.15,1382.0,0.26,1361.1285714285714,1369.8922,81.7783415984314,4.237885039609182,-1.2938642713673745,15.140714285714287,1406.45,1
02/21/2011,1406.45,1388.45,1408.7,1388.45,1.38,1365.832142857143,1370.146,83.78655720882493,7.042473841886249,0.37340335128335034,15.387142857142878,1398.15,0
02/22/2011,1398.15,1406.56,1411.26,1393.14,-0.59,1370.2142857142858,1370.184,80.08827856792537,8.497436876811435,1.9982100563889673,15.467857142857156,1410.45,1
02/23/2011,1410.45,1399.66,1416.8,1395.7,0.88,1374.3035714285713,1370.797,79.25396014307603,10.521724874238998,3.7029130199589737,14.760000000000007,1400.25,0
02/24/2011,1400.25,1411.97,1418.42,1392.0,-0.72,1377.9464285714287,1371.4080000000001,74.4956772334293,11.174124588756513,5.197155333718482,15.709285714285718,1409.25,1
02/25/2011,1409.25,1402.06,1412.14,1399.54,0.64,1382.242857142857,1372.0848,76.62682602921645,12.275872233022483,6.612898713579282,15.8757142857143,1411.65,1
02/28/2011,1411.65,1408.9,1416.6,1404.6,0.17,1385.6464285714285,1372.6248,73.71826779492282,13.190621843395775,7.928443339542581,15.323571428571443,1433.85,1
03/01/2011,1433.85,1410.94,1435.0,1409.35,1.57,1390.7107142857144,1373.5870000000002,79.1529605263157,15.527925705159532,9.44833981266597,16.51000000000001,1434.95,1
03/02/2011,1434.95,1434.15,1440.5,1427.9,0.08,1395.9207142857142,1374.586,79.95236530880418,17.269939548932598,11.012659759919297,16.282142857142862,1416.4,0
03/03/2011,1416.4,1435.15,1436.55,1410.36,-1.29,1400.2278571428574,1375.3069999999998,72.43303571428577,16.958184702328026,12.201764748401043,17.115714285714294,1429.3,1
03/04/2011,1429.3,1416.09,1432.36,1413.41,0.91,1405.0128571428572,1376.1979999999999,73.74016585158411,17.549736492568854,13.271359097234606,17.56214285714285,1433.17,1
03/07/2011,1433.17,1428.28,1445.03,1428.28,0.27,1409.2821428571426,1377.1794,72.32389631732278,18.12192394654585,14.241472067096856,17.61571428571428,1428.89,0
03/08/2011,1428.89,1431.2,1437.16,1423.7,-0.3,1413.1235714285717,1377.6294,69.70829668718858,18.022276807108483,14.997633015099183,17.58857142857143,1429.5,1
03/09/2011,1429.5,1428.59,1436.55,1423.31,0.04,1416.3971428571429,1378.0004,67.83407269048175,17.787484583251626,15.555603328729672,17.75928571428572,1413.45,0
03/10/2011,1413.45,1429.45,1431.75,1403.12,-1.12,1418.2649999999999,1378.1803999999997,59.27897239372654,16.120482304352436,15.668579123854226,19.079285714285724,1417.4,1
03/11/2011,1417.4,1412.9,1424.55,1404.7,0.28,1419.047142857143,1378.0994,54.35526211120837,14.945816902886008,15.524026679660583,18.968571428571426,1428.65,1
03/14/2011,1428.65,1422.09,1433.89,1419.79,0.79,1421.2257142857145,1378.3863999999999,61.85294574848439,14.752608204838225,15.369742984696112,18.852142857142862,1395.95,0
03/15/2011,1395.95,1429.49,1429.49,1382.9,-2.29,1420.19,1378.6933999999999,45.13618677042801,11.824565968990555,14.660707581555002,20.672857142857147,1401.3,1
03/16/2011,1401.3,1396.8,1408.35,1393.85,0.38,1420.265,1379.1698,50.364052423548976,9.822543522454907,13.693074769734984,19.821428571428573,1404.4,1
03/17/2011,1404.4,1401.99,1406.95,1388.25,0.22,1419.9185714285716,1379.8298000000002,48.246692213144414,8.389363046992912,12.63233242518657,20.25714285714285,1419.55,1
03/18/2011,1419.55,1405.39,1425.7,1403.4,1.08,1420.482857142857,1380.8287999999998,52.61485502449354,8.379442582776164,11.78175445670449,20.992857142857133,1427.05,1
03/21/2011,1427.05,1426.46,1436.7,1425.19,0.53,1419.997142857143,1381.8688,47.50660017600471,8.87446851442678,11.20029726824895,20.385714285714275,1428.55,1
03/22/2011,1428.55,1427.95,1428.74,1424.86,0.11,1419.5400000000002,1382.7907999999998,47.660134542263776,9.280833919401857,10.816404598479531,19.762857142857147,1438.2,1
03/23/2011,1438.2,1429.49,1442.9,1427.61,0.68,1421.097142857143,1383.8247999999999,58.52494916314718,10.263247454132625,10.70577316961015,18.98428571428573,1431.1,0
03/24/2011,1431.1,1439.29,1449.4,1425.2,-0.49,1421.2257142857143,1384.9596,50.7373422906767,10.349602816623928,10.634539099012907,19.359285714285743,1429.65,0
03/25/2011,1429.65,1432.8,1438.7,1422.79,-0.1,1420.974285714286,1386.3156,48.52892009361418,10.183646444597116,10.544360568129749,19.29928571428575,1420.65,0
03/28/2011,1420.65,1427.85,1430.04,1411.95,-0.63,1420.3857142857141,1387.4730000000002,46.68703763267931,9.219621977116276,10.279412849927056,19.630000000000027,1418.8,0
03/29/2011,1418.8,1422.2,1425.1,1412.85,-0.13,1419.6214285714284,1388.4937999999997,45.7404458598726,8.211686887470478,9.865867657435741,19.559285714285743,1423.88,1
03/30/2011,1423.88,1418.52,1430.5,1412.25,0.36,1420.3664285714287,1389.5674,54.549419872633706,7.733655841309883,9.43942529421057,18.81785714285716,1432.0,1
03/31/2011,1432.0,1424.85,1441.3,1422.25,0.57,1421.4092857142857,1391.2904,56.1447811447811,7.91874655054221,9.135289545476898,18.760714285714307,1428.38,0
04/01/2011,1428.38,1432.59,1436.55,1413.05,-0.25,1421.3899999999999,1393.0078,49.87856436088874,7.684743584264879,8.845180353234493,19.261428571428592,1436.94,1
04/04/2011,1436.94,1428.74,1438.94,1427.79,0.6,1424.3178571428573,1395.0526,73.54935079857522,8.0966815043123,8.695480583450056,16.730000000000036,1451.1,1
04/05/2011,1451.1,1437.05,1457.35,1430.1,0.99,1427.875,1397.3996,75.98080133555926,9.456727663844504,8.847729999528946,17.64071428571432,1457.5,1
04/06/2011,1457.5,1456.7,1462.41,1451.6,0.44,1431.6678571428572,1399.6317999999999,76.78031067177727,10.925063228562294,9.263196645335615,17.112857142857187,1458.5,1
04/07/2011,1458.5,1460.7,1466.8,1454.09,0.07,1434.4500000000003,1402.572,72.91446052476765,12.030738520252498,9.816705020318992,16.427857142857192,1475.1,1
04/08/2011,1475.1,1460.39,1476.85,1458.25,1.14,1437.8821428571428,1405.3670000000002,75.53406313104475,14.084122426616432,10.67018850157848,16.53142857142861,1463.4,0
04/11/2011,1463.4,1473.55,1476.61,1459.2,-0.79,1440.3714285714286,1407.9912,66.70821747051502,14.59906283842156,11.455963368947096,17.49785714285716,1453.6,0
04/12/2011,1453.6,1462.15,1467.5,1443.89,-0.67,1441.4714285714285,1410.2512,57.37265415549592,14.054368712759924,11.975644437709661,18.092142857142854,1457.75,1
04/13/2011,1457.75,1452.49,1462.3,1450.96,0.29,1443.375,1412.6702000000002,63.12937235195593,13.798504440941997,12.34021643835613,17.173571428571417,1474.9,1
04/14/2011,1474.9,1459.15,1477.3,1454.8,1.18,1446.607142857143,1415.1041999999998,69.3062547998976,14.808884234350217,12.833949997554948,17.644285714285697,1486.5,1
04/15/2011,1486.5,1476.79,1489.9,1473.2,0.79,1451.3107142857145,1417.8491999999999,77.48559979964935,16.357086246458266,13.538577247335612,17.54499999999999,1495.51,1
04/18/2011,1495.51,1486.43,1497.64,1477.59,0.61,1456.7900000000002,1420.7774000000002,80.21268215833011,18.102405928349754,14.45134298353844,18.102142857142862,1495.1,0
04/19/2011,1495.1,1497.29,1501.31,1489.3,-0.03,1461.8771428571429,1423.3994,79.12168792934247,19.230819856574044,15.407238358145563,17.656428571428574,1502.35,1
04/20/2011,1502.35,1497.3,1507.7,1495.16,0.48,1466.902142857143,1426.1874000000003,78.97207808253026,20.474097779181875,16.420610242352826,17.195714285714303,1504.35,1
04/21/2011,1504.35,1503.49,1510.75,1502.35,0.13,1472.3285714285714,1429.0341999999998,81.70965856916263,21.374397031604758,17.411367600203214,16.11714285714288,1508.13,1
04/22/2011,1508.13,1507.35,1512.95,1502.15,0.25,1477.4135714285715,1432.0748,80.94948265368225,22.137715283142825,18.356637136791136,16.09214285714287,1507.25,0
04/25/2011,1507.25,1511.45,1520.1,1503.7,-0.06,1481.4242857142856,1434.9735999999998,77.59756217438309,22.413275562460512,19.16796482192501,15.31714285714286,1507.05,0
04/26/2011,1507.05,1505.94,1507.91,1493.0,-0.01,1484.9635714285712,1437.6466,75.93426148853749,22.3577940085072,19.80593065924145,15.574285714285711,1526.9,1
04/27/2011,1526.9,1506.59,1530.4,1503.3,1.32,1489.8492857142858,1440.6824,79.90033222591352,23.643011662720255,20.57334685993721,16.602142857142862,1535.45,1
04/28/2011,1535.45,1527.51,1538.85,1524.25,0.56,1494.16,1443.718,78.37863255901429,25.062563822998754,21.47119025254952,16.316428571428577,1565.6,1
04/29/2011,1565.6,1536.95,1571.3,1533.0,1.96,1501.4599999999998,1447.2839999999999,90.95207565314925,28.294263506145853,22.835804903268787,17.80857142857144,1545.0,0
05/02/2011,1545.0,1567.79,1576.29,1540.89,-1.32,1507.9885714285715,1450.055,83.70703643605245,28.86047535469538,24.040738993554108,18.650714285714294,1536.83,0
05/03/2011,1536.83,1545.34,1551.8,1527.96,-0.53,1513.6371428571426,1452.8286,78.32378223495692,28.32345642857672,24.89728248055863,19.543571428571436,1515.95,0
05/04/2011,1515.95,1537.1,1543.46,1506.5,-1.36,1516.5692857142856,1454.9386,64.3201004674527,25.91429964681879,25.100685913810665,20.576428571428583,1473.65,0
05/05/2011,1473.65,1516.79,1523.69,1464.4,-2.79,1515.6514285714286,1456.4066,46.30810779750621,20.357105021261532,24.151969735300842,23.618571428571435,1495.25,1
05/06/2011,1495.25,1474.65,1498.59,1471.05,1.47,1515.6328571428571,1458.1266,49.93033972778909,17.49426473034032,22.82042873430874,24.153571428571418,1513.05,1
05/09/2011,1513.05,1493.26,1514.31,1489.99,1.19,1516.9150000000002,1460.1545999999998,54.39929415224746,16.47187687015594,21.550718361478182,25.03285714285713,1515.72,1
05/10/2011,1515.72,1513.03,1519.65,1506.17,0.18,1517.8700000000001,1461.792,53.35205335205339,15.696138496847425,20.379802388552033,25.095714285714262,1500.25,0
05/11/2011,1500.25,1513.25,1526.8,1496.15,-1.02,1517.577142857143,1463.098,49.037106622827636,13.675418819789911,19.038925674799607,26.684999999999963,1502.85,1
05/12/2011,1502.85,1500.25,1508.3,1479.3,0.17,1517.2,1464.8270000000002,48.75307009257505,12.143796066314053,17.659899753102497,27.984999999999964,1494.55,0
05/13/2011,1494.55,1506.41,1516.93,1483.03,-0.55,1516.292857142857,1466.132,47.10230902619329,10.14330762907457,16.156581328296912,29.23499999999998,1489.7,0
05/16/2011,1489.7,1493.75,1504.9,1487.89,-0.32,1515.0535714285713,1467.2626,46.123598015997146,8.07348554714531,14.539962172066593,29.384999999999973,1486.85,0
05/17/2011,1486.85,1491.2,1499.6,1473.5,-0.19,1512.1928571428573,1468.4218000000003,40.31626287538075,6.132474109198938,12.858464559493063,29.313571428571386,1497.0,1
05/18/2011,1497.0,1486.3,1501.6,1486.3,0.68,1509.4464285714287,1469.7718000000002,40.774509333461275,5.3515395169711155,11.357079550988674,29.36357142857139,1493.6,0
05/19/2011,1493.6,1498.3,1501.51,1488.4,-0.23,1504.3035714285713,1471.3748,30.1805769654261,4.407484898935309,9.967160620578001,27.56428571428567,1513.55,1
05/20/2011,1513.55,1495.5,1517.55,1488.95,1.34,1502.0571428571427,1473.2978,41.311674678159,5.209066210742776,9.015541738610956,27.07857142857139,1517.2,1
05/23/2011,1517.2,1512.6,1518.01,1504.05,0.24,1500.6550000000002,1475.0688,44.43814812716045,6.068891270298309,8.426211644948427,26.37285714285711,1526.4,1
05/24/2011,1526.4,1518.7,1529.45,1515.0,0.61,1501.4014285714288,1477.6778000000004,53.170702105710305,7.407285362311541,8.22242638842105,24.76499999999997,1525.95,0
05/25/2011,1525.95,1527.69,1534.1,1523.06,-0.03,1505.1371428571426,1480.1708,71.27053847405232,8.335573777851323,8.245055866307105,21.3185714285714,1519.05,0
05/26/2011,1519.05,1524.26,1531.7,1515.39,-0.45,1506.837142857143,1482.4638,60.99408721359934,8.417445627315601,8.279533818508805,20.51642857142854,1536.65,1
05/27/2011,1536.65,1523.59,1540.1,1520.0,1.16,1508.5228571428572,1484.8058,60.92188078489448,9.789653536413425,8.58155776208973,20.282857142857114,1538.45,1
05/30/2011,1538.45,1537.24,1540.0,1534.39,0.12,1510.1464285714285,1487.0338000000002,60.604646822804845,10.896771943411522,9.044600598354089,19.720714285714248,1535.35,0
05/31/2011,1535.35,1539.95,1542.5,1534.26,-0.2,1512.6535714285712,1489.1698000000001,68.51265822784792,11.392699220194118,9.514220322722094,18.119999999999973,1540.7,1
06/01/2011,1540.7,1535.15,1550.64,1529.55,0.35,1515.357142857143,1491.2198,69.40030753459754,12.078195528554716,10.02701536388862,17.554999999999982,1533.9,0
06/02/2011,1533.9,1542.49,1546.16,1521.6,-0.44,1518.1678571428572,1493.2758,70.48412285268078,11.935171889480216,10.40864666900694,16.887857142857133,1542.5,1
06/03/2011,1542.5,1535.74,1547.46,1525.89,0.56,1521.939285714286,1495.5328,76.452905811623,12.3731428629751,10.801545907800573,17.213571428571413,1544.0,1
06/06/2011,1544.0,1544.59,1555.3,1542.2,0.1,1526.0214285714285,1497.9997999999998,79.02488572879618,12.694936157160782,11.180223957672617,16.284999999999986,1544.25,1
06/07/2011,1544.25,1543.55,1550.5,1536.7,0.02,1529.3964285714285,1500.5088,76.679841897233,12.822324793264443,11.508644124790983,16.17785714285713,1537.55,0
06/08/2011,1537.55,1545.75,1548.09,1532.76,-0.43,1532.5357142857142,1502.7822,73.92487751769175,12.241534410801478,11.655222181993082,16.33642857142856,1544.35,1
06/09/2011,1544.35,1538.8,1551.3,1534.9,0.44,1534.7357142857143,1505.0292000000002,69.56797966963136,12.189444687666082,11.762066683127683,15.464999999999984,1531.9,0
06/10/2011,1531.9,1545.6,1546.99,1527.74,-0.81,1535.7857142857142,1507.0996,58.400000000000006,11.016560207287512,11.61296538795965,15.842857142857124,1515.23,0
06/13/2011,1515.23,1530.5,1533.06,1511.61,-1.09,1534.987857142857,1508.6653999999999,44.11919553543222,8.642288204628358,11.018829951293393,16.342857142857124,1524.1,1
06/14/2011,1524.1,1516.73,1527.8,1513.95,0.59,1534.8557142857146,1510.1254000000001,49.10532933552562,7.391194319871374,10.29330282500899,16.543571428571404,1530.7,1
06/15/2011,1530.7,1523.75,1534.25,1514.36,0.43,1535.687857142857,1511.5894,55.650402560869175,6.853258150106058,9.605293890028403,16.799285714285702,1528.85,0
06/16/2011,1528.85,1530.09,1532.8,1522.4,-0.12,1535.1307142857145,1512.9964000000002,45.534692008243546,6.206120032482204,8.925459118519164,16.03857142857141,1539.5,1
06/17/2011,1539.5,1528.85,1542.15,1522.5,0.7,1535.2057142857143,1514.2844,50.54579478116226,6.477950623717561,8.435957419558843,17.041428571428565,1540.45,1
06/20/2011,1540.45,1538.9,1546.4,1533.24,0.06,1535.5700000000002,1515.8254000000002,52.71161207996604,6.692883985811022,8.08734273280928,17.392857142857142,1546.2,1
06/21/2011,1546.2,1540.45,1548.4,1538.55,0.37,1535.962857142857,1517.6773999999998,52.9119017365523,7.243696346587285,7.918613455564881,16.59,1547.8,1
06/22/2011,1547.8,1548.45,1559.75,1543.1,0.1,1536.955714285714,1519.4784,57.7879874495741,7.720330574014724,7.87895687925485,16.024999999999995,1520.85,0
06/23/2011,1520.85,1549.29,1550.85,1514.7,-1.74,1535.4092857142857,1520.3974000000003,39.938656008922734,5.855923423720014,7.474350188147883,17.06642857142856,1502.15,0
06/24/2011,1502.15,1522.7,1527.41,1500.41,-1.23,1532.4199999999998,1520.7104000000002,33.23182947351553,2.836733509116357,6.546826852341578,18.05928571428571,1497.0,0
06/27/2011,1497.0,1500.5,1507.29,1492.3,-0.34,1529.0449999999998,1520.7402,31.783483691880647,0.02811766708646246,5.243085015290555,18.14428571428571,1501.0,1
06/28/2011,1501.0,1496.7,1506.56,1496.0,0.27,1526.4342857142858,1520.8582000000001,35.60910307898261,-1.8535969403967556,3.823748624153093,17.803571428571427,1512.05,1
06/29/2011,1512.05,1501.8,1513.19,1500.5,0.74,1524.127142857143,1521.0522,37.69430051813474,-2.4252696734345136,2.573944964635572,17.53857142857144,1500.1,0
06/30/2011,1500.1,1512.05,1514.21,1498.7,-0.79,1521.8557142857142,1520.9672,37.83845800826062,-3.7987993682825163,1.2993960980519543,17.271428571428583,1486.5,0
07/01/2011,1486.5,1502.84,1504.19,1480.01,-0.91,1519.8035714285713,1520.5346,38.74833555259654,-5.916535746089039,-0.14379027077624418,17.466428571428587,1495.95,1
07/04/2011,1495.95,1486.5,1497.06,1485.91,0.64,1517.7928571428572,1520.3086,39.02534113060436,-6.7544598512527045,-1.4659241868715365,17.27357142857144,1516.3,1
07/05/2011,1516.3,1496.05,1517.09,1493.0,1.36,1516.7642857142857,1520.4935999999998,44.92957746478871,-5.710617371238186,-2.3148628237448663,17.573571428571427,1529.5,1
07/06/2011,1529.5,1517.64,1535.45,1511.89,0.87,1516.810714285714,1520.5456,50.21193348549073,-3.7747223527512688,-2.606834729546147,18.51357142857143,1532.55,1
07/07/2011,1532.55,1530.1,1536.2,1524.81,0.2,1516.3142857142855,1520.4875999999997,47.61578044596911,-1.9716738641616303,-2.4798025564692443,17.92357142857143,1544.25,1
07/08/2011,1544.25,1533.85,1547.3,1526.2,0.76,1516.5857142857142,1520.0606,51.21405750798721,0.3967735142393849,-1.9044873423275186,18.49071428571428,1554.1,1
07/11/2011,1554.1,1544.05,1557.09,1541.9,0.64,1517.15,1520.2426,52.459526774595226,3.033628029918191,-0.9168642678783768,18.872142857142826,1567.2,1
07/12/2011,1567.2,1555.6,1574.96,1542.3,0.84,1518.5357142857142,1520.85,55.636257989540994,6.109982672915294,0.4885051202803573,20.015714285714257,1582.25,1
07/13/2011,1582.25,1566.95,1587.96,1564.35,0.96,1522.9214285714284,1522.1760000000002,69.16354556804,9.651172405486705,2.321038577321627,19.119999999999987,1587.25,1
07/14/2011,1587.25,1582.25,1594.66,1579.3,0.32,1529.0,1524.4479999999999,79.04436860068256,12.714484333791916,4.399727728615685,18.288571428571426,1594.1,1
07/15/2011,1594.1,1588.75,1595.65,1577.81,0.43,1535.9357142857145,1526.425,82.75978407557356,15.516059384928212,6.622994059878191,18.492142857142863,1605.4,1
07/18/2011,1605.4,1595.45,1609.01,1593.59,0.71,1543.3928571428569,1528.2720000000002,83.56913183279745,18.43562890493604,8.98552102888976,18.83928571428573,1588.35,0
07/19/2011,1588.35,1605.3,1610.01,1582.59,-1.06,1548.8428571428572,1529.7246000000002,73.62229102167177,19.152834324828746,11.018983688077558,19.891428571428587,1602.1,1
07/20/2011,1602.1,1589.85,1603.69,1583.0,0.87,1556.1285714285714,1531.7616,81.23086344151864,20.59334758172713,12.933856466807473,20.261428571428592,1589.9,0
07/21/2011,1589.9,1598.58,1606.16,1586.59,-0.76,1563.5142857142857,1533.5026,81.93329215565164,20.51405343734018,14.449895860914015,19.932142857142885,1599.25,1
07/22/2011,1599.25,1592.98,1609.01,1585.36,0.59,1570.892857142857,1535.5966,81.92212608158219,20.964018954559606,15.752720479643134,20.825000000000045,1614.55,1
07/25/2011,1614.55,1599.28,1622.99,1599.28,0.96,1577.9107142857142,1538.0936,81.33971291866028,22.29816266230091,17.06180891617469,20.80000000000005,1619.3,1
07/26/2011,1619.3,1614.55,1620.49,1608.29,0.29,1584.325,1540.7425999999998,80.27646662171273,23.468239212100343,18.343094975359822,19.988571428571486,1613.5,0
07/27/2011,1613.5,1618.49,1628.5,1608.96,-0.36,1590.107142857143,1543.0725999999997,76.79576299238664,23.65484346949802,19.405444674187464,20.570714285714335,1616.85,1
07/28/2011,1616.85,1613.5,1620.1,1603.4,0.21,1595.2928571428572,1545.5376,75.43798177995795,23.798708987749478,20.284097536899868,20.256428571428614,1626.64,1
07/29/2011,1626.64,1616.05,1632.8,1610.64,0.61,1600.4742857142858,1547.7994,75.42765002804268,24.421182439510858,21.111514517422066,20.75428571428576,1620.1,0
08/01/2011,1620.1,1628.14,1633.66,1609.69,-0.4,1604.2528571428572,1549.8573999999999,69.43709582598464,24.108861839728206,21.710983981883295,20.133571428571468,1659.75,1
08/02/2011,1659.75,1620.32,1661.05,1616.29,2.45,1609.7885714285715,1552.5243999999998,74.11625591237237,26.752384311810374,22.719264047868712,21.644285714285747,1661.2,1
08/03/2011,1661.2,1659.75,1673.15,1652.0,0.09,1615.0707142857143,1555.2294,73.53147075669824,28.634319190942733,23.902275076483516,22.05785714285717,1648.4,0
08/04/2011,1648.4,1661.2,1682.17,1640.09,-0.77,1618.9492857142857,1557.8164,66.64827078734365,28.761369945921615,24.874094050371138,23.789285714285743,1665.0,1
08/05/2011,1665.0,1648.4,1670.1,1642.4,1.01,1623.206428571429,1560.3834,67.69806390307633,29.857362760267733,25.87074779235046,24.666428571428582,1717.35,1
08/08/2011,1717.35,1662.75,1720.49,1662.67,3.14,1632.4207142857142,1563.9614000000001,81.6673212882954,34.55186011896899,27.606970257674167,26.837857142857143,1743.9,1
08/09/2011,1743.9,1717.35,1778.79,1714.75,1.55,1642.5492857142858,1568.1324,82.75129342202517,39.95408044138185,30.076392294415704,29.93428571428571,1795.0,1
08/10/2011,1795.0,1743.9,1797.36,1740.0,2.93,1657.1992857142857,1573.2184,90.15584618999135,47.8076253613192,33.62263890779641,32.63357142857141,1767.9,0
08/11/2011,1767.9,1796.5,1815.79,1734.1,-1.51,1669.2457142857143,1577.8984,80.87357668509502,51.25404801527225,37.148920729291575,36.779285714285685,1746.6,0
08/12/2011,1746.6,1763.96,1768.3,1723.55,-1.2,1678.6778571428572,1581.9804000000001,73.65385304338477,51.67099968984758,40.05333652140278,38.27999999999997,1765.5,1
08/15/2011,1765.5,1746.25,1766.44,1728.01,1.08,1689.1207142857145,1586.4104,74.92498636115654,52.91652023614074,42.62597326435037,40.153571428571404,1786.3,1
08/16/2011,1786.3,1766.3,1788.2,1761.99,1.18,1701.4635714285716,1591.2514,78.02646944336313,54.94857741359374,45.09049409419905,40.62999999999998,1788.65,1
08/17/2011,1788.65,1786.75,1794.9,1779.39,0.13,1713.735,1596.2734,77.95495964592551,56.101914775830664,47.29277823052537,40.544999999999995,1824.35,1
08/18/2011,1824.35,1789.64,1829.0,1784.34,2.0,1727.857142857143,1601.8734,79.66925778084571,59.21405185706112,49.67703295583252,42.15214285714286,1852.45,1
08/19/2011,1852.45,1824.35,1877.5,1821.35,1.54,1744.4535714285716,1608.2844,82.74841437632135,63.2191273268902,52.38545183004406,44.4507142857143,1898.1,1
08/22/2011,1898.1,1859.89,1901.19,1858.2,2.46,1761.4785714285715,1615.9418000000003,83.03534303534302,69.27815651462674,55.7639927669606,44.735000000000014,1830.15,0
08/23/2011,1830.15,1897.84,1911.96,1823.5,-3.58,1773.5464285714286,1622.0628,69.77179637214746,67.8152516729433,58.17424454815714,49.54285714285715,1751.05,0
08/24/2011,1751.05,1830.05,1854.11,1749.89,-4.32,1780.8785714285714,1626.4698,60.3991490223888,59.58630626509512,58.45665689154474,53.98142857142856,1771.6,1
08/25/2011,1771.6,1750.35,1774.9,1703.45,1.17,1788.492857142857,1631.3247999999999,60.71356783919597,54.09939682857453,57.5852048789507,57.10642857142857,1828.55,1
08/26/2011,1828.55,1772.64,1829.15,1757.24,3.21,1796.435714285714,1637.1057999999998,61.07349133638718,53.727038759180004,56.813571654996565,58.11285714285715,1788.45,0
08/29/2011,1788.45,1837.84,1839.24,1776.64,-2.19,1799.617857142857,1642.0657999999999,54.31979055560942,49.62417088419352,55.375691500835956,58.010000000000005,1835.3,1
08/30/2011,1835.3,1787.96,1840.26,1784.05,2.62,1802.4964285714284,1647.8478,53.94016425498631,49.58147758174914,54.21684871701859,57.92785714285716,1823.8,0
08/31/2011,1823.8,1835.39,1839.7,1812.89,-0.63,1806.4892857142856,1653.3678,55.63735377168212,48.065618412235835,52.98660265606205,54.007857142857155,1825.05,1
09/01/2011,1825.05,1823.09,1830.6,1814.65,0.07,1812.0928571428572,1659.4517999999998,58.24487651077247,46.42993822629546,51.675269770108734,51.950714285714284,1884.2,1
09/02/2011,1884.2,1824.84,1884.9,1824.0,3.24,1820.5714285714287,1667.0928,61.50193798449614,49.33782482447532,51.207780780982056,53.55571428571428,1900.49,1
09/05/2011,1900.49,1877.99,1904.2,1875.3,0.86,1828.7278571428571,1675.1626,61.16248607010891,52.35331632077623,51.436887888940895,53.74785714285714,1873.72,0
09/06/2011,1873.72,1903.4,1921.11,1860.91,-1.41,1834.804285714286,1682.6170000000002,57.93696702804576,51.9837633184959,51.5462629748519,56.93999999999999,1816.96,0
09/07/2011,1816.96,1872.39,1880.61,1793.69,-3.03,1834.2764285714286,1688.7151999999999,49.33658904429324,46.573956683450206,50.55180171657157,59.9585714285714,1868.76,1
09/08/2011,1868.76,1816.96,1870.3,1812.99,2.85,1835.4414285714283,1696.0883999999999,51.40441214459158,45.936940582676925,49.62882948979264,60.04142857142853,1857.81,0
09/09/2011,1857.81,1868.76,1885.89,1824.94,-0.59,1832.5635714285713,1703.5146000000002,46.310236826199244,44.040851722154684,48.51123393626506,60.913571428571395,1813.75,0
09/12/2011,1813.75,1857.66,1861.6,1801.09,-2.37,1831.3921428571427,1709.8706,48.429359485136374,38.53866413374362,46.51671997576077,58.91714285714282,1833.8,1
09/13/2011,1833.8,1813.75,1843.7,1799.25,1.11,1837.302857142857,1716.2205999999999,58.935706109755316,35.38807654585776,44.290991289780166,54.64785714285712,1819.7,0
09/14/2011,1819.7,1833.64,1844.89,1808.29,-0.77,1840.7385714285715,1722.0246000000002,55.267423014586726,31.39159821864382,41.7111126755529,52.15857142857141,1789.14,0
09/15/2011,1789.14,1820.6,1826.49,1772.54,-1.68,1837.9235714285714,1727.1564,45.41946581742952,25.464880461212488,38.46186623268481,50.87571428571427,1811.95,1
09/16/2011,1811.95,1788.45,1822.2,1763.05,1.27,1839.6021428571428,1732.5104000000001,52.845725357229355,22.350843694436207,35.23966172503509,50.62928571428571,1778.75,0
09/19/2011,1778.75,1818.5,1828.47,1770.7,-1.83,1835.5628571428572,1737.0034,42.91797119599249,17.007927780928412,31.59331493621376,50.740714285714276,1803.75,1
09/20/2011,1803.75,1778.34,1811.4,1770.24,1.41,1834.1307142857145,1741.7344,47.57116898849183,14.622362005035711,28.199124349978153,51.76571428571429,1781.79,0
09/21/2011,1781.79,1803.54,1816.76,1778.8,-1.22,1831.0407142857143,1745.7251999999999,45.009920177178984,10.83489751389402,24.72627898276133,53.33785714285716,1735.83,0
09/22/2011,1735.83,1779.34,1786.19,1721.84,-2.58,1820.4428571428573,1748.6968,32.34825231398861,4.077711402442674,20.5965654666976,53.584285714285734,1656.59,0
09/23/2011,1656.59,1737.63,1756.01,1629.99,-4.56,1803.0214285714285,1749.9465999999998,24.76304788709075,-7.583989527070116,14.960454467944057,60.52142857142859,1627.35,0
09/26/2011,1627.35,1657.29,1662.99,1534.99,-1.77,1785.4235714285714,1750.3856,24.63711420865158,-18.966758180938086,8.175011938167629,65.36428571428574,1649.95,1
09/27/2011,1649.95,1624.79,1677.19,1614.91,1.39,1773.4942857142855,1751.6175999999998,31.506212211813164,-25.865887374926388,1.3668320755488255,63.60428571428575,1608.8,0
09/28/2011,1608.8,1650.25,1668.85,1598.7,-2.49,1754.9257142857145,1751.7516,20.518054799491935,-34.259041160815514,-5.758342571724043,64.5214285714286,1614.55,1
09/29/2011,1614.55,1606.94,1634.09,1583.3,0.36,1737.55,1752.2446,22.082721263312536,-39.98576801687341,-12.603827660753916,63.79571428571431,1623.75,1
09/30/2011,1623.75,1615.99,1640.49,1607.19,0.57,1723.9785714285715,1752.7346,26.29858789481564,-43.282938425273414,-18.739649813657817,61.85214285714288,1660.95,1
10/03/2011,1660.95,1618.35,1664.46,1618.35,2.29,1711.632142857143,1753.6626,29.322678661147947,-42.4054173671791,-23.472803324362076,61.970714285714315,1624.3,0
10/04/2011,1624.3,1660.65,1678.86,1596.0,-2.21,1697.675,1753.7626,27.82166530463998,-44.1582949727499,-27.60990165403964,65.275,1640.9,1
10/05/2011,1640.9,1624.69,1646.7,1597.25,1.02,1687.0864285714285,1754.3106,32.623780945236334,-43.70418717115717,-30.82875875746315,64.95357142857144,1650.63,1
10/06/2011,1650.63,1641.49,1655.65,1632.24,0.59,1675.5635714285713,1754.9862,30.492405920479868,-42.07416895428355,-33.07784079682723,62.400714285714294,1639.45,0
10/07/2011,1639.45,1644.2,1666.55,1625.95,-0.68,1665.6135714285715,1755.2423999999999,32.20763296377666,-41.209463297710045,-34.7041652970038,61.174285714285716,1675.44,1
10/10/2011,1675.44,1654.14,1678.1,1638.09,2.2,1656.4485714285713,1756.3492,34.05888930301904,-37.19136669158843,-35.20160557592072,61.09214285714285,1663.1,0
10/11/2011,1663.1,1676.45,1685.22,1654.46,-0.74,1647.9707142857144,1756.4162000000003,34.89295624061302,-34.603839530763025,-35.08205236688919,60.577857142857134,1677.2,1
10/12/2011,1677.2,1662.29,1692.1,1660.39,0.85,1643.7828571428574,1756.7362,41.878826495276655,-31.057442586745765,-34.27713041086051,58.246428571428545,1666.7,0
10/13/2011,1666.7,1674.89,1684.39,1653.19,-0.63,1644.5049999999999,1757.1022,51.729801868391355,-28.762602330472873,-33.17422479478298,51.473571428571404,1679.95,1
10/14/2011,1679.95,1667.3,1684.26,1661.5,0.79,1648.2621428571426,1757.4012,59.52070663191427,-25.579891561820887,-31.65535814819056,43.956428571428546,1670.65,0
10/17/2011,1670.65,1683.29,1696.1,1666.44,-0.55,1649.7407142857144,1756.4672,53.93625922263634,-23.536686354907488,-30.03162378953395,41.62642857142854,1655.15,0
10/18/2011,1655.15,1671.2,1677.22,1627.2,-0.93,1653.0514285714285,1754.6922,59.766530405832526,-22.90412744516175,-28.60612452065951,40.1885714285714,1641.8,0
10/19/2011,1641.8,1654.75,1665.39,1639.4,-0.81,1654.9978571428571,1751.6282,55.5637224876475,-23.21247442533013,-27.527394501593633,38.417142857142835,1619.1,0
10/20/2011,1619.1,1643.44,1645.0,1603.99,-1.38,1654.6657142857143,1748.6522,49.100197376059434,-25.000353404945827,-27.021986282264074,38.96785714285712,1641.02,1
10/21/2011,1641.02,1618.99,1648.59,1611.44,1.35,1653.2421428571429,1746.5406,45.90103245444449,-24.36760498834883,-26.491110023481028,38.327857142857106,1652.68,1
10/24/2011,1652.68,1641.99,1662.09,1635.6,0.71,1655.2692857142858,1744.2842,56.50559325142124,-22.66402597262936,-25.7256932133107,34.30142857142854,1705.35,1
10/25/2011,1705.35,1654.4,1710.8,1645.24,3.19,1659.8728571428571,1742.6652,62.67752468625825,-16.869438128716865,-23.95444219639193,35.45214285714282,1725.75,1
10/26/2011,1725.75,1707.19,1728.5,1696.7,1.2,1665.2385714285715,1741.4072,64.18107679528802,-10.509924141278361,-21.265538585369217,36.051428571428524,1744.45,1
10/27/2011,1744.45,1725.24,1750.11,1705.74,1.08,1672.7385714285715,1739.8092,69.27454291798219,-3.9158898304217473,-17.795608834379724,36.32071428571424,1742.95,0
10/28/2011,1742.95,1744.7,1752.85,1733.0,-0.09,1677.5607142857145,1737.6192,64.18933120349737,1.1753437730176302,-14.001418312900254,34.880714285714234,1715.25,0
10/31/2011,1715.25,1744.15,1746.5,1706.59,-1.59,1681.2857142857142,1733.9622,60.29615004935834,2.9411211686126535,-10.612910416597673,35.534285714285666,1720.3,1
11/01/2011,1720.3,1716.05,1725.29,1683.74,0.29,1684.3642857142856,1731.7651999999998,58.82473382473379,4.693896949564532,-7.5515489433652325,36.23714285714282,1737.0,1
11/02/2011,1737.0,1720.9,1745.89,1715.74,0.97,1689.3857142857144,1731.4841999999999,64.0375399361022,7.345856356867898,-4.572067883318606,36.162142857142825,1763.15,1
11/03/2011,1763.15,1736.5,1767.9,1722.84,1.51,1695.3285714285716,1731.3152000000002,65.79946828712494,11.425928754534425,-1.3724685557480005,37.75499999999998,1754.15,0
11/04/2011,1754.15,1763.26,1764.9,1750.0,-0.51,1701.292857142857,1729.8272,65.87452471482887,13.774407940688661,1.6569067435393319,36.700714285714284,1795.86,1
11/07/2011,1795.86,1753.95,1798.69,1752.89,2.38,1711.3435714285715,1729.9754,74.32661387918807,18.78470464846555,5.082466324524576,36.39928571428571,1785.0,0
11/08/2011,1785.0,1794.89,1803.1,1777.1,-0.6,1721.5721428571428,1728.9694,74.97209821428572,21.629755292467962,8.391924118113254,36.39999999999999,1772.24,0
11/09/2011,1772.24,1785.2,1799.64,1764.14,-0.71,1732.5107142857144,1727.9382,77.66457113953322,22.594398899108228,11.232419074312249,36.006428571428565,1759.2,0
11/10/2011,1759.2,1770.71,1775.85,1736.55,-0.74,1740.9521428571427,1726.6212,72.05673758865251,22.052459857027543,13.39642723085531,36.160000000000004,1788.99,1
11/11/2011,1788.99,1759.64,1789.41,1746.05,1.69,1750.6885714285713,1724.717,73.82792014823622,23.752963914006614,15.467734567485572,37.36500000000001,1781.0,0
11/14/2011,1781.0,1788.14,1796.16,1773.59,-0.45,1756.092142857143,1722.3272,65.67226020302468,24.17719969752011,17.209627593492478,34.29428571428574,1781.4,1
11/15/2011,1781.4,1780.39,1785.85,1760.54,0.02,1760.067142857143,1720.4807999999998,62.570589564038876,24.265963349019103,18.620894744597805,33.83071428571431,1762.35,0
11/16/2011,1762.35,1781.94,1784.14,1754.25,-1.07,1761.3457142857144,1719.3886000000002,54.03698691926022,22.53931420590243,19.40457863685873,32.79642857142861,1719.1,0
11/17/2011,1719.1,1762.19,1767.16,1710.05,-2.45,1759.6421428571427,1716.3954,45.47352438792937,17.479525684020473,19.01956804629108,35.4578571428572,1723.05,1
11/18/2011,1723.05,1722.29,1737.79,1711.34,0.23,1760.1992857142857,1713.7002,51.62703379224029,13.631206748824752,17.941895786797815,34.49642857142862,1680.85,0
11/21/2011,1680.85,1723.3,1726.64,1666.54,-2.45,1757.3814285714286,1711.0422,42.87520317861657,7.0944189021749935,15.772400409873253,35.82142857142863,1699.2,1
11/22/2011,1699.2,1679.3,1705.8,1671.55,1.09,1754.6814285714286,1708.3502,43.213644524237,3.355973507766521,13.289115029451906,36.11428571428577,1693.3,0
11/23/2011,1693.3,1700.66,1710.77,1677.94,-0.35,1749.6921428571427,1705.8222,36.47628267182961,-0.08190790959361038,10.614910441642804,35.240714285714326,1694.75,1
11/24/2011,1694.75,1692.39,1702.23,1687.69,0.09,1745.4492857142857,1703.9344,38.15317112086158,-2.658801807416012,7.960167991831041,35.21500000000003,1680.13,0
11/25/2011,1680.13,1694.85,1697.9,1672.09,-0.86,1737.1828571428573,1701.2979999999998,24.12235588748277,-5.8137038435170325,5.205393624761426,33.7871428571429,1712.3,1
11/28/2011,1712.3,1680.8,1720.49,1680.8,1.91,1731.99,1699.969,35.158419075616536,-5.652972346519164,3.0337204305053085,34.81285714285718,1716.75,1
11/29/2011,1716.75,1712.05,1720.76,1704.11,0.26,1728.0264285714286,1698.229,38.27395291830441,-5.107636018711673,1.4054491406619125,33.466428571428615,1745.7,1
11/30/2011,1745.7,1714.99,1750.23,1701.0,1.69,1727.062142857143,1697.5072,47.32694440044354,-2.3127698243472423,0.6618053476600816,34.175714285714335,1745.25,0
12/01/2011,1745.25,1746.85,1754.86,1734.1,-0.03,1723.9378571428572,1697.6956,40.200734832870346,-0.1326009276303921,0.5029240926019869,32.561428571428614,1745.25,0
12/02/2011,1745.25,1745.16,1762.61,1738.15,0.0,1721.3842857142859,1699.4688,41.693387239184,1.5770197285166887,0.7177432197849273,32.69642857142859,1721.64,0
12/05/2011,1721.64,1746.15,1755.3,1718.44,-1.35,1717.1157142857141,1701.3546,37.46644295302015,1.0150755733216101,0.7772096904922638,33.52142857142859,1728.2,1
12/06/2011,1728.2,1722.5,1733.46,1702.85,0.38,1714.6764285714287,1702.9196000000002,42.44168031516979,1.0865429665636839,0.8390763457065479,33.57285714285716,1742.1,1
12/07/2011,1742.1,1728.46,1743.26,1720.65,0.8,1716.3192857142858,1705.5855999999999,55.85063085063086,2.238985591279743,1.119058194821187,31.108571428571427,1708.8,0
12/08/2011,1708.8,1742.0,1754.7,1704.51,-1.91,1715.3014285714285,1707.4705999999999,46.84608915054668,0.4599707178660992,0.9872406994301696,32.80428571428571,1711.1,1
12/09/2011,1711.1,1708.29,1724.3,1703.54,0.13,1717.462142857143,1709.2176000000002,58.13128326434064,-0.7556104019636223,0.6386704791514113,29.994285714285702,1666.3,0
12/12/2011,1666.3,1711.64,1715.05,1657.9,-2.62,1715.1121428571428,1709.3246,42.2573660924409,-5.27316700123788,-0.5436970169264471,31.629999999999978,1632.1,0
12/13/2011,1632.1,1666.25,1678.3,1622.75,-2.05,1710.7407142857141,1709.4805999999999,37.29024754942678,-11.480675254216521,-2.731092664384462,33.252857142857124,1575.1,0
12/14/2011,1575.1,1632.11,1641.89,1564.85,-3.49,1702.1942857142858,1708.1646000000003,29.80999628767165,-20.760282287128803,-6.336930588933329,37.71714285714285,1570.7,0
12/15/2011,1570.7,1574.49,1594.26,1561.07,-0.28,1694.377857142857,1706.566,30.874899507148058,-28.14504241505597,-10.698552954157858,38.2442857142857,1597.95,1
12/16/2011,1597.95,1570.24,1600.95,1568.86,1.73,1686.2099999999998,1705.736,29.66532702635415,-31.43629274417185,-14.846100912160658,37.65357142857143,1594.1,0
12/19/2011,1594.1,1599.35,1608.5,1583.44,-0.24,1677.4492857142857,1704.1092,28.142709484264145,-33.96378183115257,-18.66963709595904,38.25428571428571,1615.65,1
12/20/2011,1615.65,1594.26,1619.12,1592.35,1.35,1668.1599999999999,1703.1601999999998,26.19614159680785,-33.8378683599135,-21.70328334874993,36.64999999999999,1615.15,0
12/21/2011,1615.15,1615.26,1642.36,1606.4,-0.03,1658.8671428571429,1701.9191999999998,26.19134763194495,-33.393487510824116,-24.041324181164768,37.735714285714266,1604.7,0
12/22/2011,1604.7,1615.35,1617.36,1599.15,-0.65,1648.827857142857,1700.6792,25.226495575845163,-33.49839154631445,-25.932737654194707,37.2892857142857,1606.6,1
12/23/2011,1606.6,1606.75,1614.31,1603.15,0.12,1640.6107142857143,1699.2122,28.042449228889865,-33.04726631433323,-27.35564338622241,35.45357142857141,1605.82,0
12/26/2011,1605.82,1607.51,1612.15,1597.86,-0.05,1631.8692857142855,1697.9156,26.11445077679754,-32.37943581845798,-28.360401872669527,34.28785714285713,1592.9,0
12/27/2011,1592.9,1607.51,1607.79,1589.75,-0.8,1621.212142857143,1696.6706,20.768025078369917,-32.51786564854501,-29.191894627844626,33.961428571428556,1553.0,0
12/28/2011,1553.0,1593.75,1593.81,1550.1,-2.5,1610.0835714285715,1694.8945999999999,20.244461420932012,-35.438654083529855,-30.44124651898167,33.49857142857142,1546.7,0
12/29/2011,1546.7,1556.39,1561.51,1522.64,-0.41,1598.340714285714,1693.4466,19.07449209932281,-37.82572588776543,-31.918142392738424,34.792142857142835,1564.3,1
12/30/2011,1564.3,1545.89,1581.26,1544.75,1.14,1591.055,1691.9122,28.625314333612735,-37.86088783253399,-33.106691480697535,33.31785714285713,1566.27,1
01/02/2012,1566.27,1566.61,1569.61,1565.37,0.13,1586.3528571428574,1690.184,34.05049183505355,-37.29982225840649,-33.94531763623933,29.7292857142857,1604.14,1
01/03/2012,1604.14,1566.2,1607.45,1565.85,2.42,1588.4271428571428,1688.1598000000001,57.754753257850936,-33.41420310764079,-33.83909473051962,27.197857142857124,1612.4,1
01/04/2012,1612.4,1602.75,1618.92,1593.1,0.51,1591.4057142857143,1685.8928,60.9105180533752,-29.33020858088571,-32.93731750059284,26.67142857142856,1623.0,1
01/05/2012,1623.0,1611.39,1625.86,1596.74,0.66,1593.195,1683.4638,57.17970765262252,-24.950666332506216,-31.339987266975516,26.459285714285688,1616.85,0
01/06/2012,1616.85,1621.44,1630.56,1608.89,-0.38,1594.82,1680.9417999999998,56.43564356435643,-21.725661250926578,-29.41712206376573,26.21714285714282,1611.5,0
01/09/2012,1611.5,1616.78,1623.69,1604.94,-0.33,1594.5235714285716,1678.8668,48.70756773590778,-19.378142611501744,-27.409326173312937,25.64428571428568,1631.56,1
01/10/2012,1631.56,1611.57,1640.27,1608.62,1.24,1595.695714285714,1677.092,54.555549386486,-15.717857151992348,-25.071032369048822,25.33642857142856,1641.8,1
01/11/2012,1641.8,1632.39,1647.4,1630.29,0.63,1598.3457142857144,1675.188,60.311284046692606,-11.854125157767157,-22.427650926792488,25.25785714285715,1650.1,1
01/12/2012,1650.1,1640.64,1662.12,1640.39,0.51,1601.452857142857,1672.927,61.67471819645735,-8.029786698955377,-19.548078081225068,26.012857142857147,1639.35,0
01/13/2012,1639.35,1650.66,1650.75,1626.06,-0.65,1603.847857142857,1670.631,58.54180465685026,-5.799552445482277,-16.79837295407651,26.75571428571428,1643.4,1
01/16/2012,1643.4,1639.68,1647.35,1631.44,0.25,1607.455,1667.5818,63.473852721451436,-3.6630492275703546,-14.17130820877528,26.603571428571417,1651.74,1
01/17/2012,1651.74,1643.84,1667.87,1641.45,0.51,1614.5078571428571,1664.9166,81.67992813141686,-1.2821073989773595,-11.593468046815696,25.368571428571403,1661.25,1
01/18/2012,1661.25,1652.2,1662.5,1642.74,0.58,1622.6900000000003,1662.6968,86.01068846274757,1.35654625475172,-9.003465186502213,24.00357142857141,1657.6,0
01/19/2012,1657.6,1659.7,1670.15,1648.94,-0.22,1629.3542857142857,1660.6648,82.15024121295653,3.1172401856820215,-6.5793241120653665,22.91071428571427,1666.9,1
01/20/2012,1666.9,1657.79,1667.11,1644.69,0.56,1636.5421428571426,1658.223,83.0085941087712,5.203057479879135,-4.222847793676467,24.13285714285712,1677.0,1
01/23/2012,1677.0,1666.68,1681.66,1662.59,0.61,1641.7464285714284,1656.1429999999998,79.22348788705273,7.583648722000362,-1.861548490541101,22.523571428571408,1665.2,0
01/24/2012,1665.2,1676.99,1679.89,1661.29,-0.7,1645.517857142857,1653.819,70.59282371294849,8.421050421987275,0.19497129196457408,22.00785714285712,1711.9,1
01/25/2012,1711.9,1665.69,1713.3,1649.19,2.8,1651.8678571428572,1652.81,77.05416920267803,12.706524113749083,2.697281856321476,24.507142857142835,1721.5,1
01/26/2012,1721.5,1710.72,1730.62,1703.65,0.56,1659.3428571428572,1652.8580000000002,81.19225037257826,16.68509724417504,5.494844933892189,24.88571428571426,1738.89,1
01/27/2012,1738.89,1720.49,1738.91,1714.8,1.01,1668.4421428571427,1653.1748,85.42744312809387,20.999305853549686,8.595737117823688,25.268571428571413,1730.05,0
01/30/2012,1730.05,1738.05,1739.35,1716.69,-0.51,1675.4771428571428,1654.1587999999997,79.21338316426404,23.434890309856428,11.563567756230237,24.626428571428537,1739.43,1
01/31/2012,1739.43,1729.19,1747.79,1726.8,0.54,1682.4507142857142,1654.9633999999999,79.10679148530195,25.824309581209945,14.415716121226179,24.903571428571386,1743.6,1
02/01/2012,1743.6,1738.75,1751.56,1732.95,0.24,1689.1292857142857,1655.9694,78.57928842156736,27.734717163253663,17.079516329631677,24.680714285714252,1759.99,1
02/02/2012,1759.99,1744.2,1761.57,1741.49,0.94,1697.7464285714286,1657.2741999999998,85.64590473939244,30.222874474960463,19.708187958697433,24.351428571428528,1725.3,0
02/03/2012,1725.3,1760.06,1763.76,1724.35,-1.97,1703.5964285714285,1658.1776,70.48934253977778,29.060571804930532,21.578664727944055,26.029999999999973,1720.3,0
02/06/2012,1720.3,1726.3,1738.09,1711.79,-0.29,1708.4935714285716,1658.3376,67.4435171992672,27.41990080356868,22.74691194306898,26.02142857142855,1746.5,1
02/07/2012,1746.5,1719.8,1750.2,1709.79,1.52,1714.5828571428574,1658.9326,69.99202664040143,27.912025793344128,23.77993471312401,27.49642857142856,1733.55,0
02/08/2012,1733.55,1745.76,1751.86,1724.95,-0.74,1720.0078571428571,1658.6896000000002,67.0666486899465,26.94645960820162,24.413239692139534,27.903571428571404,1729.6,0
02/09/2012,1729.6,1733.7,1751.9,1725.69,-0.23,1724.4864285714284,1658.3766,64.43636028734568,25.567780008922455,24.64414775549612,28.174285714285702,1719.85,0
02/10/2012,1719.85,1731.54,1734.8,1704.14,-0.56,1727.5471428571425,1657.8686000000002,59.88192426548588,23.418469439584896,24.39901209231388,29.00214285714282,1722.5,1
02/13/2012,1722.5,1725.3,1733.61,1716.47,0.15,1731.6399999999999,1657.8858000000002,63.79659058075696,21.679055524125715,23.85502077867625,28.897857142857088,1720.1,0
02/14/2012,1720.1,1722.96,1727.81,1712.2,-0.14,1732.2257142857143,1657.7237999999998,52.50979431929474,19.877759088661833,23.059568440673367,25.433571428571376,1729.01,1
02/15/2012,1729.01,1719.62,1737.47,1718.52,0.52,1732.7621428571426,1657.4620000000002,52.30835433700127,18.950729014282388,22.23780055539517,24.86071428571425,1728.7,0
02/16/2012,1728.7,1727.79,1730.01,1705.49,-0.02,1732.0342857142857,1657.86,46.50044645923483,17.983731331913532,21.386986710698842,24.889999999999954,1722.45,0
02/17/2012,1722.45,1728.84,1735.95,1717.45,-0.36,1731.4914285714287,1658.0869999999998,47.34265734265738,16.522593759323627,20.4141081204238,24.592857142857106,1734.0,1
02/20/2012,1734.0,1723.78,1737.3,1723.67,0.67,1731.1035714285715,1659.441,48.12977887993386,16.110903709467266,19.553467238232496,24.15428571428567,1759.15,1
02/21/2012,1759.15,1734.03,1760.21,1731.09,1.45,1732.2142857142858,1661.9820000000002,54.67950647005722,17.611022289101584,19.164978248406314,24.904999999999973,1777.55,1
02/22/2012,1777.55,1759.59,1781.8,1749.54,1.05,1733.4685714285715,1666.0309999999997,55.22121788772595,20.053439725691305,19.342670543863314,25.774999999999977,1780.1,1
02/23/2012,1780.1,1776.24,1787.61,1772.29,0.14,1737.3828571428571,1670.219,70.14409645640342,21.941904216173953,19.86251727832544,24.05428571428568,1773.49,0
02/24/2012,1773.49,1780.3,1783.11,1770.74,-0.37,1741.1821428571427,1673.7298,69.32354864491754,22.644126774630195,20.418839177586392,23.059285714285675,1766.3,0
02/27/2012,1766.3,1773.28,1779.59,1762.24,-0.41,1742.5964285714285,1677.1737999999998,58.34597875569041,22.3626871634533,20.807608774759775,21.412142857142808,1785.85,1
02/28/2012,1785.85,1767.05,1789.96,1766.0,1.11,1746.3321428571428,1680.5778,70.8832454879412,23.446884765369305,21.33546397288168,21.201428571428533,1695.2,0
02/29/2012,1695.2,1784.59,1790.8,1688.49,-5.08,1743.875,1682.1788000000001,41.8837297093243,16.79778733364674,20.427928645034694,26.637142857142813,1716.55,1
03/01/2012,1716.55,1696.2,1726.21,1694.7,1.26,1743.6392857142857,1684.4157999999998,49.26181102362206,13.100086641172993,18.962360244262356,26.69785714285711,1712.3,0
03/02/2012,1712.3,1717.7,1724.19,1705.19,-0.25,1742.910714285714,1686.5298,47.73454157782514,9.71470761839555,17.112829719088996,26.83071428571426,1706.7,0
03/05/2012,1706.7,1711.05,1716.76,1694.64,-0.33,1741.9535714285714,1688.5474,47.06552207428173,6.504912570710758,14.99124628941335,27.29571428571426,1674.0,0
03/06/2012,1674.0,1705.97,1709.0,1664.35,-1.92,1738.0242857142857,1690.1694,39.09007972710323,1.3074388145960256,12.254484794449887,29.13142857142855,1684.95,1
03/07/2012,1684.95,1674.6,1688.42,1671.35,0.65,1734.8992857142857,1692.8084,41.67459562321597,-1.9060513226972944,9.422377571020451,28.599285714285706,1700.65,1
03/08/2012,1700.65,1685.09,1703.86,1682.85,0.93,1733.342142857143,1695.8874000000003,45.99559147685526,-3.1495999906881025,6.907982058678741,28.778571428571418,1713.09,1
03/09/2012,1713.09,1700.2,1714.59,1677.84,0.73,1731.8485714285714,1698.8632,46.17159178292868,-3.0956327078811228,4.9072591053667685,30.342857142857138,1700.53,0
03/12/2012,1700.53,1709.08,1714.3,1692.84,-0.73,1727.6614285714284,1701.5484,38.74856046065254,-4.020010105022266,3.1218052632889615,29.795714285714276,1675.5,0
03/13/2012,1675.5,1699.66,1705.97,1662.6,-1.47,1720.3721428571428,1702.9756,30.898813311870597,-6.695120486201176,1.1584201133909338,30.589285714285715,1643.6,0
03/14/2012,1643.6,1675.74,1683.45,1635.59,-1.9,1710.6221428571428,1703.5996,26.979897463572556,-11.25943636335046,-1.3251511819573452,32.913571428571444,1658.23,1
03/15/2012,1658.23,1642.89,1666.79,1636.59,0.89,1702.3892857142855,1704.3042,31.073891625615758,-13.540089129055787,-3.768138771377034,34.18714285714288,1660.65,1
03/16/2012,1660.65,1659.71,1665.01,1639.8,0.15,1694.8428571428572,1705.1801999999998,32.37580489106864,-14.979573898437138,-6.010425796789056,34.74857142857146,1664.55,1
03/19/2012,1664.55,1654.98,1671.4,1654.14,0.23,1686.1785714285713,1706.2412,28.650380174598695,-15.625556849964369,-7.933452007424119,34.27000000000003,1650.35,0
03/20/2012,1650.35,1666.04,1666.29,1643.29,-0.85,1682.9750000000001,1706.6170000000002,39.19953763906946,-17.0863633578565,-9.764034277510596,28.605000000000036,1650.5,1
03/21/2012,1650.5,1651.11,1661.65,1646.91,0.01,1678.257142857143,1706.7910000000002,32.28557635573675,-18.024187677625605,-11.4160649575336,27.407142857142894,1644.85,0
03/22/2012,1644.85,1652.05,1658.01,1629.68,-0.34,1673.439285714286,1706.6860000000001,32.044934249055004,-19.004258723853354,-12.933703710797552,28.07357142857146,1662.26,1
03/23/2012,1662.26,1645.41,1666.74,1642.38,1.06,1670.2649999999999,1707.1441999999997,38.869965938689646,-18.166715996837183,-13.980306168005479,28.23357142857146,1689.98,1
03/26/2012,1689.98,1661.81,1694.0,1655.6,1.67,1671.4064285714287,1708.0758,54.10459262303504,-15.09221139878332,-14.202687214161047,27.78714285714289,1680.05,0
03/27/2012,1680.05,1690.3,1696.81,1679.11,-0.59,1671.0564285714286,1708.642,48.734765544309006,-13.303557239068596,-14.022861219142557,27.83214285714288,1662.18,0
03/28/2012,1662.18,1680.21,1684.41,1655.11,-1.06,1668.3085714285714,1708.6606,40.176701904907816,-13.176109595541675,-13.853510894422381,28.42428571428575,1661.38,0
03/29/2012,1661.38,1661.94,1665.29,1645.39,-0.05,1664.6149999999998,1708.7362,35.96134006624321,-12.989920021889247,-13.680792719915756,27.220714285714312,1668.9,1
03/30/2012,1668.9,1661.55,1671.11,1659.91,0.45,1662.3557142857142,1708.7762,41.1712164349914,-12.0961256833084,-13.363859312594286,26.487857142857155,1677.75,1
04/02/2012,1677.75,1668.55,1680.09,1676.2,0.53,1662.5164285714286,1708.7912,50.69039582694079,-10.552028971504797,-12.801493244376388,24.189285714285706,1645.33,0
04/03/2012,1645.33,1676.59,1681.16,1639.24,-1.93,1662.64,1708.3938,50.52914907934178,-11.808226374262631,-12.602839870353638,23.764999999999986,1620.23,0
04/04/2012,1620.23,1644.64,1648.15,1612.3,-1.53,1659.9257142857145,1706.5603999999998,39.076693112567554,-14.660139138539762,-13.014299723990863,24.168571428571422,1631.25,1
04/05/2012,1631.25,1620.36,1633.67,1620.15,0.68,1657.8257142857144,1704.7553999999998,41.94697052700776,-15.848388294158212,-13.581117438024332,23.333571428571418,1639.49,1
04/06/2012,1639.49,1628.95,1639.49,1628.49,0.51,1656.0357142857142,1702.7674,43.295162671232895,-15.941422381390566,-14.05317842669758,22.88642857142856,1641.28,1
04/09/2012,1641.28,1641.44,1649.0,1627.7,0.11,1655.3878571428572,1700.9920000000002,47.40069926061789,-15.689851681855771,-14.38051307772922,22.764999999999986,1660.35,1
04/10/2012,1660.35,1641.13,1663.1,1632.2,1.16,1656.0914285714284,1699.4104,52.546667356119734,-13.792696841116594,-14.262949830406695,23.91928571428569,1657.95,0
04/11/2012,1657.95,1659.49,1662.9,1653.44,-0.14,1657.027142857143,1697.6974,53.444830125170974,-12.340593226963165,-13.87847850971799,22.571428571428555,1675.48,1
04/12/2012,1675.48,1659.14,1680.2,1651.29,1.06,1657.9714285714288,1696.0072,53.474193209292565,-9.663867110723686,-13.03555622991913,22.89642857142857,1659.0,0
04/13/2012,1659.0,1675.55,1678.31,1649.51,-0.98,1655.7585714285713,1694.6812,41.34733549324095,-8.771231354573729,-12.182691254850052,22.21071428571427,1652.1,0
04/16/2012,1652.1,1654.09,1657.8,1641.14,-0.42,1653.7621428571426,1693.3172,42.059207909540284,-8.522343154118971,-11.450621634703836,22.222142857142835,1649.9,0
04/17/2012,1649.9,1652.9,1657.71,1635.05,-0.13,1652.885,1691.3852,46.17015968063872,-8.405723132063486,-10.841641934175767,21.74785714285711,1642.07,0
04/18/2012,1642.07,1651.24,1656.05,1639.29,-0.47,1651.5057142857145,1689.5556,44.23065431729901,-8.843177836925406,-10.441949114725695,21.523571428571408,1643.6,1
04/19/2012,1643.6,1643.49,1655.0,1632.8,0.09,1649.6985714285713,1687.8355999999999,42.16038671293994,-8.963084767094415,-10.146176245199438,22.30928571428571,1642.7,0
04/20/2012,1642.7,1643.55,1647.31,1638.95,-0.05,1647.195,1686.2925999999998,38.57636399191707,-9.026680398798362,-9.922277075919224,22.107142857142858,1638.7,0
04/23/2012,1638.7,1643.44,1644.9,1621.99,-0.24,1646.7214285714285,1684.6166,47.347787823025875,-9.292726202568701,-9.79636690124912,20.749285714285715,1641.0,1
04/24/2012,1641.0,1638.75,1649.52,1633.95,0.14,1648.205,1683.0346000000002,60.1624425090518,-9.211790849937643,-9.679451690986825,19.30071428571427,1644.7,1
04/25/2012,1644.7,1641.41,1646.53,1624.47,0.23,1649.1657142857143,1681.3483999999999,57.08864762306319,-8.748245592463945,-9.49321047128225,19.91071428571427,1656.9,1
04/26/2012,1656.9,1645.98,1662.6,1643.15,0.74,1650.4092857142857,1679.9124,58.80805423454424,-7.31215462900218,-9.056999302826236,20.514285714285684,1662.05,1
04/27/2012,1662.05,1657.15,1667.72,1650.55,0.31,1651.892857142857,1678.7044,60.1624425090518,-5.692856527953609,-8.38417074785171,20.219285714285693,1664.36,1
04/30/2012,1664.36,1662.42,1666.58,1644.98,0.14,1652.1792857142857,1677.3116,52.34695071988763,-4.175026317411948,-7.5423418617637585,19.554999999999982,1662.1,0
05/01/2012,1662.1,1666.75,1673.2,1658.59,-0.14,1652.4757142857143,1675.3706,52.432876069879164,-3.118549356817539,-6.657583360774515,19.922857142857133,1653.5,0
05/02/2012,1653.5,1662.4,1663.4,1646.71,-0.52,1650.9057142857143,1672.8896000000002,35.60764798323723,-2.9413261044223873,-5.91433190950409,19.049999999999986,1635.76,0
05/03/2012,1635.76,1653.26,1653.72,1631.17,-1.07,1649.2457142857143,1670.0028,35.02963153826326,-4.1841132872530125,-5.568288185053875,18.603571428571417,1642.83,1
05/04/2012,1642.83,1636.0,1647.27,1626.91,0.43,1648.5835714285715,1667.3896,44.04165059776318,-4.546136142322894,-5.363857776507679,18.782142857142844,1639.15,0
05/07/2012,1639.15,1641.79,1644.4,1634.21,-0.22,1647.8157142857142,1664.8466,43.219376813422436,-5.071525716610267,-5.305391364528196,17.891428571428555,1605.0,0
05/08/2012,1605.0,1638.57,1639.52,1595.55,-2.08,1645.167857142857,1661.2296,32.44625438014958,-8.149577084310067,-5.874228508484571,19.834999999999987,1589.34,0
05/09/2012,1589.34,1605.67,1606.64,1579.78,-0.98,1641.2921428571428,1659.1124,27.338790511192713,-11.717513887102768,-7.042885584208211,20.167857142857137,1593.66,1
05/10/2012,1593.66,1589.69,1602.2,1586.07,0.27,1637.7892857142856,1656.6545999999998,30.087705051161265,-14.034757662657057,-8.44125999989798,20.72285714285715,1580.05,0
05/11/2012,1580.05,1593.87,1595.37,1573.9,-0.85,1633.6000000000001,1654.0095999999999,27.90960451977398,-16.776019792647958,-10.108211958447976,20.619999999999987,1556.85,0
05/14/2012,1556.85,1580.6,1585.89,1556.0,-1.47,1627.5892857142858,1651.0126,22.616335828180922,-20.583264825630522,-12.203222531884485,21.642857142857142,1544.45,0
05/15/2012,1544.45,1557.15,1564.06,1541.6,-0.8,1620.4285714285713,1648.4216000000001,19.12534647366799,-24.320755779384626,-14.626729181384514,21.671428571428578,1540.05,0
05/16/2012,1540.05,1546.1,1553.8,1529.0,-0.28,1612.082142857143,1645.5236000000002,12.19670009705591,-27.322826973586416,-17.165948739824895,22.053571428571445,1574.0,1
05/17/2012,1574.0,1540.39,1581.7,1538.8,2.2,1605.792857142857,1642.9906,25.988546495773136,-26.655243698689446,-19.063807731597805,23.891428571428587,1593.09,1
05/18/2012,1593.09,1574.78,1598.68,1569.05,1.21,1600.702142857143,1640.5906,32.19407385199621,-24.3055959055514,-20.112165366388524,24.465000000000032,1592.65,0
05/21/2012,1592.65,1593.65,1600.79,1586.8,-0.03,1595.7414285714283,1638.433,32.489536584135976,-22.22281662710361,-20.534295618531544,24.420714285714308,1568.95,0
05/22/2012,1568.95,1593.53,1596.03,1563.29,-1.49,1589.7021428571427,1636.302,30.190712712618918,-22.228356319179056,-20.87310775866105,25.567142857142876,1562.0,0
05/23/2012,1562.0,1569.19,1570.35,1535.41,-0.44,1584.4335714285714,1634.67,31.798440430362277,-22.533797886256025,-21.205245784180047,26.452142857142867,1559.0,0
05/24/2012,1559.0,1563.36,1579.5,1553.15,-0.19,1578.445714285714,1632.6853999999998,28.889448501636906,-22.755624779136724,-21.51532158317138,26.880000000000013,1573.45,1
05/25/2012,1573.45,1558.5,1574.57,1551.9,0.93,1573.7528571428572,1630.9414000000002,34.306325243646114,-21.517390865819607,-21.515735439701025,27.77142857142857,1573.33,0
05/28/2012,1573.33,1574.09,1584.0,1571.13,-0.01,1571.4907142857144,1629.1170000000002,40.96639853956301,-20.311624798510366,-21.274913311462896,25.549999999999986,1555.75,0
05/29/2012,1555.75,1574.1,1582.9,1548.64,-1.12,1569.0914285714287,1627.225,40.52254387449922,-20.53785793895463,-21.12750223696124,26.078571428571404,1562.45,1
05/30/2012,1562.45,1554.8,1569.77,1532.1,0.43,1566.8621428571428,1625.464,41.31076340553482,-19.946583528317433,-20.891318495232483,27.61714285714283,1560.7,0
05/31/2012,1560.7,1563.9,1574.3,1554.09,-0.11,1565.4799999999998,1623.781,44.23180110892509,-19.395623992595347,-20.592179594705055,27.52714285714285,1626.25,1
06/01/2012,1626.25,1560.45,1630.02,1545.3,4.2,1570.4371428571428,1623.0608000000002,66.51751713632905,-13.513867957570028,-19.17651726727805,31.443571428571413,1618.4,0
06/04/2012,1618.4,1627.29,1629.69,1610.71,-0.48,1575.7192857142857,1621.6291999999999,67.99007444168736,-9.377861172776875,-17.216786048377816,31.194999999999986,1617.1,0
06/05/2012,1617.1,1619.25,1623.91,1612.71,-0.08,1581.222857142857,1620.3701999999998,69.03127006866569,-6.134233507508725,-15.000275540204,30.22357142857142,1620.4,1
06/06/2012,1620.4,1617.2,1641.11,1614.34,0.2,1584.537142857143,1619.5346,63.50564675748051,-3.2597761229535536,-12.652175656753911,29.071428571428555,1589.0,0
06/07/2012,1589.0,1620.2,1629.41,1579.75,-1.94,1584.2450000000001,1618.0869999999998,48.88913031669295,-3.4754032305190776,-10.816821171506945,30.50214285714284,1594.45,1
06/08/2012,1594.45,1589.15,1595.47,1562.05,0.34,1584.3735714285717,1616.5980000000002,50.47593865679533,-3.169978277979453,-9.287452592801447,31.889999999999986,1596.45,1
06/11/2012,1596.45,1593.1,1608.35,1582.89,0.13,1586.337857142857,1614.9720000000002,58.21385902031061,-2.7350159558700398,-7.976965265415166,31.369999999999973,1610.05,1
06/12/2012,1610.05,1596.45,1618.01,1586.9,0.85,1589.7700000000002,1614.2664000000002,63.80350474001719,-1.2781649518713039,-6.637205202706395,31.09642857142855,1618.35,1
06/13/2012,1618.35,1609.26,1624.97,1606.2,0.52,1594.0092857142859,1614.2288,66.54586005018115,0.5399167743596536,-5.2017808072931855,30.554999999999982,1623.32,1
06/14/2012,1623.32,1617.9,1627.79,1610.0,0.31,1597.5714285714287,1614.0702,64.67887207864831,2.354654117995551,-3.6904938222354384,30.206428571428564,1626.76,1
06/15/2012,1626.76,1622.94,1633.7,1619.59,0.21,1601.3878571428572,1613.8156,65.42525549974016,4.024039169356911,-2.147587223916969,30.29500000000001,1628.4,1
06/18/2012,1628.4,1627.31,1630.31,1607.1,0.1,1606.5771428571427,1613.558,73.10015898251189,5.416930144989237,-0.6346837501357279,29.505714285714298,1618.07,0
06/19/2012,1618.07,1628.51,1633.51,1617.51,-0.63,1610.55,1612.7124,67.28617603182487,5.622449511709647,0.6167429022333472,27.957857142857147,1605.9,0
06/20/2012,1605.9,1618.81,1623.01,1590.9,-0.75,1613.7785714285715,1611.6714,63.19322825452421,4.748569249035427,1.4431081715937633,28.807857142857138,1565.3,0
06/21/2012,1565.3,1605.06,1607.29,1564.49,-2.53,1609.425,1609.4678,29.176631363170557,0.7710440375494727,1.3086953447849052,25.813571428571418,1572.15,1
06/22/2012,1572.15,1564.31,1573.81,1558.8,0.44,1606.1214285714286,1607.7308000000003,34.09012727898185,-1.807598724014042,0.6854365310251158,25.52999999999999,1584.6,1
06/25/2012,1584.6,1572.0,1588.51,1566.35,0.79,1603.8,1606.3808,39.616613418530385,-2.8141410731136602,-0.014478989802639397,26.312857142857133,1572.15,0
06/26/2012,1572.15,1583.76,1587.31,1567.95,-0.79,1600.3535714285715,1604.8258,35.43616057953517,-4.563835038099114,-0.9243501994619344,25.783571428571413,1574.3,1
06/27/2012,1574.3,1572.5,1581.91,1563.15,0.14,1599.3035714285713,1603.4703999999997,44.61143695014661,-5.711158400545173,-1.8817118396785824,23.57642857142855,1551.9,0
06/28/2012,1551.9,1573.61,1579.31,1547.85,-1.42,1596.2642857142855,1601.6364,36.12650798826213,-8.331868631515363,-3.171743198045939,23.436428571428547,1598.6,1
06/29/2012,1598.6,1551.39,1607.19,1550.94,3.01,1596.4178571428572,1600.7544,50.542792224185774,-6.564825437757008,-3.8503596459881533,25.635714285714275,1596.35,0
07/02/2012,1596.35,1599.3,1602.51,1587.45,-0.14,1595.4392857142855,1599.9073999999998,46.33101231922869,-5.28506424107718,-4.137300565005958,24.489285714285707,1616.65,1
07/03/2012,1616.65,1598.69,1626.7,1596.59,1.27,1595.3178571428573,1599.4203999999997,49.5722194262708,-2.602800463153244,-3.830400544635416,25.316428571428577,1615.63,0
07/04/2012,1615.63,1617.24,1620.59,1611.94,-0.06,1594.7685714285715,1598.839,48.02567394094998,-0.5530177258831372,-3.1749239808849605,24.663571428571426,1604.75,0
07/05/2012,1604.75,1617.34,1625.8,1598.89,-0.67,1593.1964285714287,1597.796,44.55709975765368,0.19131937854058378,-2.5016753089998516,25.57785714285712,1582.9,0
07/06/2012,1582.9,1604.95,1610.0,1576.7,-1.36,1589.9464285714287,1596.213,39.770683453237396,-0.9707107462390923,-2.1954823964476997,26.2985714285714,1587.15,1
07/09/2012,1587.15,1580.84,1593.3,1576.39,0.27,1587.7378571428574,1594.6688000000001,42.8531804733728,-1.5310396389154448,-2.062593844941249,26.36357142857139,1566.5,0
07/10/2012,1566.5,1591.16,1602.9,1565.89,-1.3,1584.9235714285714,1592.7567999999999,41.23665480427043,-3.599889459229871,-2.3700529677989737,26.713571428571395,1576.9,1
07/11/2012,1576.9,1565.41,1583.41,1565.41,0.66,1585.7521428571429,1591.2247999999997,52.98047276464547,-4.350129182163073,-2.7660682106717935,24.94214285714283,1572.4,0
07/12/2012,1572.4,1576.85,1578.36,1554.95,-0.29,1585.77,1589.9576000000002,50.065019505851765,-5.247324074123071,-3.2623193833620494,25.542142857142817,1589.05,1
07/13/2012,1589.05,1571.2,1597.11,1566.25,1.06,1586.087857142857,1588.8819999999998,51.13260371595827,-4.562250851879526,-3.5223056770655448,26.163571428571377,1589.35,1
07/16/2012,1589.35,1591.39,1595.3,1578.79,0.02,1587.3164285714286,1587.886,54.666304937601694,-3.9495894857132043,-3.607762438795077,25.959999999999955,1582.75,0
07/17/2012,1582.75,1591.19,1600.5,1572.66,-0.42,1587.92,1587.441,52.23841059602651,-3.9510703015573654,-3.6764240113475344,26.608571428571377,1573.8,0
07/18/2012,1573.8,1584.29,1587.16,1568.84,-0.57,1589.484285714286,1587.1302000000003,56.24643468339984,-4.62116415668811,-3.8653720404156493,25.66999999999996,1582.05,1
07/19/2012,1582.05,1573.89,1593.0,1573.64,0.52,1588.3021428571428,1586.8980000000001,43.95323346729998,-4.43538396732697,-3.979374425797914,23.03499999999995,1583.63,1
07/20/2012,1583.63,1582.01,1587.91,1574.04,0.1,1587.3935714285715,1586.9696,45.32971067704517,-4.113244115635553,-4.006148363765442,22.949999999999964,1576.9,0
07/23/2012,1576.9,1582.64,1584.26,1564.49,-0.42,1584.5542857142857,1587.3706,33.790066063127,-4.350846862992739,-4.075088063610902,22.194285714285666,1580.5,1
07/24/2012,1580.5,1580.4,1584.66,1568.35,0.23,1582.0449999999998,1588.0916,35.9693266235322,-4.200241074022188,-4.100118665693159,22.741428571428546,1605.38,1
07/25/2012,1605.38,1581.44,1611.41,1579.94,1.57,1582.09,1589.3981999999999,50.226309361304736,-2.0496497456374527,-3.6900248816820183,23.067142857142844,1616.2,1
07/26/2012,1616.2,1605.0,1622.02,1601.5,0.67,1584.4685714285715,1590.2422,62.991573033707844,0.5217782152983546,-2.847664262285944,22.154285714285702,1623.28,1
07/27/2012,1623.28,1616.14,1629.6,1611.99,0.44,1587.0492857142856,1590.846,63.791129093823905,3.0952698859423435,-1.6590774326402866,22.204285714285707,1621.1,0
07/30/2012,1621.1,1625.1,1626.7,1614.85,-0.13,1590.9492857142857,1591.415,74.26235335940274,4.902361424071614,-0.34678966129790656,20.407142857142862,1613.9,0
07/31/2012,1613.9,1621.3,1628.31,1610.95,-0.44,1593.592142857143,1592.3140000000003,66.92279546286136,5.687947541704716,0.860157779302618,20.36142857142857,1599.2,0
08/01/2012,1599.2,1599.25,1618.9,1592.35,-0.91,1595.5064285714286,1593.0580000000002,61.21151271753682,5.065965753050477,1.70131937405219,20.585714285714307,1590.35,0
08/02/2012,1590.35,1599.25,1614.9,1585.1,-0.55,1595.5992857142858,1593.685,50.58181167203722,3.8149433744404178,2.1240441741298355,20.51000000000004,1604.3,1
08/03/2012,1604.3,1590.28,1606.91,1586.74,0.88,1596.6671428571428,1594.302,55.962351439738384,3.9041430108632085,2.48006394147651,20.77142857142862,1611.0,1
08/06/2012,1611.0,1605.0,1615.61,1602.85,0.42,1598.685,1595.0553999999997,61.25767115645172,4.464010042124983,2.8768531616062045,19.694285714285765,1611.18,1
08/07/2012,1611.18,1610.99,1618.41,1609.09,0.01,1601.355,1596.164,66.01542416452443,4.866139368132053,3.2747104029113747,19.051428571428623,1611.9,1
08/08/2012,1611.9,1611.29,1617.01,1603.55,0.04,1603.4871428571428,1597.1529999999998,63.67133827974721,5.183179274626127,3.656404177254325,18.63000000000006,1617.7,1
08/09/2012,1617.7,1612.1,1618.72,1609.85,0.36,1605.9207142857142,1598.293,65.02337066760734,5.835182856356369,4.092159913074735,18.2728571428572,1620.05,1
08/10/2012,1620.05,1617.64,1626.56,1605.7,0.15,1609.0028571428572,1598.1689999999999,69.79176222364914,6.466978450517217,4.5671236205632315,18.35071428571434,1610.15,0
08/13/2012,1610.15,1620.35,1625.82,1607.71,-0.61,1611.1207142857145,1598.0040000000001,62.85664729858646,6.098533648785633,4.8734056262077114,18.479285714285748,1598.65,0
08/14/2012,1598.65,1610.16,1616.81,1594.71,-0.71,1610.6399999999999,1597.635,46.69871480427743,4.8229881927416045,4.863322139514491,17.810000000000027,1603.38,1
08/15/2012,1603.38,1598.64,1606.4,1590.19,0.3,1609.7242857142858,1597.2946000000002,43.311769616026744,4.145988326123415,4.719855376836276,17.50214285714289,1614.8,1
08/16/2012,1614.8,1604.14,1618.99,1600.79,0.71,1609.1185714285714,1597.8106,45.76761828708324,4.479324745996564,4.671749250668334,17.544285714285756,1615.8,1
08/17/2012,1615.8,1614.44,1620.1,1611.9,0.06,1608.74,1598.2375999999997,47.32323232323234,4.7692114026381205,4.691241681062292,17.283571428571445,1620.7,1
08/20/2012,1620.7,1616.26,1623.01,1610.2,0.3,1609.2257142857143,1598.7225999999998,53.51602895553255,5.3328637814581725,4.8195661011414686,16.95857142857145,1638.5,1
08/21/2012,1638.5,1620.55,1641.81,1618.66,1.1,1612.032857142857,1599.2915999999998,69.68937875751502,7.133641414078284,5.282381163728832,16.715714285714284,1654.0,1
08/22/2012,1654.0,1638.2,1656.41,1634.87,0.95,1616.5792857142858,1600.0046,79.89666510098647,9.699679258278366,6.165840782638739,16.125714285714285,1670.65,1
08/23/2012,1670.65,1654.0,1675.41,1652.41,1.01,1621.3185714285714,1600.9512,80.39395327530931,12.927775241531663,7.518227674417324,16.327857142857138,1670.35,0
08/24/2012,1670.35,1670.14,1673.81,1662.79,-0.02,1625.557857142857,1601.8229999999999,78.88077858880774,15.285653573236686,9.071712854181197,16.203571428571422,1664.1,0
08/27/2012,1664.1,1671.44,1676.95,1663.09,-0.37,1629.337857142857,1602.537,74.3153832016173,16.460223165618345,10.549414916468628,16.527857142857133,1667.03,1
08/28/2012,1667.03,1663.44,1672.7,1657.44,0.18,1633.2757142857142,1603.5162,74.82662343510758,17.426621300212446,11.924856193217392,16.65642857142856,1656.55,0
08/29/2012,1656.55,1667.25,1670.15,1652.97,-0.63,1636.0507142857143,1604.5292000000002,66.78765880217782,17.149165464920543,12.969718047558022,17.249999999999982,1656.15,0
08/30/2012,1656.15,1656.55,1664.51,1651.8,-0.02,1638.6292857142857,1606.3462,65.86673699015478,16.704444620006143,13.716663362047647,16.667857142857137,1691.15,1
08/31/2012,1691.15,1656.15,1693.32,1647.34,2.11,1644.4149999999997,1608.7262,79.16606654184068,18.957675358377855,14.76486576131369,18.65857142857143,1692.4,1
09/03/2012,1692.4,1692.2,1695.61,1685.7,0.07,1651.1114285714286,1610.8822,86.44739911359922,20.606700291764582,15.933232667403868,17.787857142857142,1696.4,1
09/04/2012,1696.4,1692.99,1700.45,1689.96,0.24,1657.7557142857145,1613.3672,86.37003440725677,21.982925521150037,17.1431712381531,17.37928571428571,1693.65,0
09/05/2012,1693.65,1695.05,1696.37,1687.65,-0.16,1663.3878571428572,1615.7542,83.07188994211893,22.591273771852002,18.232791744892882,16.704285714285707,1701.65,1
09/06/2012,1701.65,1693.45,1713.52,1691.65,0.47,1669.52,1618.7491999999997,84.01077569130811,23.44862611901908,19.27595861971812,17.680714285714284,1736.5,1
09/07/2012,1736.5,1701.94,1741.8,1689.2,2.05,1677.7914285714287,1621.5072,87.07735655737702,26.633177090514437,20.747402313877387,20.522857142857138,1725.8,0
09/10/2012,1725.8,1735.85,1740.26,1724.91,-0.62,1684.027142857143,1624.0962,79.28350999597473,27.971122414728598,22.19214633404763,19.965714285714284,1731.75,1
09/11/2012,1731.75,1726.1,1737.91,1725.45,0.34,1689.5807142857143,1626.3982,77.86538599383553,29.175254820711416,23.58876803138039,19.317142857142844,1731.5,0
09/12/2012,1731.5,1732.54,1746.7,1725.79,-0.01,1693.9271428571428,1628.7156,74.71367070099905,29.76623884453602,24.824262194011517,19.167857142857137,1766.9,1
09/13/2012,1766.9,1730.65,1772.87,1717.25,2.04,1700.8235714285715,1631.9586000000002,80.51324189368566,32.71397574246657,26.40220490370253,22.353571428571417,1772.48,1
09/14/2012,1772.48,1766.44,1778.01,1765.04,0.32,1708.565,1635.7502000000002,84.39761330455761,35.095775582811484,28.14091903952432,22.28999999999998,1761.45,0
09/17/2012,1761.45,1774.74,1776.76,1754.59,-0.62,1715.3092857142858,1639.2362,78.50156966916208,35.68202018042848,29.649139267705156,22.783571428571413,1770.95,1
09/18/2012,1770.95,1761.55,1773.61,1752.95,0.54,1723.4807142857146,1643.3252,84.73824851208556,36.492530675080616,31.017817549180247,23.032142857142826,1769.8,0
09/19/2012,1769.8,1769.85,1768.35,1765.65,-0.06,1731.5985714285714,1647.1832000000002,84.35402938153673,36.61993883271339,32.13824180588688,22.502857142857106,1766.7,0
09/20/2012,1766.7,1769.85,1772.5,1756.1,-0.18,1736.9950000000003,1651.0692,78.29376076698374,36.05514535128373,32.921622514966245,20.38999999999997,1773.05,1
09/21/2012,1773.05,1767.3,1787.81,1766.4,0.36,1742.7557142857145,1654.7492000000002,79.09241757448955,35.70831119516333,33.47896025100567,21.21142857142854,1764.15,0
09/24/2012,1764.15,1773.39,1773.39,1755.8,-0.5,1747.5949999999998,1658.2451999999998,73.60462685527145,34.31967120167678,33.64710244113989,21.71857142857141,1760.65,0
09/25/2012,1760.65,1764.26,1775.51,1758.41,-0.2,1752.3807142857145,1661.8032,73.22196034936923,32.56139575149018,33.429961103209955,22.314999999999973,1752.2,0
09/26/2012,1752.2,1760.5,1766.01,1738.11,-0.48,1755.9914285714287,1665.3712,67.4659664155898,30.13868540446083,32.771705963460136,22.745714285714275,1777.9,1
09/27/2012,1777.9,1754.9,1780.81,1751.36,1.47,1758.9485714285713,1669.2881999999997,65.26999114783126,29.94723216499915,32.20681120376794,21.092142857142854,1771.22,0
09/28/2012,1771.22,1777.72,1783.63,1767.53,-0.38,1762.1928571428573,1673.04,67.26471035426489,28.92307669630418,31.55006430227519,21.1457142857143,1774.4,1
10/01/2012,1774.4,1771.2,1791.81,1763.55,0.18,1765.2392857142859,1676.99,66.5605342859362,28.044743190103873,30.849000079840927,22.274285714285725,1778.0,1
10/02/2012,1778.0,1776.4,1784.81,1771.57,0.2,1768.5607142857145,1680.94,67.59763851044507,27.32417143236762,30.144034350346267,21.726428571428578,1779.15,1
10/03/2012,1779.15,1774.1,1782.31,1771.0,0.06,1769.435714285714,1684.4154,56.25830182895679,26.539972232632635,29.423221926803542,18.561428571428582,1790.55,1
10/04/2012,1790.55,1779.19,1796.9,1779.19,0.64,1770.7264285714286,1687.9024,58.71347285176968,26.532523033608186,28.845082148164472,18.90285714285715,1780.98,0
10/05/2012,1780.98,1790.79,1796.19,1772.84,-0.53,1772.1214285714286,1691.0564,59.55199060941016,25.46090302829134,28.168246324189848,18.987142857142867,1774.9,0
10/08/2012,1774.9,1780.71,1780.9,1766.75,-0.34,1772.4035714285712,1694.1324000000002,51.99878554802147,23.846147718959855,27.303826603143854,18.527857142857165,1764.15,0
10/09/2012,1764.15,1775.45,1779.96,1760.55,-0.61,1772.0,1697.1373999999998,47.394151831011946,21.451725209153665,26.133406324345817,19.535714285714317,1762.55,0
10/10/2012,1762.55,1764.26,1768.41,1757.47,-0.09,1771.7035714285714,1700.4044000000001,48.059115143578666,19.203653724728156,24.747455804422287,19.145714285714316,1768.8,1
10/11/2012,1768.8,1761.8,1775.31,1758.7,0.35,1771.3999999999999,1703.9734000000003,48.01048590955903,17.722074599042116,23.342379563346256,18.802857142857174,1754.25,0
10/12/2012,1754.25,1768.79,1773.6,1752.34,-0.82,1770.6928571428573,1706.9724,45.59843499911076,15.198648507988537,21.713633352274712,19.065000000000023,1736.1,0
10/15/2012,1736.1,1753.6,1753.6,1729.36,-1.03,1768.939285714286,1709.4744,40.343009991346015,11.60053805479265,19.691014292778302,19.621428571428606,1747.8,1
10/16/2012,1747.8,1736.3,1748.61,1734.9,0.67,1768.625,1712.2068,48.31236575636696,9.582639117903682,17.66933925780338,18.60785714285716,1750.3,1
10/17/2012,1750.3,1748.4,1753.81,1743.2,0.14,1766.6535714285715,1714.9748000000002,37.1220604703247,8.091890502188335,15.753849506680371,17.262142857142862,1741.7,0
10/18/2012,1741.7,1749.91,1752.4,1738.41,-0.49,1764.545,1717.4548000000002,36.46864686468646,6.145669900107123,13.832213585365723,17.11142857142857,1720.9,0
10/19/2012,1720.9,1740.59,1743.58,1716.29,-1.19,1760.7235714285712,1719.4718,28.887134964482996,2.891557805597813,11.644082429412142,17.042142857142853,1729.45,1
10/22/2012,1729.45,1721.8,1729.61,1714.0,0.5,1757.2557142857142,1721.8578,31.560957083175083,0.9911388391806213,9.51349371136584,17.21142857142856,1708.7,0
10/23/2012,1708.7,1728.4,1730.6,1704.11,-1.2,1752.2235714285714,1724.0588,26.71074380165284,-2.164359084242051,7.177923152244262,18.295714285714276,1702.43,0
10/24/2012,1702.43,1708.39,1714.56,1698.89,-0.37,1745.9292857142857,1726.0397999999998,19.846701341363286,-5.112121171433955,4.71991428750862,18.147142857142835,1711.8,1
10/25/2012,1711.8,1701.85,1718.21,1701.4,0.55,1740.987857142857,1727.9798,26.295230263157848,-6.61589920360484,2.4527515892859277,17.679999999999968,1711.35,0
10/26/2012,1711.35,1712.0,1718.91,1700.95,-0.03,1736.4485714285715,1729.8908000000001,27.350488274288907,-7.754575448712103,0.4112861816863216,17.946428571428537,1709.85,0
10/29/2012,1709.85,1711.5,1717.57,1706.0,-0.09,1732.57,1731.6738,29.28113553113546,-8.67798760144592,-1.4065685749401269,17.386428571428528,1709.49,0
10/30/2012,1709.49,1710.06,1715.61,1705.2,-0.02,1728.7800000000002,1733.0936000000002,29.5608628659476,-9.331282164397635,-2.9915112928316283,17.348571428571372,1720.55,1
10/31/2012,1720.55,1709.96,1726.05,1709.54,0.65,1725.3335714285715,1734.4246000000003,32.07785454275309,-8.854504033782632,-4.16410984102183,17.344999999999946,1714.7,0
11/01/2012,1714.7,1720.66,1727.11,1713.55,-0.34,1722.5085714285717,1735.3056,34.294337225001954,-8.846720552146735,-5.100631983246811,16.79499999999994,1677.85,0
11/02/2012,1677.85,1714.79,1717.06,1674.44,-2.15,1718.347857142857,1735.4556000000002,29.859622432750115,-11.679406194145258,-6.4163868254265015,18.0614285714285,1684.6,1
11/05/2012,1684.6,1677.2,1686.57,1672.85,0.4,1713.8335714285713,1735.8656,27.373621652584774,-13.22718661230192,-7.778546782801586,18.0621428571428,1715.95,1
11/06/2012,1715.95,1684.93,1721.01,1683.8,1.86,1711.3799999999999,1736.844,39.80772654441874,-11.78824321784009,-8.580486069809288,19.962142857142812,1716.69,1
11/07/2012,1716.69,1715.98,1731.79,1702.97,0.04,1709.5935714285713,1738.0467999999998,42.21599751011515,-10.467495621406215,-8.957887980128673,21.02142857142852,1730.99,1
11/08/2012,1730.99,1717.32,1735.82,1713.61,0.83,1710.3142857142855,1739.5436000000002,53.27278624716183,-8.172693423386363,-8.800849068780211,20.65857142857138,1731.24,1
11/09/2012,1731.24,1731.64,1739.05,1727.05,0.01,1710.442142857143,1740.3454000000002,50.61364415495372,-6.2616923460386715,-8.293017724231904,20.400714285714248,1728.35,0
11/12/2012,1728.35,1732.0,1738.41,1725.9,-0.17,1711.8457142857144,1741.0644,57.67638096726302,-4.923652272948402,-7.619144633975203,19.402142857142817,1725.5,0
11/13/2012,1725.5,1728.51,1733.21,1718.3,-0.16,1713.4935714285714,1741.6463999999999,59.259853897407055,-4.046570708299441,-6.904629848840051,19.34785714285712,1726.45,1
11/14/2012,1726.45,1725.5,1733.4,1720.81,0.06,1714.5400000000002,1742.3023999999998,56.306500215238955,-3.237500300574311,-6.171203939186904,19.04642857142856,1715.8,0
11/15/2012,1715.8,1726.45,1727.96,1705.3,-0.62,1714.857857142857,1742.5854000000002,51.760981400870605,-3.416291288247521,-5.6202214089990274,19.38214285714285,1713.7,0
11/16/2012,1713.7,1716.11,1717.51,1706.1,-0.12,1715.1328571428571,1742.1294,51.51634501772356,-3.6849589704613663,-5.233168921291496,19.37071428571429,1731.94,1
11/19/2012,1731.94,1713.54,1735.34,1713.43,1.06,1716.7364285714284,1742.2522,57.750466063660845,-2.3984170238147726,-4.666218541796151,20.192142857142862,1728.65,0
11/20/2012,1728.65,1732.11,1735.81,1722.4,-0.19,1717.315,1742.1902000000002,52.95491025828109,-1.6255603189056274,-4.058086897218046,19.967142857142854,1729.11,1
11/21/2012,1729.11,1728.57,1732.08,1720.91,0.03,1718.3442857142857,1742.1424000000002,55.47201336675015,-0.9648257458982243,-3.4394346669540816,19.79642857142856,1729.55,1
11/22/2012,1729.55,1729.09,1732.75,1728.35,0.03,1722.037142857143,1741.3953999999999,77.1362586605081,-0.40106132834648633,-2.831759999232563,17.066428571428577,1753.0,1
11/23/2012,1753.0,1729.55,1754.6,1728.39,1.36,1726.9228571428573,1741.0058,80.54662379421225,1.9158602105144382,-1.8822359572831628,17.958571428571418,1749.1,0
11/26/2012,1749.1,1753.11,1753.11,1746.1,-0.22,1729.2907142857143,1740.7588,69.61306354277593,3.398167852521965,-0.8261551953221373,15.801428571428557,1742.05,0
11/27/2012,1742.05,1748.94,1751.8,1738.89,-0.4,1731.1021428571426,1740.1808,63.961682448799785,3.958401271729599,0.13075609808820987,14.66499999999998,1719.69,0
11/28/2012,1719.69,1741.92,1743.23,1706.03,-1.28,1730.295,1739.1786000000002,44.286003236245975,2.568516899066708,0.6183082582839095,15.735714285714266,1725.4,1
11/29/2012,1725.4,1719.5,1728.71,1718.4,0.33,1729.877857142857,1738.3526000000002,47.2014567759249,1.9058038788996328,0.8758073824070541,15.614999999999977,1714.8,0
11/30/2012,1714.8,1725.71,1731.9,1709.09,-0.61,1728.91,1737.1876000000002,43.95359214636325,0.5192816678982126,0.8045022395052859,16.350714285714275,1715.25,1
12/03/2012,1715.25,1713.9,1722.11,1712.99,0.03,1728.1778571428572,1736.2096000000001,45.32603739170087,-0.5370452115801072,0.5361927492882073,15.937142857142833,1697.35,0
12/04/2012,1697.35,1715.55,1717.67,1691.25,-1.04,1726.0992857142858,1734.9435999999998,38.50710900473929,-2.786451795655239,-0.128336159700482,16.924999999999972,1693.99,0
12/05/2012,1693.99,1697.47,1707.18,1684.98,-0.2,1724.5414285714287,1733.7794000000001,40.859944681921064,-4.785087133085199,-1.0596863543774253,16.892142857142826,1699.14,1
12/06/2012,1699.14,1693.87,1703.38,1686.11,0.3,1723.5014285714285,1732.2042000000001,44.05034324942795,-5.885612401634944,-2.0248715638289294,17.310714285714262,1703.65,1
12/07/2012,1703.65,1699.31,1705.61,1684.4,0.27,1721.4807142857142,1730.8528,36.978735156034276,-6.321002712873224,-2.884097793637788,17.26071428571426,1710.25,1
12/10/2012,1710.25,1704.45,1717.6,1702.64,0.39,1720.1664285714285,1729.5697999999998,41.78131141683041,-6.063590532642593,-3.519996341438749,17.37142857142854,1710.1,0
12/11/2012,1710.1,1712.3,1714.6,1705.04,-0.01,1718.8085714285714,1728.2118,41.485263817970115,-5.804779388215138,-3.9769529507940273,17.25642857142855,1711.95,1
12/12/2012,1711.95,1709.99,1723.41,1707.84,0.11,1717.5514285714287,1726.8678,42.215145081387185,-5.38827744442483,-4.259217849520188,18.054285714285697,1697.3,0
12/13/2012,1697.3,1711.81,1712.11,1689.55,-0.86,1713.5728571428572,1725.0028,23.282808902532707,-6.169214355193844,-4.64121715065492,17.793571428571422,1695.47,0
12/14/2012,1695.47,1697.41,1700.74,1693.45,-0.11,1709.7421428571429,1723.2926,23.75452676911044,-6.856737982090863,-5.084321316942109,17.813571428571418,1697.93,1
12/17/2012,1697.93,1695.76,1700.03,1687.05,0.15,1706.5907142857143,1721.7531999999999,27.392908382865485,-7.121017313909306,-5.491660516335549,17.81857142857143,1670.15,0
12/18/2012,1670.15,1698.21,1703.47,1661.62,-1.64,1703.0521428571428,1719.8732,25.95145631067973,-9.462990952069958,-6.285926603482431,18.150714285714294,1666.94,0
12/19/2012,1666.94,1670.38,1676.99,1663.42,-0.19,1698.8764285714285,1717.961,20.91542288557224,-11.446098606445958,-7.317961004075137,18.383571428571436,1647.75,0
12/20/2012,1647.75,1667.22,1672.12,1635.7,-1.15,1694.0871428571427,1715.54,19.268493904115985,-14.400201770342164,-8.734409157328543,19.35571428571427,1656.99,1
12/21/2012,1656.99,1647.64,1659.68,1635.62,0.56,1689.9257142857143,1713.5947999999999,25.288428910756778,-15.813471180570104,-10.150221561976856,20.422857142857147,1657.48,1
12/24/2012,1657.48,1657.79,1665.9,1652.13,0.03,1687.077857142857,1712.0224000000003,30.158256195879474,-16.7014347221384,-11.460464194009166,19.51928571428571,1658.9,1
12/25/2012,1658.9,1657.91,1663.15,1657.81,0.09,1684.5714285714287,1710.2444,32.193240637369456,-17.093526559866632,-12.587076667180659,18.33857142857143,1660.14,1
12/26/2012,1660.14,1658.12,1667.89,1650.38,0.07,1681.7857142857142,1708.4412,29.391249207355813,-17.10700561723388,-13.491062457191303,18.35571428571427,1663.9,1
12/27/2012,1663.9,1660.31,1665.76,1653.05,0.23,1678.9464285714287,1706.8852,28.827101310322874,-16.622671481356747,-14.117384262024391,17.74857142857143,1655.4,0
12/28/2012,1655.4,1663.84,1666.49,1653.44,-0.51,1675.0285714285715,1705.5752,21.363683825832894,-16.731837939214984,-14.64027499746251,17.612142857142867,1674.95,1
12/31/2012,1674.95,1656.21,1680.71,1655.71,1.18,1672.517857142857,1704.4851999999998,34.73994963966321,-15.067146839938914,-14.725649365957793,18.737142857142867,1675.15,1
01/01/2013,1675.15,1675.26,1676.21,1664.55,0.01,1669.889285714286,1703.8141999999998,33.79140239605361,-13.575241883640956,-14.495567869494426,18.457857142857147,1686.75,1
01/02/2013,1686.75,1675.03,1695.1,1670.39,0.69,1669.1357142857144,1703.5006,45.22494794966961,-11.32631074256824,-13.86171644410919,18.61142857142857,1663.35,0
01/03/2013,1663.35,1686.54,1690.0,1660.89,-1.39,1666.8414285714287,1702.5316,37.8370190851257,-11.30191955520263,-13.349757066327879,20.16999999999999,1656.85,0
01/04/2013,1656.85,1663.42,1664.42,1626.4,-0.39,1663.9071428571428,1701.4416,34.90593768371542,-11.672531365042232,-13.01431192607075,21.958571428571418,1647.25,0
01/07/2013,1647.25,1656.51,1662.71,1642.75,-0.58,1662.2714285714285,1700.1896000000002,40.28837998303644,-12.595688408477372,-12.930587222552075,20.394999999999982,1659.0,1
01/08/2013,1659.0,1647.21,1662.3,1646.64,0.71,1661.7042857142858,1699.1798000000001,46.86017083201516,-12.238097050388205,-12.792089188119302,20.54428571428569,1657.9,0
01/09/2013,1657.9,1658.83,1666.41,1651.45,-0.07,1662.429285714286,1697.9268,54.68389478541768,-11.906216675243058,-12.614914685544054,19.01142857142856,1675.25,1
01/10/2013,1675.25,1657.97,1679.21,1654.1,1.05,1663.7335714285714,1697.1378,57.83960157994162,-10.126467473345656,-12.117225243104375,19.08642857142856,1663.05,0
01/11/2013,1663.05,1675.28,1677.05,1654.05,-0.73,1664.1314285714286,1696.8418,52.17289537333227,-9.58989510749052,-11.611759215981605,19.745714285714275,1667.2,1
01/14/2013,1667.2,1661.95,1674.8,1660.04,0.25,1664.7242857142858,1696.4938,53.17035905271199,-8.72916296777521,-11.035239966340326,20.394999999999982,1678.9,1
01/15/2013,1678.9,1666.94,1685.3,1666.44,0.7,1666.064285714286,1695.7528000000002,56.63554046406338,-7.021989206257103,-10.232589814323681,20.491428571428546,1679.5,1
01/16/2013,1679.5,1678.65,1685.11,1673.55,0.04,1667.1785714285713,1695.0090000000002,55.64399421128796,-5.556573989041908,-9.297386649267327,20.409285714285684,1687.64,1
01/17/2013,1687.64,1679.79,1695.94,1666.94,0.48,1669.4814285714288,1694.142,61.694718514219396,-3.6957891437705257,-8.177067148167968,21.5485714285714,1683.95,0
01/18/2013,1683.95,1687.25,1695.51,1683.6,-0.22,1670.1242857142856,1693.1961999999999,53.68912936546974,-2.49015099840085,-7.0396839182145445,20.591428571428555,1690.05,1
01/21/2013,1690.05,1684.9,1691.6,1684.9,0.36,1671.1885714285713,1692.4302000000002,55.82577416327802,-1.0305752321035015,-5.837862180992337,20.304999999999968,1692.1,1
01/22/2013,1692.1,1690.05,1696.26,1686.64,0.12,1671.570714285714,1691.7622000000001,52.26062705991714,0.28824424556046324,-4.612640895681777,19.22714285714283,1685.75,0
01/23/2013,1685.75,1692.37,1695.61,1683.45,-0.38,1673.1707142857142,1690.9482,61.05845181674573,0.8116698278263357,-3.527778750980154,18.01642857142854,1667.74,0
01/24/2013,1667.74,1686.35,1686.45,1665.08,-1.07,1673.9485714285715,1689.987,54.827555634364806,-0.2241838593195098,-2.8670597726480254,16.827142857142835,1658.69,0
01/25/2013,1658.69,1667.88,1672.59,1655.78,-0.54,1674.7657142857145,1688.8868000000002,55.09622238061301,-1.755132658543971,-2.644674349827215,16.60214285714283,1654.95,0
01/28/2013,1654.95,1658.76,1662.81,1652.54,-0.23,1674.4764285714286,1687.3470000000002,48.057181233809864,-3.2329400350470223,-2.7623274868711767,16.21714285714284,1663.85,1
01/29/2013,1663.85,1655.2,1666.06,1654.3,0.54,1674.9014285714286,1686.0509999999997,52.65553869499234,-3.64395219572566,-2.938652428642073,15.988571428571406,1677.1,1
01/30/2013,1677.1,1663.96,1683.79,1662.79,0.8,1675.0335714285716,1685.0107999999998,50.85703696840541,-2.8674636926020867,-2.924414681434076,15.694999999999968,1663.6,0
01/31/2013,1663.6,1677.42,1681.01,1658.15,-0.8,1675.0728571428572,1683.6918000000003,50.25176233635446,-3.303349182262309,-3.0002015815997227,15.684999999999961,1667.15,1
02/01/2013,1667.15,1664.02,1682.31,1660.35,0.21,1675.0692857142858,1681.9748000000002,49.97698609960418,-3.3240190196622734,-3.064965069212233,16.19928571428568,1674.4,1
02/04/2013,1674.4,1667.55,1677.61,1661.79,0.43,1674.747857142857,1680.4807999999998,47.840276444615085,-2.723985199737399,-2.9967690953172665,15.982142857142824,1673.0,0
02/05/2013,1673.0,1674.21,1684.9,1666.76,-0.08,1674.2835714285716,1679.0997999999997,46.90417222328062,-2.3345115778618037,-2.864317591826174,16.452142857142835,1677.49,1
02/06/2013,1677.49,1672.62,1679.49,1668.22,0.27,1673.5585714285714,1678.2558,44.99161156616989,-1.6445876680977563,-2.6203716070804908,15.185714285714264,1671.3,0
02/07/2013,1671.3,1677.71,1683.51,1663.41,-0.37,1672.6550000000002,1677.1738,43.90831166329572,-1.5790964263385376,-2.4121165709321004,15.77071428571425,1667.5,0
02/08/2013,1667.5,1671.72,1673.91,1665.45,-0.23,1671.0442857142857,1676.2278,38.89490790899244,-1.8129241266540248,-2.292278082076485,15.828571428571406,1649.74,0
02/11/2013,1649.74,1666.93,1669.7,1643.62,-1.07,1668.0185714285715,1674.9176,31.934493346980602,-3.392214500102,-2.5122653656815883,17.00428571428571,1650.8,1
02/12/2013,1650.8,1647.94,1653.5,1639.22,0.06,1665.5221428571429,1673.9866,34.39035283608753,-4.5063341431155095,-2.9110791211683726,17.15571428571429,1642.74,0
02/13/2013,1642.74,1650.85,1653.59,1640.33,-0.49,1663.7364285714284,1672.9616,37.74509803921569,-5.970828631025142,-3.5230290231397268,16.57642857142857,1634.85,0
02/14/2013,1634.85,1642.84,1650.05,1632.72,-0.48,1662.0335714285716,1671.6758000000002,38.17929393097972,-7.679582675614938,-4.354339753634769,16.613571428571422,1609.44,0
02/15/2013,1609.44,1634.53,1636.1,1598.42,-1.55,1658.782857142857,1669.7916,31.426006040323244,-10.957842024788079,-5.675040207865431,18.571428571428555,1610.05,1
02/18/2013,1610.05,1609.95,1619.0,1607.33,0.04,1654.94,1667.7876,26.448958150936818,-13.352742175567073,-7.210580601405759,18.56499999999999,1604.6,0
02/19/2013,1604.6,1609.93,1615.34,1600.72,-0.34,1649.7614285714285,1665.6776,15.936853974816785,-15.511678280302249,-8.870800137185057,18.109285714285697,1562.9,0
02/20/2013,1562.9,1604.71,1609.82,1558.85,-2.6,1642.5685714285714,1662.6966,12.598425196850428,-20.35287690047562,-11.16721548984317,20.11714285714285,1576.05,1
02/21/2013,1576.05,1563.09,1584.88,1554.88,0.84,1636.0614285714285,1660.2716,18.416308417695035,-22.864894316275922,-13.506751255129721,20.69142857142856,1580.7,1
02/22/2013,1580.7,1576.0,1587.25,1570.16,0.3,1629.3685714285714,1657.9762,16.918514334133505,-24.201490362087725,-15.645699076521325,20.782142857142844,1594.24,1
02/25/2013,1594.24,1581.29,1597.18,1575.18,0.86,1623.7428571428572,1655.9024000000002,24.38865764828296,-23.892766576189615,-17.295112576454983,21.057857142857124,1613.49,1
02/26/2013,1613.49,1593.93,1620.05,1584.6,1.21,1619.1714285714284,1654.7691999999997,31.01115594588174,-21.842994190358922,-18.20468889923577,22.784999999999986,1597.6,0
02/27/2013,1597.6,1613.39,1614.89,1592.33,-0.98,1613.9071428571428,1653.3824,29.323308270676634,-21.255702501284986,-18.814891619645614,22.96071428571429,1580.14,0
02/28/2013,1580.14,1597.38,1602.98,1574.72,-1.09,1607.6671428571428,1652.0302,27.235772357723533,-21.94616396994479,-19.44114608970545,24.375,1575.24,0
03/01/2013,1575.24,1580.18,1587.29,1564.83,-0.31,1602.345714285714,1650.3952000000002,29.192269020221147,-22.627908266245868,-20.078498525013536,24.116428571428564,1573.95,0
03/04/2013,1573.95,1579.01,1585.11,1569.65,-0.08,1596.8564285714285,1648.7246,28.56345885634586,-23.007076495356387,-20.664214119082107,24.200714285714266,1575.44,1
03/05/2013,1575.44,1573.88,1586.3,1571.72,0.09,1592.0492857142858,1647.0554000000002,30.51308779244843,-22.923096315937073,-21.1159905584531,24.294999999999977,1583.69,1
03/06/2013,1583.69,1575.28,1584.79,1567.53,0.52,1588.395,1645.5264000000002,35.217290799815075,-21.937948354102218,-21.280382117582924,24.28999999999998,1578.9,0
03/07/2013,1578.9,1583.59,1585.89,1574.94,-0.3,1586.2135714285716,1643.8264000000001,39.98162970738747,-21.298211935524023,-21.283948081171143,22.38071428571428,1578.35,0
03/08/2013,1578.35,1579.12,1583.51,1561.41,-0.03,1583.9492857142857,1642.2854,39.59700708847464,-20.598153921702988,-21.14678924927751,23.12571428571427,1581.0,1
03/11/2013,1581.0,1578.4,1583.61,1575.65,0.17,1582.2635714285714,1640.4064,42.11018989034504,-19.603542612621823,-20.838139921946375,22.649999999999977,1592.7,1
03/12/2013,1592.7,1582.01,1598.81,1580.25,0.74,1584.392142857143,1638.7574000000002,62.46236199397788,-17.667553209636708,-20.204022579484445,20.334999999999972,1587.8,0
03/13/2013,1587.8,1592.91,1599.61,1585.55,-0.31,1585.2314285714288,1636.7784,55.278052286407316,-16.34029594849835,-19.431277253287227,19.196428571428537,1590.3,1
03/14/2013,1590.3,1587.9,1593.5,1576.99,0.16,1585.9171428571428,1635.3174,54.39721509710511,-14.914777627680678,-18.527977328165917,19.154999999999973,1592.45,1
03/15/2013,1592.45,1590.41,1598.81,1588.9,0.14,1585.7892857142856,1634.0294000000001,49.08458627390818,-13.456439597094686,-17.513669781951673,18.291428571428533,1605.3,1
03/18/2013,1605.3,1597.26,1611.31,1592.56,0.81,1585.2042857142858,1633.1903999999997,45.51822261136039,-11.135446101939806,-16.2380250459493,17.106428571428523,1613.4,1
03/19/2013,1613.4,1605.41,1615.77,1600.15,0.5,1586.3328571428572,1632.2784,59.452022014836146,-8.54395038804978,-14.699210114369397,16.610714285714216,1606.5,0
03/20/2013,1606.5,1613.5,1615.21,1603.55,-0.43,1588.2157142857143,1631.2504000000001,68.0498493563405,-6.966636647673795,-13.152695421030277,15.424999999999939,1614.7,1
03/21/2013,1614.7,1606.58,1616.97,1604.65,0.51,1591.034285714286,1630.0394000000001,75.85167714884678,-4.997326604385762,-11.521621657701376,14.700714285714216,1608.45,0
03/22/2013,1608.45,1614.7,1616.35,1603.79,-0.39,1593.4985714285715,1628.9474,71.22293307086598,-3.8960457829562074,-9.996506482752341,14.49357142857137,1605.4,0
03/25/2013,1605.4,1609.3,1613.76,1589.99,-0.19,1595.6385714285714,1627.7114000000001,68.0830516658618,-3.2321243897229124,-8.643630064146457,15.149999999999945,1599.2,0
03/26/2013,1599.2,1605.6,1606.27,1594.85,-0.39,1596.7464285714286,1626.1174,59.59896026735974,-3.169711624201227,-7.548846376157411,14.732857142857094,1605.4,1
03/27/2013,1605.4,1599.31,1608.61,1591.5,0.39,1598.6392857142855,1624.6354,66.11922141119207,-2.590103769457073,-6.557097854817345,15.172857142857083,1596.74,0
03/28/2013,1596.74,1605.76,1607.88,1594.06,-0.54,1599.952857142857,1622.8174,60.1815967224006,-2.7973044101051983,-5.805139165874916,14.58142857142853,1598.9,1
04/01/2013,1598.9,1597.74,1601.31,1594.94,0.14,1601.2314285714288,1621.1163999999999,59.96437319082608,-2.7554552891303956,-5.1952023905260125,14.467857142857108,1575.85,0
04/02/2013,1575.85,1599.6,1604.21,1574.0,-1.44,1600.027857142857,1618.8324,41.67243253929029,-4.530012755157259,-5.062164463452262,15.29999999999997,1557.85,0
04/03/2013,1557.85,1576.04,1577.41,1550.19,-1.14,1597.8885714285714,1616.1473999999998,36.89507307254753,-7.3046089150909665,-5.510653353780003,16.239999999999977,1553.32,0
04/04/2013,1553.32,1557.96,1559.87,1540.35,-0.29,1595.2471428571428,1613.4988,34.10146173688743,-9.756561930251792,-6.359835069074361,16.454999999999977,1582.0,1
04/05/2013,1582.0,1553.32,1582.05,1549.34,1.85,1594.5007142857144,1611.7839999999999,46.34180494293916,-9.278558601044324,-6.943579775468354,18.083571428571418,1573.7,0
04/08/2013,1573.7,1581.25,1583.37,1567.55,-0.52,1592.2435714285714,1610.0841999999998,38.57390801272789,-9.460424270741669,-7.446948674523018,17.866428571428564,1585.2,1
04/09/2013,1585.2,1572.94,1590.5,1570.44,0.73,1590.2292857142857,1608.6891999999998,40.047995482778106,-8.57772159861588,-7.673103259341591,18.183571428571423,1558.75,0
04/10/2013,1558.75,1584.95,1588.91,1556.0,-1.67,1586.8185714285714,1606.5872,35.19196179371089,-9.898365127877696,-8.118155633048813,19.70142857142857,1561.35,1
04/11/2013,1561.35,1559.3,1568.42,1553.71,0.17,1583.0078571428571,1604.2722,32.859988434106526,-10.612848062451803,-8.617094118929412,19.872142857142858,1478.85,0
04/12/2013,1478.85,1560.69,1564.86,1477.5,-5.28,1573.7507142857144,1600.5772,22.054510953941715,-17.632880583130145,-10.42025141176956,25.215,1353.25,0
04/15/2013,1353.25,1478.3,1495.66,1336.54,-8.49,1555.74,1594.2992000000002,14.42880117371557,-32.95133477359718,-14.926468084135085,34.882857142857155,1368.9,1
04/16/2013,1368.9,1353.86,1402.35,1322.46,1.16,1539.2899999999997,1588.1892,18.354952182038062,-43.32902583708483,-20.606979634725036,39.77357142857142,1377.0,1
04/17/2013,1377.0,1369.3,1395.1,1365.1,0.59,1522.975714285714,1582.2692000000002,18.779047514899673,-50.31976355534903,-26.549536418849836,40.69428571428572,1391.25,1
04/18/2013,1391.25,1376.8,1401.96,1340.36,1.03,1508.297857142857,1576.5444,22.333521824595422,-54.086640530566456,-32.05695724119316,44.107142857142854,1404.35,1
04/19/2013,1404.35,1391.21,1425.01,1386.46,0.94,1494.4014285714286,1571.2054,24.555988595642248,-55.3765112031092,-36.720868033576366,46.40571428571429,1426.25,1
04/22/2013,1426.25,1405.17,1439.77,1404.61,1.56,1483.7157142857143,1566.3804,30.375695246090885,-54.009013739111424,-40.17849717468338,46.77785714285715,1413.35,0
04/23/2013,1413.35,1426.86,1432.42,1406.55,-0.9,1473.3942857142858,1561.6526,30.78764027016966,-53.35118508510595,-42.8130347567679,46.68142857142858,1431.3,1
04/24/2013,1431.3,1412.69,1433.4,1411.79,1.27,1464.678571428571,1557.2626,34.33552428879531,-50.79589271988675,-44.409606349391666,46.83071428571431,1467.85,1
04/25/2013,1467.85,1431.45,1469.46,1427.25,2.55,1456.525,1553.7648000000002,35.63608909022271,-45.29934294406121,-44.587553668325576,47.50928571428574,1463.0,0
04/26/2013,1463.0,1467.95,1485.31,1448.69,-0.33,1448.6178571428572,1550.3278,35.94821020563593,-40.86359206050497,-43.84276134676146,48.99500000000002,1476.65,1
04/29/2013,1476.65,1464.85,1478.56,1462.45,0.93,1440.8642857142856,1547.672,36.29592223204141,-35.83371781201504,-42.24095263981218,48.71285714285716,1477.1,1
04/30/2013,1477.1,1475.99,1479.31,1460.99,0.03,1435.0321428571428,1545.0130000000001,38.967707066612604,-31.448674251950024,-40.08249696223975,47.67071428571429,1457.6,0
05/01/2013,1457.6,1476.55,1478.57,1440.6,-1.32,1427.6214285714284,1542.0729999999999,36.59387517767153,-29.210264918543317,-37.908050553500466,49.33214285714286,1467.1,1
05/02/2013,1467.1,1457.65,1474.26,1449.3,0.65,1426.7821428571428,1540.1570000000002,48.128682911291605,-26.365810142586042,-35.59960247131758,44.875000000000014,1470.7,1
05/03/2013,1470.7,1467.45,1488.3,1456.4,0.25,1435.1714285714284,1538.05,80.59390466267257,-23.549604148402068,-33.189602806734484,35.78785714285714,1469.5,0
05/06/2013,1469.5,1470.5,1479.06,1465.1,-0.08,1442.357142857143,1535.826,78.33802816901405,-21.170529889159525,-30.785788223219495,31.07857142857144,1452.6,0
05/07/2013,1452.6,1470.2,1470.78,1441.72,-1.15,1447.757142857143,1532.9932000000001,70.28985507246372,-20.41347136822401,-28.711324852220397,31.011428571428578,1472.8,1
05/08/2013,1472.8,1452.7,1476.97,1447.9,1.39,1453.5821428571428,1530.1794,71.20936280884261,-17.976306186656757,-26.564321119107667,28.687857142857133,1458.2,0
05/09/2013,1458.2,1473.3,1476.01,1453.7,-0.99,1457.4285714285713,1527.3914000000002,63.8967741935484,-17.026660461079246,-24.656788987501987,27.527857142857133,1448.2,0
05/10/2013,1448.2,1458.79,1462.36,1421.11,-0.69,1458.9964285714286,1524.7526,56.03519384107782,-16.88632081327819,-23.10269535265723,27.9442857142857,1430.55,0
05/13/2013,1430.55,1448.69,1448.69,1426.34,-1.22,1460.2250000000001,1521.8588,54.608788853161855,-17.99190860131739,-22.08053800238926,27.69285714285713,1426.0,0
05/14/2013,1426.0,1431.1,1445.57,1422.26,-0.32,1459.8464285714288,1518.8998000000001,48.469976905311796,-19.016036827258404,-21.46763776736309,27.81428571428569,1392.9,0
05/15/2013,1392.9,1426.5,1430.85,1389.65,-2.32,1454.492857142857,1515.249,27.923416789396228,-22.242165359522687,-21.62254328579501,27.742142857142817,1386.3,0
05/16/2013,1386.3,1392.71,1398.52,1369.9,-0.47,1449.0142857142857,1511.3011999999999,27.638483965014586,-25.04278269551878,-22.306591167739768,27.170714285714244,1359.2,0
05/17/2013,1359.2,1387.39,1392.96,1355.6,-1.95,1440.625,1506.9072,18.248175182481745,-29.113434081891683,-23.66795975057015,28.688571428571404,1394.15,1
05/20/2013,1394.15,1363.09,1399.1,1339.45,2.57,1434.7,1503.2231999999997,31.10047846889958,-29.182879651478515,-24.770943730751824,31.640714285714257,1376.3,0
05/21/2013,1376.3,1394.75,1401.76,1360.3,-1.28,1428.892857142857,1499.1291999999999,31.336088154270016,-30.328651768374584,-25.882485338276375,31.88999999999997,1369.4,0
05/22/2013,1369.4,1376.95,1415.11,1355.47,-0.5,1421.9142857142856,1494.6632,27.300185873606026,-31.431138164593676,-26.992215903539837,34.36714285714282,1391.2,1
05/23/2013,1391.2,1369.2,1397.85,1356.74,1.59,1416.2357142857145,1490.7312,32.96915167095116,-30.197688609898023,-27.633310444811478,35.02499999999996,1386.05,0
05/24/2013,1386.05,1391.2,1398.45,1382.7,-0.37,1410.275,1486.6462000000001,32.42047609016221,-29.29800376094977,-27.96624910803914,35.1528571428571,1394.78,1
05/27/2013,1394.78,1388.15,1396.9,1384.24,0.63,1406.145,1482.6928,37.38546120952965,-27.562831827887976,-27.885565652008907,33.98142857142854,1380.85,0
05/28/2013,1380.85,1394.24,1400.55,1374.14,-1.0,1399.577142857143,1478.2038,29.375084114665114,-27.000485363775624,-27.708549594362253,33.79142857142853,1392.95,1
05/29/2013,1392.95,1380.79,1395.16,1379.99,0.88,1394.9164285714285,1473.7948,35.19804001633322,-25.286960523074868,-27.224231780104777,33.28142857142854,1413.75,1
05/30/2013,1413.75,1392.95,1418.31,1388.69,1.49,1392.455714285714,1469.9397999999999,42.55006271355045,-21.997025556450808,-26.178790535373984,32.45071428571425,1386.9,0
05/31/2013,1386.9,1413.75,1421.5,1384.64,-1.9,1389.337857142857,1465.3838,40.92175866228529,-21.31064316885113,-25.205161062069415,33.48714285714281,1411.6,1
06/03/2013,1411.6,1389.09,1416.61,1388.94,1.78,1388.3092857142856,1461.4468,47.23672090881177,-18.559652487183712,-23.876059347092276,33.94428571428565,1399.9,0
06/04/2013,1399.9,1412.0,1415.62,1389.86,-0.83,1388.8092857142858,1457.3368,51.46345542732899,-17.12614522961303,-22.526076523596426,32.84142857142852,1403.3,1
06/05/2013,1403.3,1398.94,1410.51,1395.69,0.24,1390.0235714285714,1453.4188000000001,53.60230547550432,-15.53663219043824,-21.12818765696479,31.85571428571424,1413.65,1
06/06/2013,1413.65,1403.3,1423.66,1391.84,0.74,1393.9128571428573,1449.5838,62.41959764609281,-13.288590553587028,-19.56026823628924,31.459999999999955,1384.47,0
06/07/2013,1384.47,1413.72,1418.03,1377.86,-2.06,1393.2214285714285,1445.3383999999999,47.73238380809593,-13.70361672923218,-18.388937934877827,30.0685714285714,1386.9,1
06/10/2013,1386.9,1378.89,1389.06,1376.49,0.18,1393.9785714285715,1441.0983999999999,52.67649732350271,-13.678766961099882,-17.446903740122238,28.004999999999963,1379.6,0
06/11/2013,1379.6,1387.01,1387.12,1367.26,-0.53,1394.7071428571428,1437.1734,52.570305412760774,-14.08575056770701,-16.774673105639195,25.163571428571395,1388.4,1
06/12/2013,1388.4,1379.5,1394.87,1374.35,0.64,1394.5071428571428,1433.7844,49.24495739402439,-13.542096691770212,-16.128157822865397,23.692857142857115,1386.05,0
06/13/2013,1386.05,1388.26,1395.27,1374.7,-0.17,1394.5071428571428,1430.4389999999999,50.0,-13.149295544620145,-15.532385367216348,24.037142857142822,1390.7,1
06/14/2013,1390.7,1385.89,1392.11,1378.54,0.34,1394.2157142857143,1426.6129999999998,48.85739890220682,-12.320755665290335,-14.890059426831145,24.102142857142812,1384.85,0
06/17/2013,1384.85,1391.29,1392.11,1380.94,-0.42,1394.5014285714283,1422.836,51.17329578786813,-11.997873928889248,-14.311622327242766,23.013571428571385,1368.4,0
06/18/2013,1368.4,1384.9,1386.16,1361.15,-1.19,1392.7478571428571,1418.5,42.97809049825527,-12.920426711721348,-14.033383204138485,23.71642857142852,1351.3,0
06/19/2013,1351.3,1367.7,1376.02,1349.35,-1.25,1388.287142857143,1414.351,31.751504879901844,-14.860085710103021,-14.198723705331393,23.505714285714248,1278.0,0
06/20/2013,1278.0,1351.51,1348.52,1276.8,-5.42,1380.5085714285713,1408.684,24.972421400992857,-22.05770930473136,-15.770520825211387,26.194285714285684,1297.25,1
06/21/2013,1297.25,1278.34,1348.41,1269.39,1.51,1372.3407142857143,1405.052,23.044646645608495,-25.909890647477596,-17.798394789664627,29.716428571428555,1281.9,0
06/24/2013,1281.9,1297.3,1301.62,1276.35,-1.18,1363.912142857143,1403.625,22.654801631442425,-29.857213458489696,-20.21015852342964,29.68142857142855,1277.35,0
06/25/2013,1277.35,1282.1,1289.41,1271.92,-0.35,1354.9157142857143,1401.7939999999999,20.967221428242254,-32.972555108616234,-22.762637840466958,29.872142857142844,1226.35,0
06/26/2013,1226.35,1278.1,1277.62,1222.91,-3.99,1341.537142857143,1398.781,13.639540301289117,-39.10597030334657,-26.03130433304288,31.507142857142817,1200.75,0
06/27/2013,1200.75,1226.6,1245.46,1198.06,-2.09,1328.4142857142858,1394.971,13.831797779352797,-45.50786573735627,-29.92661661390556,32.023571428571394,1234.25,1
06/28/2013,1234.25,1200.3,1245.61,1181.82,2.79,1317.5107142857144,1391.569,23.2239957902123,-47.33262294933115,-33.40781788099068,35.68214285714282,1253.3,1
07/01/2013,1253.3,1233.49,1261.11,1226.31,1.54,1308.4892857142859,1388.11,28.723045822102463,-46.70321480544476,-36.066897265881494,36.74928571428568,1242.5,0
07/02/2013,1242.5,1253.35,1266.55,1241.8,-0.86,1298.0678571428573,1384.6930000000002,25.585676037483267,-46.539396860172246,-38.16139718473964,37.05142857142854,1252.3,1
07/03/2013,1252.3,1242.65,1260.71,1237.05,0.79,1288.5142857142857,1381.1129999999998,28.163265306122454,-45.098919588404215,-39.548901665472556,37.27214285714284,1250.3,0
07/04/2013,1250.3,1251.3,1257.82,1245.4,-0.16,1278.4857142857143,1376.7619999999997,26.877470355731205,-43.61593688729363,-40.362308709836775,37.189999999999976,1223.8,0
07/05/2013,1223.8,1249.28,1250.86,1207.99,-2.12,1266.982142857143,1371.9779999999998,25.16576715497301,-44.07096825380472,-41.104040618630364,39.45428571428569,1237.0,1
07/08/2013,1237.0,1223.21,1239.41,1215.95,1.08,1257.5964285714285,1367.185,29.532710280373806,-42.87224960074286,-41.457682415052865,39.34357142857141,1249.95,1
07/09/2013,1249.95,1237.4,1261.02,1233.9,1.05,1250.357142857143,1362.6419999999998,34.00662774183368,-40.41146148679718,-41.24843822940173,39.37571428571425,1264.25,1
07/10/2013,1264.25,1250.5,1266.22,1244.47,1.14,1249.375,1358.775,47.333721155710684,-36.88222337488196,-40.375195258497776,35.60785714285711,1285.3,1
07/11/2013,1285.3,1264.8,1298.97,1278.81,1.67,1248.5214285714285,1355.139,47.69882534180626,-32.01763826298384,-38.703683859394985,32.443571428571396,1284.9,0
07/12/2013,1284.9,1286.67,1288.86,1267.9,-0.03,1248.7357142857143,1351.4229999999998,50.612995504699626,-27.873389092545494,-36.53762490602509,32.13571428571424,1282.6,0
07/15/2013,1282.6,1285.45,1294.32,1276.26,-0.18,1249.1107142857143,1347.685,51.08269746339452,-24.492300550548862,-34.12856003492984,32.176428571428524,1292.6,1
07/16/2013,1292.6,1282.3,1295.95,1277.56,0.78,1253.8428571428572,1344.485,66.4432861752296,-20.766464222197783,-31.45614087238343,29.58214285714283,1276.0,0
07/17/2013,1276.0,1293.0,1297.61,1274.21,-1.28,1259.2178571428572,1340.5490000000002,69.55053260587168,-18.934923347025915,-28.951897367311926,27.8678571428571,1285.1,1
07/18/2013,1285.1,1276.1,1288.7,1275.05,0.71,1262.8500000000001,1337.0869999999998,65.12942576614103,-16.55824689671158,-26.47316727319186,24.286428571428537,1296.35,1
07/19/2013,1296.35,1285.2,1297.95,1282.55,0.88,1265.925,1334.05,63.43213728549143,-13.610044584964271,-23.900542735546345,22.900714285714262,1335.9,1
07/22/2013,1335.9,1297.4,1339.77,1311.76,3.05,1272.5964285714288,1332.1570000000002,74.70899470899474,-7.99011349074658,-20.71845688658639,24.234285714285697,1348.1,1
07/23/2013,1348.1,1335.25,1348.3,1327.15,0.91,1279.439285714286,1330.599,75.02612330198538,-2.522758776009141,-17.07931726447094,24.054999999999968,1321.3,0
07/24/2013,1321.3,1347.8,1348.3,1313.55,-1.99,1284.5107142857141,1329.1670000000001,66.41998149861242,-0.34836110747119164,-13.733126033070992,25.649999999999977,1333.65,1
07/25/2013,1333.65,1321.4,1338.02,1309.35,0.93,1292.357142857143,1328.114,77.18386537985651,2.3443819218102817,-10.517624442094737,24.635714285714275,1333.9,1
07/26/2013,1333.9,1333.96,1340.82,1312.82,0.02,1299.2785714285712,1327.608,75.62136435748285,4.447307293221002,-7.524638095031589,24.959999999999987,1327.6,0
07/29/2013,1327.6,1333.91,1338.71,1323.32,-0.47,1304.825,1326.2769999999998,71.27980268566726,5.541652729019006,-4.91137993022147,24.122142857142858,1327.3,0
07/30/2013,1327.3,1328.0,1330.38,1318.5,-0.02,1309.3285714285714,1325.297,68.71475215197387,6.311961515139728,-2.66671164114923,23.417142857142867,1323.1,0
07/31/2013,1323.1,1326.9,1338.87,1305.91,-0.32,1312.0285714285712,1324.371,62.46701846965696,6.508505874463481,-0.8316681380266879,23.291428571428565,1308.95,0
08/01/2013,1308.95,1322.7,1330.77,1307.2,-1.07,1313.7464285714286,1322.726,57.27245237375262,5.459547684481095,0.42657502647486867,23.477857142857147,1312.0,1
08/02/2013,1312.0,1307.79,1318.4,1283.19,0.23,1315.8464285714285,1321.245,58.85009030704398,4.818802120426653,1.3050204452652256,24.70285714285715,1303.95,0
08/05/2013,1303.95,1313.1,1319.91,1297.86,-0.61,1316.6571428571428,1319.4284,53.45720377703325,3.6197131215756144,1.7679589805273035,24.96428571428573,1281.9,0
08/06/2013,1281.9,1303.85,1307.27,1279.85,-1.69,1317.0785714285716,1317.4494,51.739386792452855,0.8800312777857471,1.5903734399789924,25.2514285714286,1287.75,1
08/07/2013,1287.75,1281.95,1289.42,1273.25,0.46,1317.267857142857,1315.3454000000002,50.79651337541331,-0.8098052810560148,1.110337695771991,25.4314285714286,1312.0,1
08/08/2013,1312.0,1287.7,1314.56,1283.85,1.88,1318.3857142857144,1313.3104,54.362977418455564,-0.19004981825605682,0.8502601929663816,26.525000000000027,1314.5,1
08/09/2013,1314.5,1312.09,1317.0,1305.56,0.19,1316.857142857143,1311.8624,42.48067463106109,0.4971095878495362,0.7796300719430126,24.24071428571431,1336.4,1
08/12/2013,1336.4,1314.6,1343.67,1314.6,1.67,1316.0214285714285,1310.3584,46.15131578947374,2.776825822401179,1.179069222034646,24.813571428571468,1321.3,0
08/13/2013,1321.3,1336.9,1341.72,1319.27,-1.13,1316.0214285714285,1308.7864,50.0,3.3267251420936645,1.6086004060464498,23.93500000000004,1335.2,1
08/14/2013,1335.2,1321.4,1337.3,1316.55,1.05,1316.1321428571428,1307.4244,50.54635178004932,4.828478453623802,2.25257601556192,23.369285714285752,1366.05,1
08/15/2013,1366.05,1335.19,1369.9,1319.31,2.31,1318.4285714285713,1306.4724,59.32154247607998,8.41100907144778,3.484262626739092,24.982857142857192,1376.4,1
08/16/2013,1376.4,1367.3,1380.21,1357.95,0.76,1321.9142857142856,1306.3110000000001,63.82436260623234,11.947624124484491,5.1769349262881725,25.473571428571468,1365.98,0
08/19/2013,1365.98,1376.35,1384.6,1362.49,-0.76,1324.6771428571428,1305.8926,60.36330511199229,13.751096042111612,6.8917671494528605,26.20428571428574,1371.17,1
08/20/2013,1371.17,1366.39,1376.2,1355.26,0.38,1328.1107142857145,1305.724,62.81115079153567,15.421382062564817,8.597690132075252,25.34571428571433,1366.35,0
08/21/2013,1366.35,1371.8,1378.81,1360.1,-0.35,1332.2107142857144,1305.2830000000001,66.09827238052495,16.169767040839133,10.112105513828029,24.998571428571477,1375.85,1
08/22/2013,1375.85,1366.5,1381.61,1355.8,0.7,1336.7714285714285,1305.0790000000002,67.28197910463913,17.329672456400885,11.555618902342601,24.3271428571429,1396.85,1
08/23/2013,1396.85,1375.79,1400.21,1369.14,1.53,1343.4071428571428,1305.202,73.4975718332658,19.716154791027293,13.187726080079539,24.971428571428596,1404.9,1
08/26/2013,1404.9,1398.88,1404.86,1391.44,0.58,1352.1928571428568,1305.603,83.48214285714272,22.003385625380815,14.950857989139795,23.971428571428582,1416.65,1
08/27/2013,1416.65,1405.16,1424.02,1396.75,0.84,1361.3999999999999,1306.568,83.99620213102635,24.48194669930035,16.857075731171907,24.764285714285716,1418.5,1
08/28/2013,1418.5,1417.1,1434.17,1413.9,0.13,1369.0071428571428,1307.912,81.85189615982759,26.292421082578585,18.744144801453245,24.018571428571427,1408.25,0
08/29/2013,1408.25,1418.05,1418.52,1403.17,-0.72,1375.7035714285714,1310.517,76.79643285885771,26.593591370530703,20.31403411526874,24.297857142857133,1396.4,0
08/30/2013,1396.4,1408.55,1411.62,1392.77,-0.84,1379.9892857142859,1312.5,68.19505094614259,25.581190982224825,21.367465488659956,23.560714285714262,1394.9,0
09/02/2013,1394.9,1396.46,1398.31,1380.05,-0.11,1385.2464285714286,1314.76,74.3257535695399,24.376818131190703,21.969336017166107,23.261428571428546,1412.65,1
09/03/2013,1412.65,1391.6,1416.61,1384.7,1.27,1390.7785714285715,1317.4660000000001,74.96293431315667,24.57137708686264,22.489744231105416,24.05857142857139,1391.45,0
09/04/2013,1391.45,1412.1,1415.22,1384.85,-1.5,1392.5928571428574,1320.7679999999998,58.72972229859774,22.75262553262428,22.54232049140919,22.614285714285675,1367.85,0
09/05/2013,1367.85,1392.1,1399.92,1365.77,-1.7,1391.982142857143,1324.11,47.30674730674726,19.185767471239615,21.871009887375273,23.463571428571395,1391.61,1
09/06/2013,1391.61,1365.72,1393.2,1363.28,1.74,1393.8128571428572,1327.2572,57.44755041552851,18.067963947690487,21.110400699438316,24.02142857142855,1387.05,0
09/09/2013,1387.05,1391.45,1391.45,1382.83,-0.33,1394.9471428571428,1329.9322,54.631357909472655,16.62252854949429,20.21282626944951,23.15285714285712,1364.45,0
09/10/2013,1364.45,1387.95,1391.52,1358.2,-1.63,1394.8114285714287,1332.3712,49.497938907092305,13.497785390799436,18.8698180937195,24.196428571428537,1366.75,1
09/11/2013,1366.75,1364.25,1368.51,1357.46,0.17,1394.1614285714288,1334.6601999999998,47.50027469508847,11.079279663721763,17.311710407719954,23.142142857142826,1321.05,0
09/12/2013,1321.05,1367.4,1367.5,1321.05,-3.34,1388.7471428571428,1336.0752000000002,31.66602167182664,5.4125953514674165,14.931887396469445,24.24071428571426,1326.72,1
09/13/2013,1326.72,1321.36,1331.03,1305.03,0.43,1383.1628571428573,1338.1336,30.87011843006752,1.3635111142145888,12.218212140018474,25.139285714285702,1314.0,0
09/16/2013,1314.0,1329.6,1332.92,1304.46,-0.96,1375.8307142857143,1339.6735999999999,25.001217670839196,-2.8390877738236213,9.206752157250056,25.224285714285706,1309.65,0
09/17/2013,1309.65,1313.6,1323.92,1306.5,-0.33,1368.0557142857142,1340.8676,23.810211250661666,-6.446376500647602,6.076126425670525,25.020714285714284,1365.15,1
09/18/2013,1365.15,1309.7,1367.77,1291.95,4.24,1364.9771428571428,1342.8856,41.48423298822416,-4.771786454704397,3.9065438495955407,29.34,1365.0,0
09/19/2013,1365.0,1365.55,1375.15,1358.8,-0.01,1362.7342857142855,1344.4796,43.495193901226365,-3.4173721856072916,2.441760642554974,29.161428571428587,1325.38,0
09/20/2013,1325.38,1366.18,1368.4,1324.86,-2.9,1357.7685714285715,1345.2892000000002,37.56261628739088,-5.47784679317374,0.8578391554092315,30.967142857142886,1322.15,0
09/23/2013,1322.15,1326.2,1332.11,1314.26,-0.24,1351.3042857142857,1346.0801999999999,32.92195048309179,-7.287416963852138,-0.7712120684430424,29.962857142857178,1323.2,1
09/24/2013,1323.2,1321.35,1329.57,1306.51,0.08,1346.4292857142857,1346.6922,36.06061843878926,-8.538363200550293,-2.3246422948644927,29.440714285714307,1333.6,1
09/25/2013,1333.6,1322.8,1338.51,1317.11,0.79,1343.9828571428573,1347.8441999999998,42.60610509045377,-8.591516369467172,-3.578017109785029,28.530000000000022,1323.7,0
09/26/2013,1323.7,1333.5,1339.21,1319.15,-0.74,1339.1321428571428,1348.6162,34.406429391504034,-9.324995161416837,-4.727412720111391,27.825714285714298,1336.2,1
09/27/2013,1336.2,1323.64,1344.3,1320.43,0.94,1335.5,1349.4132,38.73454738801011,-8.796239284323974,-5.541178032953908,28.903571428571436,1327.55,0
09/30/2013,1327.55,1335.9,1344.22,1323.56,-0.65,1332.8642857142856,1349.2462,41.286483423065995,-8.971758306153788,-6.227294087593885,27.99928571428573,1286.6,0
10/01/2013,1286.6,1327.75,1337.77,1283.2,-3.08,1327.1392857142857,1348.0162,33.99496785015374,-12.273697616064055,-7.436574793287919,31.10785714285716,1315.25,1
10/02/2013,1315.25,1286.75,1323.82,1278.85,2.23,1326.7250000000001,1347.8952,48.7571783663324,-12.435345820511657,-8.436328998732668,31.00214285714287,1317.3,1
10/03/2013,1317.3,1316.75,1321.31,1302.42,0.16,1326.0521428571428,1347.5682000000002,47.94967786870972,-12.256747167921958,-9.200412632570526,30.49428571428572,1311.35,0
10/04/2013,1311.35,1317.15,1323.86,1306.56,-0.45,1325.862857142857,1347.1172,49.405696344471835,-12.45178529289683,-9.850687164635787,29.697142857142858,1321.79,1
10/07/2013,1321.79,1311.04,1328.44,1308.81,0.8,1326.73,1347.001,52.650192106182296,-11.629871740750104,-10.206524079858651,29.855,1318.8,0
10/08/2013,1318.8,1321.49,1330.1,1316.3,-0.23,1323.4192857142857,1346.8310000000001,36.871919787005005,-11.09190674415936,-10.383600612718794,25.425000000000004,1307.2,0
10/09/2013,1307.2,1319.06,1321.95,1294.65,-0.88,1319.2907142857143,1346.5130000000001,34.62602404511118,-11.46937682666885,-10.600755855508806,26.20714285714285,1286.24,0
10/10/2013,1286.24,1307.22,1311.78,1283.03,-1.6,1316.4950000000001,1346.0587999999998,38.442003307347,-13.306433138302737,-11.141891312067594,25.150714285714262,1273.11,0
10/11/2013,1273.11,1286.93,1294.45,1262.63,-1.02,1312.9921428571429,1345.2809999999997,36.31849123981694,-15.641489415072328,-12.041810932668543,26.148571428571408,1273.4,1
10/14/2013,1273.4,1272.8,1289.47,1268.8,0.02,1309.435,1344.67,36.047293511151,-17.26956496621574,-13.087361739377982,25.97785714285713,1280.8,1
10/15/2013,1280.8,1273.15,1288.51,1252.27,0.58,1305.6635714285712,1344.6480000000001,34.95383563205293,-17.758005184733065,-14.021490428448999,27.037857142857124,1281.6,1
10/16/2013,1281.6,1280.6,1287.51,1269.57,0.06,1302.6564285714287,1344.525,37.34671796104831,-17.87449817434367,-14.792091977627933,26.88642857142856,1319.7,1
10/17/2013,1319.7,1282.3,1324.67,1274.8,2.97,1301.4778571428574,1344.6789999999999,45.70222963117317,-14.72275338643908,-14.778224259390164,28.743571428571435,1316.24,0
10/18/2013,1316.24,1319.18,1325.7,1311.95,-0.26,1300.67,1344.7138,46.97221181131876,-12.361668400059216,-14.294913087523975,28.25,1315.75,0
10/21/2013,1315.75,1316.66,1324.42,1313.56,-0.04,1302.7521428571429,1344.3008,59.961725104230744,-10.410030095629736,-13.517936489145127,25.127857142857156,1340.65,1
10/22/2013,1340.65,1315.5,1345.07,1310.45,1.89,1304.5664285714286,1344.6878,58.90852974186308,-6.776011138078047,-12.169551418931713,24.38857142857143,1332.35,0
10/23/2013,1332.35,1340.75,1342.57,1329.8,-0.62,1305.6414285714286,1344.6308,55.05678381829175,-4.513734050103494,-10.63838794516607,23.951428571428583,1347.15,1
10/24/2013,1347.15,1332.35,1352.22,1330.6,1.11,1308.1985714285715,1344.2528,61.35354560446531,-1.5092293908630836,-8.812556234305474,24.260000000000023,1352.13,1
10/25/2013,1352.13,1346.73,1355.6,1336.54,0.37,1310.3657142857141,1343.7674,59.96714848883048,1.2591914035942864,-6.798206706725522,24.219285714285725,1352.2,1
10/28/2013,1352.2,1353.16,1362.21,1346.5,0.01,1312.7514285714285,1343.4918,61.18703108252945,3.419416340521593,-4.754682097276099,24.355714285714303,1344.3,0
10/29/2013,1344.3,1352.1,1360.67,1340.87,-0.58,1315.4014285714286,1342.9544,62.74213490864119,4.44273312768064,-2.9151990522847515,23.820000000000032,1342.8,0
10/30/2013,1342.8,1344.05,1359.77,1334.81,-0.11,1319.4414285714286,1342.4834,72.42308912147145,5.074189492233472,-1.3173213433811066,23.54928571428575,1323.8,0
10/31/2013,1323.8,1343.3,1343.4,1319.4,-1.41,1323.0621428571428,1341.4424000000001,69.20221228880968,3.995425225233703,-0.2547720296581448,22.990714285714326,1315.35,0
11/01/2013,1315.35,1323.7,1327.86,1306.3,-0.64,1326.0585714285714,1339.8123999999998,64.9661077417052,2.4306335604876494,0.282309088371014,23.054285714285747,1314.74,0
11/04/2013,1314.74,1315.12,1322.24,1311.74,-0.05,1328.4828571428573,1338.0092000000002,62.724955008998165,1.1282966885589758,0.45150660840860635,21.215714285714316,1311.6,0
11/05/2013,1311.6,1314.85,1319.77,1306.75,-0.24,1330.6257142857141,1335.9082,61.05379513633008,-0.15539512493023722,0.3301262617408377,20.86428571428574,1318.4,1
11/06/2013,1318.4,1311.97,1322.31,1309.45,0.52,1330.532857142857,1333.9062,49.377394636015346,-0.616915547180497,0.14071789995657075,18.220714285714298,1307.95,0
11/07/2013,1307.95,1318.16,1325.71,1298.71,-0.79,1329.9407142857144,1331.9001999999998,46.27884011132063,-1.8050934786053858,-0.2484443757558206,19.167142857142867,1288.2,0
11/08/2013,1288.2,1307.84,1313.06,1281.4,-1.51,1327.972857142857,1329.7362,39.45656333716043,-4.290929823982651,-1.0569414654011868,20.652857142857133,1283.28,0
11/11/2013,1283.28,1288.76,1288.91,1279.39,-0.38,1323.875,1327.5038,24.080599981928387,-6.582101549574645,-2.1619734822358785,18.859999999999996,1267.99,0
11/12/2013,1267.99,1283.07,1285.3,1261.28,-1.19,1319.277857142857,1324.6106,22.650008499065265,-9.521884507807044,-3.6339556873501118,19.663571428571426,1278.99,1
11/13/2013,1278.99,1267.58,1279.24,1265.89,0.87,1314.4092857142857,1322.3614000000002,20.068505181802266,-10.839128882401383,-5.074990326360366,19.072857142857124,1287.39,1
11/14/2013,1287.39,1278.67,1294.38,1278.53,0.66,1309.785,1320.7522,22.399386084583995,-11.077549644463716,-6.275502189981036,18.843571428571426,1290.05,1
11/15/2013,1290.05,1287.04,1291.14,1280.42,0.21,1305.3457142857144,1318.721,24.076082422624552,-10.925912923635451,-7.205584336711919,18.487142857142853,1274.35,0
11/18/2013,1274.35,1290.45,1290.61,1270.35,-1.22,1300.349285714286,1316.467,22.605153912430538,-11.935019049212997,-8.151471279212135,18.519999999999982,1275.25,1
11/19/2013,1275.25,1274.71,1279.02,1269.3,0.07,1295.5242857142857,1314.6830000000002,23.42016211536958,-12.517822776668709,-9.02474157870345,17.43142857142855,1243.2,0
11/20/2013,1243.2,1275.62,1276.67,1241.3,-2.51,1289.7671428571427,1312.2120000000002,21.238938053097442,-15.388477289328648,-10.29748872082849,18.243571428571418,1242.75,0
11/21/2013,1242.75,1243.19,1250.01,1236.69,-0.04,1284.5814285714284,1310.646,22.524977293369773,-17.49809575606446,-11.737610127875683,17.65499999999999,1243.6,1
11/22/2013,1243.6,1243.01,1249.32,1241.55,0.07,1279.5,1308.9836,23.126322151707498,-18.883715970674075,-13.166831296435362,17.459999999999987,1252.6,1
11/25/2013,1252.6,1242.08,1253.54,1227.72,0.72,1275.2857142857142,1307.7556,28.657213138474944,-19.03616809356572,-14.340698655861434,18.374285714285698,1243.3,0
11/26/2013,1243.3,1252.6,1256.89,1239.89,-0.74,1269.9214285714284,1306.4286,23.31580443433765,-19.680554593340503,-15.408669843357249,18.66999999999999,1237.4,0
11/27/2013,1237.4,1243.42,1254.81,1236.65,-0.47,1264.8821428571428,1303.8736,24.09488139825217,-20.43179125734241,-16.413294126154284,18.03857142857141,1244.15,1
11/28/2013,1244.15,1237.76,1245.82,1235.32,0.55,1261.7357142857145,1301.4566,32.11821060323129,-20.24906452677601,-17.18044820627863,16.52714285714285,1253.49,1
11/29/2013,1253.49,1246.24,1256.11,1242.26,0.75,1259.6078571428573,1300.0188,38.32588760874675,-19.1300727632065,-17.570373117664204,16.83642857142856,1220.05,0
12/02/2013,1220.05,1251.42,1251.42,1217.78,-2.67,1256.1835714285714,1297.9768,33.552902428983074,-20.702941634903254,-18.196886821112013,17.67142857142856,1223.89,1
12/03/2013,1223.89,1220.04,1226.38,1215.98,0.31,1252.2478571428571,1295.9906,30.119786404964657,-21.392990561333363,-18.836107569156283,17.46071428571429,1243.66,1
12/04/2013,1243.66,1223.89,1250.75,1211.89,1.62,1249.1242857142859,1294.1918,35.41847282427473,-20.11273840327908,-19.091433735980843,19.1042857142857,1224.88,0
12/05/2013,1224.88,1243.77,1244.0,1217.3,-1.51,1244.4692857142857,1292.2154,30.378755946287754,-20.378606502772072,-19.348868289339087,20.245714285714275,1228.85,1
12/06/2013,1228.85,1225.22,1243.61,1212.41,0.32,1241.2192857142857,1290.0683999999999,35.25981599066992,-20.037977731688215,-19.486690177808914,21.02714285714283,1240.94,1
12/09/2013,1240.94,1229.58,1243.19,1225.38,0.98,1238.7685714285715,1288.3362,39.63631970035644,-18.578305871360953,-19.30501331651932,21.60499999999997,1260.72,1
12/10/2013,1260.72,1240.82,1267.74,1237.97,1.59,1240.02,1287.8186,55.715777110792125,-15.645077993653103,-18.57302625194608,21.20499999999996,1251.75,0
12/11/2013,1251.75,1260.91,1263.4,1250.5,-0.71,1240.662857142857,1286.5486,52.781555198417614,-13.884229052501041,-17.635266812057072,21.174999999999972,1223.8,0
12/12/2013,1223.8,1251.3,1257.4,1223.5,-2.23,1239.2485714285715,1284.6786,44.75857687420585,-14.576051345872202,-17.023423718820098,23.04142857142855,1238.3,1
12/13/2013,1238.3,1223.8,1239.0,1220.6,1.18,1238.2271428571428,1283.2176,46.32163802860378,-13.795273355255631,-16.377793646107207,22.51142857142856,1240.57,1
12/16/2013,1240.57,1238.08,1251.89,1227.59,0.18,1238.0321428571428,1281.5932,49.27141713370696,-12.845258993886318,-15.67128671566303,23.032857142857146,1230.1,0
12/17/2013,1230.1,1240.3,1248.6,1227.8,-0.84,1237.5107142857144,1279.8192,48.09816590245931,-12.78977470513405,-15.094984313557235,23.221428571428582,1218.07,0
12/18/2013,1218.07,1231.54,1244.7,1216.15,-0.98,1235.6478571428572,1278.0366,43.38742393509124,-13.560209809899334,-14.788029412825656,24.510714285714293,1190.1,0
12/19/2013,1190.1,1217.96,1226.76,1186.8,-2.3,1231.1200000000001,1276.1138,35.314831117082875,-16.240519822921442,-15.078527494844813,26.375714285714302,1203.25,1
12/20/2013,1203.25,1190.51,1207.6,1185.71,1.1,1229.9199999999998,1274.7166,45.70420374347961,-17.106397812349996,-15.48410155834585,25.38857142857143,1198.84,0
12/23/2013,1198.84,1203.52,1206.38,1192.77,-0.37,1228.1307142857142,1273.2254,43.61327826219974,-17.941642415892602,-15.9756097298552,25.61785714285715,1204.35,1
12/24/2013,1204.35,1199.44,1206.36,1197.01,0.46,1225.3228571428572,1271.6964,39.19164146274398,-17.95202901506832,-16.370893586897825,23.51000000000001,1204.7,1
12/25/2013,1204.7,1204.69,1205.1,1203.29,0.03,1223.8814285714286,1270.1584,43.82572512544363,-17.727664908837596,-16.64224785128578,21.732142857142858,1210.7,1
12/26/2013,1210.7,1204.99,1216.1,1201.24,0.5,1222.5849999999998,1267.9784,44.51495920217594,-16.87122391496655,-16.688043064021933,20.565000000000005,1213.19,1
12/27/2013,1213.19,1210.59,1219.04,1209.03,0.21,1220.6028571428571,1265.9174,41.09720885466797,-15.80932599766038,-16.512299650749622,20.00785714285715,1196.4,0
12/30/2013,1196.4,1212.15,1216.26,1195.39,-1.38,1216.0085714285713,1263.5303999999999,28.961140913254027,-16.13656465506824,-16.437152651613346,19.372142857142858,1205.55,1
12/31/2013,1205.55,1196.62,1214.21,1185.11,0.76,1212.7085714285713,1260.8283999999999,34.90590695243074,-15.479141213948424,-16.245550364080362,20.52928571428572,1205.9,1
01/01/2014,1205.9,1210.41,1210.61,1199.4,0.03,1211.43,1258.2994,42.865114795918444,-14.759745170746555,-15.948389325413602,18.908571428571413,1224.89,1
01/02/2014,1224.89,1204.88,1231.04,1203.72,1.57,1210.472142857143,1255.8542,44.839528977141605,-12.513041773129999,-15.261319814956883,19.54571428571426,1236.55,1
01/03/2014,1236.55,1224.94,1240.38,1222.14,0.95,1210.185,1253.5426,48.557278208441005,-9.680062851656885,-14.145068422296884,19.112857142857106,1238.05,1
01/06/2014,1238.05,1236.93,1248.76,1233.1,0.12,1210.7528571428572,1251.2595999999999,53.04948216340623,-7.230520245355592,-12.762158786908627,18.745714285714257,1232.1,0
01/07/2014,1232.1,1238.17,1245.86,1225.2,-0.48,1211.7549999999999,1249.0156,55.64496660497302,-5.703607716255192,-11.35044857277794,18.18214285714282,1226.1,0
01/08/2014,1226.1,1231.97,1232.84,1218.83,-0.49,1214.3264285714286,1246.6816000000001,67.59530791788853,-4.920942826319106,-10.064547423486173,16.32857142857139,1228.0,1
01/09/2014,1228.0,1226.17,1231.91,1224.02,0.15,1216.0942857142857,1244.7656000000002,63.59143327841842,-4.100097766382305,-8.8716574920654,15.328571428571406,1247.1,1
01/10/2014,1247.1,1228.01,1248.81,1226.94,1.56,1219.5414285714285,1243.4006,72.82012483449971,-1.8866140554189315,-7.474648804736107,15.918571428571388,1253.44,1
01/13/2014,1253.44,1248.28,1255.18,1243.72,0.51,1223.047857142857,1242.1745999999998,73.03181007788311,0.37485169026945186,-5.904748705734996,16.069285714285684,1245.1,0
01/14/2014,1245.1,1253.12,1255.38,1241.83,-0.67,1225.9335714285714,1240.8446000000001,67.63268156424573,1.4770843777428126,-4.4283820890394345,16.90785714285713,1241.74,0
01/15/2014,1241.74,1245.1,1245.39,1234.49,-0.27,1228.1507142857142,1239.3114,63.867047891350936,2.055789937698137,-3.1315476836919203,16.625,1242.55,1
01/16/2014,1242.55,1241.49,1245.26,1236.55,0.07,1230.247857142857,1238.0034,63.31640058055148,2.550379308743004,-1.9951622852049353,16.532142857142862,1253.82,1
01/17/2014,1253.82,1242.53,1255.28,1238.05,0.91,1234.3492857142858,1237.3157999999999,77.41596638655454,3.807845291086096,-0.8345607699467292,16.27214285714287,1254.35,1
01/20/2014,1254.35,1254.01,1261.0,1251.32,0.04,1237.8349999999998,1236.7372,75.39021852237246,4.791924390744043,0.29073626219142523,14.885000000000007,1241.49,0
01/21/2014,1241.49,1254.18,1256.24,1236.07,-1.03,1240.3771428571429,1236.2072,66.38431083693948,4.482448763516231,1.1290787624563865,15.525000000000025,1236.49,0
01/22/2014,1236.49,1241.55,1244.14,1236.14,-0.4,1241.205714285714,1235.3572,56.129782287042865,3.7900396679558526,1.6612709435562798,14.14500000000003,1264.35,1
01/23/2014,1264.35,1236.64,1265.8,1231.76,2.25,1243.1914285714286,1234.8964,62.54286229922395,5.42681271652873,2.41437929815077,15.273571428571456,1269.25,1
01/24/2014,1269.25,1264.67,1273.31,1257.2,0.39,1245.4199999999998,1234.4804,63.65785326562775,7.038223934452844,3.3391482254111855,15.3057142857143,1257.07,0
01/27/2014,1257.07,1268.85,1278.48,1252.16,-0.96,1247.2035714285714,1234.1348,60.365296803652974,7.248893989129101,4.121097378154769,15.71000000000002,1256.55,0
01/28/2014,1256.55,1257.01,1261.51,1249.36,-0.04,1249.3785714285714,1233.7608,63.24258502217972,7.289858915281229,4.754849685580061,15.577142857142885,1268.4,1
01/29/2014,1268.4,1256.9,1270.27,1249.65,0.94,1252.2642857142857,1234.2648,66.170349023375,8.184177772918702,5.4407153030477895,16.486428571428583,1243.7,0
01/30/2014,1243.7,1268.24,1268.53,1238.39,-1.95,1252.0214285714285,1234.2838,48.69751762182047,6.821217587046021,5.716815759847436,17.077142857142867,1243.8,1
01/31/2014,1243.8,1244.07,1255.51,1238.75,0.01,1251.3328571428572,1234.2878,46.12166076601219,5.68361382219382,5.710175372316714,17.455714285714294,1257.64,1
02/03/2014,1257.64,1245.14,1266.54,1240.68,1.11,1252.2285714285715,1234.3886,54.83125288950539,5.8316038773982655,5.734461073333025,18.334999999999987,1255.0,0
02/04/2014,1255.0,1257.99,1260.93,1247.62,-0.21,1253.1757142857143,1234.6226,55.13714551371454,5.670495187004008,5.721667896067221,18.50714285714285,1258.01,1
02/05/2014,1258.01,1254.86,1273.73,1252.51,0.24,1254.28,1235.0348000000001,55.88907511808625,5.719763361914602,5.721286989236698,19.40071428571428,1257.64,0
02/06/2014,1257.64,1258.14,1266.98,1252.88,-0.03,1254.5528571428572,1235.3046000000002,51.586905948820274,5.663665625882231,5.7097627165658045,19.177142857142844,1267.06,1
02/07/2014,1267.06,1257.68,1272.18,1256.22,0.75,1255.4607142857144,1235.576,54.916827852998075,6.306624201630484,5.829135013578741,19.62571428571427,1274.9,1
02/10/2014,1274.9,1266.31,1278.31,1265.4,0.62,1257.847142857143,1236.673,63.446832488126866,7.36390941964828,6.136089894792649,19.107142857142826,1291.85,1
02/11/2014,1291.85,1274.79,1293.83,1273.8,1.33,1261.8014285714287,1238.0322,70.32603906594208,9.46048434066347,6.800968783966813,19.966428571428537,1291.25,0
02/12/2014,1291.25,1292.02,1296.52,1284.4,-0.05,1263.7228571428573,1238.984,62.348512669849455,10.947424984300369,7.630260024033525,18.400714285714248,1302.7,1
02/13/2014,1302.7,1291.11,1302.8,1286.14,0.89,1266.1121428571428,1240.5404,64.48428163159264,12.901040303567925,8.684416079940405,18.43999999999996,1318.93,1
02/14/2014,1318.93,1302.83,1321.34,1299.97,1.25,1270.5307142857143,1242.3419999999999,75.87851405622496,15.579331048822269,10.063399073716779,18.086428571428524,1329.1,1
02/17/2014,1329.1,1319.15,1330.37,1318.65,0.77,1275.712857142857,1244.1052,78.08314624138734,18.311446805943888,11.713008620162201,18.05571428571422,1321.6,0
02/18/2014,1321.6,1329.2,1332.71,1312.95,-0.56,1279.5128571428572,1245.3228,71.31068738984135,19.64502528453272,13.299411953036305,17.994285714285656,1311.8,0
02/19/2014,1311.8,1321.84,1323.39,1308.93,-0.74,1284.3771428571429,1246.5238,80.97707423580792,19.6842104140876,14.576371645246565,16.874285714285666,1322.89,1
02/20/2014,1322.89,1311.64,1325.18,1307.85,0.85,1290.0264285714288,1248.5056000000002,82.70614506657854,20.375261892638264,15.736149694724906,16.914999999999964,1323.39,1
02/21/2014,1323.39,1322.72,1328.79,1316.12,0.04,1294.7228571428573,1250.2074,80.56149484056901,20.72437331437868,16.733794418655663,15.97285714285712,1337.0,1
02/24/2014,1337.0,1324.99,1339.0,1319.11,1.03,1300.5800000000002,1252.136,84.58748101906544,21.847416470279086,17.756518828980347,16.442857142857115,1340.75,1
02/25/2014,1340.75,1337.0,1344.01,1331.72,0.28,1306.49,1254.3490000000002,84.68309859154944,22.777465478801787,18.760708158944635,15.804999999999966,1330.75,0
02/26/2014,1330.75,1340.31,1345.4,1322.14,-0.75,1311.712142857143,1256.6026000000002,78.35699325110546,22.4488433005356,19.49833518726283,16.459285714285688,1331.44,1
02/27/2014,1331.44,1330.58,1336.48,1323.97,0.05,1316.310714285714,1259.4294,76.7848227658513,21.990591242913524,19.99678639839297,16.21285714285711,1326.4,0
02/28/2014,1326.4,1331.67,1333.91,1320.22,-0.38,1319.9892857142859,1261.8924,71.93729766570121,20.978905542578104,20.193210227229997,16.268571428571413,1350.9,1
03/03/2014,1350.9,1326.5,1355.41,1326.5,1.85,1324.2071428571428,1264.9336,73.63323461138248,21.90161440365341,20.53489106251468,16.909999999999986,1334.9,0
03/04/2014,1334.9,1350.95,1352.61,1331.54,-1.18,1327.325,1267.5446000000002,65.55262595311056,21.09859012781635,20.647630875575018,17.549285714285702,1337.39,1
03/05/2014,1337.39,1334.83,1341.88,1332.58,0.19,1329.802857142857,1270.1984,63.203166628606255,20.427632759250855,20.603631252310187,17.02357142857144,1351.35,1
03/06/2014,1351.35,1337.45,1353.37,1331.35,1.04,1332.1185714285716,1273.0114,62.55615801704103,20.78277860713547,20.639460723275242,17.070000000000018,1340.25,0
03/07/2014,1340.25,1351.21,1352.9,1329.75,-0.82,1332.9150000000002,1275.5526,54.287472121818084,19.938715911237068,20.49931176086761,17.88642857142861,1339.15,0
03/10/2014,1339.15,1339.27,1345.41,1329.47,-0.08,1334.1685714285716,1278.4076,57.09779179810735,18.962442107769903,20.19193783024807,17.613571428571472,1349.95,1
03/11/2014,1349.95,1339.35,1353.11,1338.0,0.81,1336.8935714285715,1281.2956,65.30530369894896,18.842997479893484,19.922149760177152,17.660000000000032,1367.08,1
03/12/2014,1367.08,1349.39,1371.1,1345.44,1.27,1340.0499999999997,1284.5192,66.90900742328003,19.901176218966157,19.917955051934953,18.255000000000013,1370.6,1
03/13/2014,1370.6,1367.5,1375.46,1364.65,0.26,1343.422142857143,1287.4334,67.65651881217744,20.784237325430695,20.091211506634103,18.122142857142858,1382.24,1
03/14/2014,1382.24,1370.59,1388.4,1368.06,0.85,1346.6535714285712,1290.3472,67.17279076829644,22.16778392080414,20.506525989468113,18.15428571428572,1366.95,0
03/17/2014,1366.95,1382.07,1392.37,1362.53,-1.11,1348.5249999999999,1292.9252000000001,59.144213318442034,21.77941975568865,20.76110474271222,19.407857142857146,1356.25,0
03/18/2014,1356.25,1366.8,1367.77,1350.8,-0.78,1350.3464285714285,1295.4082,58.856626840789126,20.373386067855108,20.6835610077408,18.958571428571435,1331.45,0
03/19/2014,1331.45,1355.95,1360.26,1328.0,-1.83,1350.347142857143,1297.5151999999998,50.00297495091331,17.061269804534277,19.959102767099495,20.36928571428572,1328.5,0
03/20/2014,1328.5,1331.05,1335.21,1320.85,-0.22,1350.4971428571428,1299.5251999999998,50.632606338113,14.036548859715595,18.774591985622713,20.417142857142867,1334.55,1
03/21/2014,1334.55,1328.55,1343.04,1328.45,0.46,1349.3292857142858,1301.2742,44.458754151697896,11.989413659533056,17.417556320404785,19.387142857142862,1309.62,0
03/24/2014,1309.62,1334.74,1334.86,1308.04,-1.87,1347.5235714285716,1302.3978,41.9212578294771,8.26018336127595,15.586081728579018,19.797857142857147,1311.05,1
03/25/2014,1311.05,1309.6,1317.86,1306.2,0.11,1345.642142857143,1303.7168,41.52509652509646,5.358362661943374,13.540537915251889,19.966428571428555,1304.1,0
03/26/2014,1304.1,1311.25,1317.01,1298.9,-0.53,1342.2671428571427,1304.964,34.079115843385665,2.469376499651844,11.32630563213188,19.687142857142835,1291.14,0
03/27/2014,1291.14,1304.14,1307.15,1289.3,-0.99,1338.7592857142856,1305.9358,33.65723793677205,-0.8560613938775532,8.889832226929995,19.30857142857141,1294.0,1
03/28/2014,1294.0,1293.64,1299.2,1285.84,0.22,1335.5342857142857,1306.7394,35.14900335504238,-3.223557619361827,6.4671542576716305,19.124285714285698,1284.25,0
03/31/2014,1284.25,1294.3,1298.81,1282.65,-0.75,1330.8414285714284,1307.3374,28.239268680445107,-5.819475657910971,4.009828274555111,19.199285714285697,1279.15,0
04/01/2014,1279.15,1283.79,1288.25,1277.44,-0.4,1324.560714285714,1308.0906,18.35456704815377,-8.193833372923564,1.569095945059376,18.138571428571417,1289.8,1
04/02/2014,1289.8,1279.85,1295.21,1278.65,0.83,1318.7892857142856,1309.1568,22.340134191428135,-9.11113547587729,-0.5669503391279573,18.549285714285702,1287.3,0
04/03/2014,1287.3,1289.89,1294.2,1281.59,-0.19,1312.0078571428571,1309.6158,15.330119777972428,-9.925419055389511,-2.438644082380268,17.997142857142844,1302.7,1
04/04/2014,1302.7,1286.62,1307.09,1284.33,1.2,1307.4185714285716,1310.2848000000001,26.556228563088325,-9.221790303663965,-3.7952733266370076,17.491428571428564,1296.65,0
04/07/2014,1296.65,1302.9,1304.8,1295.8,-0.46,1303.1614285714288,1311.0764000000001,27.48904668378907,-9.048043671358528,-4.845827395581312,16.92214285714285,1308.72,1
04/08/2014,1308.72,1296.29,1314.93,1296.29,0.93,1301.537857142857,1312.1198000000002,40.50146259924777,-7.845956780847246,-5.445853272634499,15.949285714285711,1311.9,1
04/09/2014,1311.9,1308.25,1315.3,1300.94,0.24,1300.3521428571428,1312.9898,43.076409743076425,-6.561062985935678,-5.668895215294735,15.949285714285695,1318.92,1
04/10/2014,1318.92,1311.64,1324.9,1310.84,0.54,1299.2357142857145,1314.4942,43.53330575093094,-4.919609864726226,-5.5190381451810335,15.911428571428571,1318.47,0
04/11/2014,1318.47,1317.94,1324.33,1314.24,-0.03,1299.867857142857,1315.9876000000002,54.59167790806276,-3.613404600363083,-5.137911436217443,14.716428571428569,1326.4,1
04/14/2014,1326.4,1318.94,1331.2,1318.84,0.6,1300.9642857142858,1317.3627999999999,57.46087294643734,-1.91625341488907,-4.493579831951769,14.792857142857153,1302.65,0
04/15/2014,1302.65,1326.81,1328.51,1290.95,-1.79,1300.8607142857143,1318.3157999999999,49.39416729339023,-2.4593258090064865,-4.086729027362713,16.18214285714287,1302.8,1
04/16/2014,1302.8,1302.84,1307.6,1293.59,0.01,1301.6935714285717,1319.2116,55.45573647763423,-2.844817561559694,-3.8383467342021094,15.907857142857145,1294.85,0
04/17/2014,1294.85,1302.4,1304.8,1293.24,-0.61,1301.7542857142857,1319.9558,50.37963376507366,-3.748609475251669,-3.8203992824120214,15.779285714285704,1293.78,0
04/18/2014,1293.78,1293.78,1293.78,1293.78,-0.08,1302.435,1320.4902,54.61411833058972,-4.499345481987575,-3.9561885223271323,14.701428571428567,1290.15,0
04/21/2014,1290.15,1294.67,1301.51,1282.01,-0.28,1303.2207142857144,1320.7951999999998,55.40275049115915,-5.3258270202338736,-4.230116221908481,15.322142857142856,1283.5,0
04/22/2014,1283.5,1290.24,1293.0,1277.6,-0.52,1302.7707142857143,1320.6282,46.7791411042945,-6.443146436008192,-4.6727222647284234,15.239285714285725,1283.9,1
04/23/2014,1283.9,1283.51,1289.22,1281.05,0.03,1302.5278571428573,1320.4812,48.22361546499485,-7.213204138554829,-5.180818639493705,14.922142857142862,1293.85,1
04/24/2014,1293.85,1284.01,1298.51,1268.85,0.77,1301.8957142857143,1320.3042,45.09695290858717,-6.940591750082376,-5.532773261611439,15.415000000000012,1303.45,1
04/25/2014,1303.45,1294.01,1305.61,1290.6,0.74,1302.3814285714286,1319.9946000000002,53.62473347547972,-5.882099516947619,-5.602638512678675,15.844285714285727,1296.1,0
04/28/2014,1296.1,1303.2,1306.61,1292.3,-0.56,1301.48,1319.3346,42.91647956892675,-5.572088798486448,-5.59652856984023,15.535,1296.48,1
04/29/2014,1296.48,1296.04,1301.4,1286.49,0.03,1300.3785714285714,1318.8322,41.063977746870634,-5.235389930193605,-5.524300841910906,15.574285714285727,1291.9,0
04/30/2014,1291.9,1296.01,1298.01,1285.8,-0.35,1298.4485714285713,1318.4342000000001,33.88597328244279,-5.2772880826119035,-5.474898290051106,15.44214285714286,1284.1,0
05/01/2014,1284.1,1291.65,1293.21,1277.7,-0.6,1295.9935714285714,1317.6584,31.15473187849544,-5.872196457496784,-5.554357923540242,15.829285714285723,1300.32,1
05/02/2014,1300.32,1284.19,1304.9,1277.1,1.26,1294.1307142857142,1317.197,36.89183755528745,-4.977470010953539,-5.438980341022901,16.905714285714307,1309.85,1
05/05/2014,1309.85,1300.74,1315.95,1299.61,0.73,1294.6450000000002,1316.654,54.222378606614946,-3.459522282055559,-5.043088729229433,15.390000000000034,1307.65,0
05/06/2014,1307.65,1309.9,1314.71,1305.0,-0.17,1294.9914285714283,1315.9919999999997,52.77745962661787,-2.4063208160293925,-4.515735146589425,15.082857142857181,1289.55,0
05/07/2014,1289.55,1308.01,1315.31,1287.0,-1.38,1294.6128571428574,1315.168,47.28093576852044,-2.997615156709344,-4.21211114861341,16.279285714285752,1289.6,1
05/08/2014,1289.6,1289.74,1295.3,1285.74,0.0,1294.314285714286,1314.3311999999999,47.83284944006634,-3.422730493063,-4.054235017503328,16.885714285714325,1289.33,0
05/09/2014,1289.33,1289.5,1294.9,1285.64,-0.02,1294.2557142857142,1313.5898000000002,49.55951869359682,-3.738331050114539,-3.99105422402557,16.154285714285752,1295.8,1
05/12/2014,1295.8,1289.2,1304.3,1280.1,0.5,1295.1342857142859,1312.4877999999999,56.62002152852526,-3.426869024441203,-3.878217184108697,16.78285714285718,1293.35,0
05/13/2014,1293.35,1295.91,1299.21,1289.25,-0.19,1295.8092857142856,1311.6568,54.97630331753543,-3.339235026840015,-3.7704207526549607,16.910714285714317,1305.6,1
05/14/2014,1305.6,1294.46,1309.4,1291.79,0.95,1296.6485714285714,1311.021,56.04113110539843,-2.2553139742826716,-3.467399396980503,16.050000000000036,1296.35,0
05/15/2014,1296.35,1305.45,1307.35,1291.15,-0.71,1296.1414285714286,1309.921,46.33642930856547,-2.118278232543844,-3.1975751640931716,16.135000000000023,1293.7,0
05/16/2014,1293.7,1296.61,1298.76,1287.85,-0.2,1295.97,1308.99,48.6984815618222,-2.1981701359386534,-2.997694158462268,15.89214285714289,1291.95,0
05/19/2014,1291.95,1293.42,1305.25,1289.66,-0.14,1295.6464285714285,1308.0459999999998,47.579352356524545,-2.3753142752259464,-2.8732181818150035,15.940714285714307,1294.25,1
05/20/2014,1294.25,1292.15,1297.05,1286.15,0.18,1295.8142857142855,1306.932,51.28710702157953,-2.3035575265168973,-2.7592860507553825,15.847142857142867,1291.85,0
05/21/2014,1291.85,1294.15,1296.6,1283.45,-0.19,1296.3678571428572,1305.4274,54.511584584934226,-2.412539475231597,-2.689936735650625,15.678571428571429,1293.85,1
05/22/2014,1293.85,1292.04,1303.85,1290.05,0.15,1295.9057142857143,1303.8924,45.48625645318819,-2.3108867059886506,-2.6141267297182305,14.678571428571413,1293.11,0
05/23/2014,1293.11,1294.04,1295.95,1287.99,-0.06,1294.7099999999998,1302.1098000000002,36.68893129770989,-2.2639406707585294,-2.544089517926291,14.079999999999975,1293.05,0
05/26/2014,1293.05,1292.71,1294.41,1290.91,0.0,1293.6671428571428,1300.6317999999999,37.98156075074075,-2.206146020128017,-2.476500818366636,13.636428571428544,1263.7,0
05/27/2014,1263.7,1292.95,1293.7,1263.5,-2.27,1291.8207142857143,1298.7808,32.046117516321715,-4.477034587068374,-2.8766075721069835,13.771428571428553,1258.5,0
05/28/2014,1258.5,1263.7,1267.69,1256.02,-0.41,1289.5992857142858,1297.3218000000002,29.841845994296108,-6.620015263878486,-3.625289110461284,13.922142857142846,1256.05,0
05/29/2014,1256.05,1258.79,1260.5,1251.55,-0.19,1287.222142857143,1295.8728,29.02168431669189,-8.41898855466843,-4.5840289993027135,13.899999999999993,1251.05,0
05/30/2014,1251.05,1256.0,1260.46,1242.35,-0.4,1284.025714285714,1294.2028,21.258831085420653,-10.131358072470448,-5.693494813936261,13.465,1244.35,0
06/02/2014,1244.35,1250.89,1250.89,1241.04,-0.54,1280.5257142857142,1292.8974,20.158343483556607,-11.891973984452534,-6.933190648039515,13.468571428571424,1244.65,1
06/03/2014,1244.65,1244.39,1248.15,1241.06,0.02,1276.172142857143,1291.5694,6.557377049180516,-13.111921220513295,-8.168936762534273,12.717142857142855,1243.8,0
06/04/2014,1243.8,1245.24,1250.0,1243.5,-0.07,1272.418571428571,1290.3634,7.449392712550804,-13.986103001238689,-9.332370010275156,12.024285714285725,1253.6,1
06/05/2014,1253.6,1243.8,1256.81,1241.21,0.79,1269.5542857142857,1289.6126000000002,20.899854862119042,-13.72985108583839,-10.211866225387803,12.359285714285713,1252.73,0
06/06/2014,1252.73,1253.69,1258.0,1246.31,-0.07,1266.7528571428572,1288.7872,21.170244045868927,-13.442020085615013,-10.857896997433247,12.080714285714294,1252.08,0
06/09/2014,1252.08,1253.79,1257.7,1251.76,-0.05,1263.7407142857141,1288.1438,18.23112852192267,-13.115177904977145,-11.309353178942027,11.726428571428594,1260.8,1
06/10/2014,1260.8,1252.15,1263.31,1250.21,0.7,1261.5228571428572,1287.7768,28.64217911679748,-12.014031718950491,-11.45028888694372,11.722857142857167,1260.74,0
06/11/2014,1260.74,1260.49,1265.5,1258.0,0.0,1259.157857142857,1287.1956,26.600706713781065,-11.019184630536984,-11.364068035662374,11.272857142857172,1273.36,1
06/12/2014,1273.36,1261.49,1275.0,1260.05,1.0,1257.7471428571428,1286.9168,38.04913469684136,-9.107447628155796,-10.912743954161058,11.772142857142885,1277.0,1
06/13/2014,1277.0,1273.69,1278.2,1271.0,0.29,1256.6007142857143,1286.4028,40.69133511193603,-7.215489035085966,-10.17329297034604,12.036428571428603,1271.6,0
06/16/2014,1271.6,1277.06,1285.16,1270.51,-0.42,1257.1649999999997,1285.9017999999999,56.34436235142934,-6.081726729574484,-9.354979722191729,10.92571428571432,1271.5,0
06/17/2014,1271.5,1271.65,1273.56,1259.16,-0.01,1258.0935714285713,1285.1574,61.3715885234429,-5.1321211998483705,-8.510408017723059,11.120714285714305,1278.4,1
06/18/2014,1278.4,1271.3,1280.0,1266.96,0.54,1259.69,1284.4874,68.13828923875995,-3.7792152013466875,-7.564169454447785,11.412857142857158,1320.1,1
06/19/2014,1320.1,1278.44,1322.1,1276.01,3.26,1264.6221428571428,1284.511,85.1185026955548,0.6503175917971475,-5.921272045198799,13.411428571428571,1314.82,0
06/20/2014,1314.82,1320.2,1322.4,1306.75,-0.4,1269.655714285714,1284.438,86.36598204149033,3.6921416594532275,-3.9985893042683935,13.81428571428572,1318.1,1
06/23/2014,1318.1,1313.7,1318.61,1309.91,0.25,1274.902142857143,1284.272,86.7728046460398,6.2949138872811545,-1.9398886659584842,13.929285714285697,1318.3,1
06/24/2014,1318.3,1318.54,1326.6,1314.15,0.02,1280.2235714285714,1284.585,87.54283410602709,8.278340403245465,0.10375714788230561,14.354285714285684,1319.5,1
06/25/2014,1319.5,1318.74,1325.15,1310.8,0.09,1284.9307142857142,1284.9189999999999,86.36062679320247,9.833693480958573,2.049744414497559,14.264999999999986,1317.95,0
06/26/2014,1317.95,1318.65,1320.15,1306.25,-0.12,1289.5892857142858,1285.3809999999999,85.71741511500551,10.816563345480745,3.8031082006941963,14.422857142857131,1315.35,0
06/27/2014,1315.35,1317.91,1322.31,1312.76,-0.2,1294.1085714285714,1285.8123999999998,83.9249329758713,11.255944996083826,5.293675559772122,14.680714285714268,1327.5,1
06/30/2014,1327.5,1315.8,1329.41,1310.21,0.92,1298.872857142857,1286.5593999999999,84.4952420355813,12.441147770817452,6.723170001981189,15.116428571428562,1325.75,0
07/01/2014,1325.75,1327.15,1332.41,1323.72,-0.13,1303.5164285714286,1287.4044,83.04361085696854,13.088344841952676,7.996204969975487,15.201428571428567,1327.45,1
07/02/2014,1327.45,1325.58,1332.21,1321.32,0.13,1307.3799999999999,1288.2754,80.92624356775299,13.581865682962189,9.113337112572829,14.911428571428571,1319.8,0
07/03/2014,1319.8,1327.7,1327.7,1309.95,-0.58,1310.4371428571428,1288.7943999999998,73.39820686638959,13.2034918041752,9.931368050893305,15.664999999999996,1320.55,1
07/04/2014,1320.55,1320.29,1323.8,1318.8,0.06,1313.9335714285714,1289.1364,78.19375647966821,12.816406949807288,10.508375830676101,14.975714285714275,1320.2,0
07/07/2014,1320.2,1320.16,1320.3,1311.9,-0.03,1317.412142857143,1289.6184,77.96921663220765,12.33915919268361,10.874532503077603,14.564999999999989,1318.95,0
07/08/2014,1318.95,1319.75,1325.35,1313.45,-0.09,1320.3085714285714,1290.0678,74.9048028497727,11.724914833767116,11.044608969215506,14.48357142857141,1326.7,1
07/09/2014,1326.7,1319.69,1332.69,1318.5,0.59,1320.7800000000002,1290.7638,56.95322376738317,11.728285608590113,11.181344297090428,12.204999999999993,1335.55,1
07/10/2014,1335.55,1319.34,1345.65,1319.34,0.67,1322.2607142857144,1291.7928,70.31158142269247,12.30325375856728,11.405726189385799,12.966428571428569,1338.15,1
07/11/2014,1338.15,1335.81,1339.54,1333.87,0.19,1323.6928571428573,1292.5494,69.91062562065545,12.820926767710944,11.688766305050828,12.750000000000016,1307.15,0
07/14/2014,1307.15,1338.45,1339.71,1303.21,-2.32,1322.8964285714285,1292.4954,43.13000616142957,10.607469133647328,11.472506870770129,14.467857142857172,1294.45,0
07/15/2014,1294.45,1306.85,1314.25,1292.05,-0.97,1321.107142857143,1292.2314,36.48138154344314,7.739290427373362,10.725863582090776,15.028571428571452,1299.37,1
07/16/2014,1299.37,1294.4,1304.4,1292.9,0.38,1319.78,1292.4278,40.32493230576957,5.796423458898062,9.739975557452233,14.857142857142874,1318.25,1
07/17/2014,1318.25,1300.24,1324.65,1297.85,1.45,1319.9871428571428,1293.0007999999998,51.29118432769371,5.714274996886161,8.934835445339019,16.089285714285747,1310.9,0
07/18/2014,1310.9,1318.7,1324.75,1304.57,-0.56,1318.8014285714287,1293.4322,42.2790697674419,4.998468936940526,8.14756214365932,16.159285714285748,1311.9,1
07/21/2014,1311.9,1311.05,1318.51,1307.01,0.08,1317.812142857143,1293.7542,43.512880562060936,4.460461694112155,7.410142053749888,16.36000000000003,1307.35,0
07/22/2014,1307.35,1311.89,1315.2,1301.75,-0.35,1316.3764285714285,1294.0342,40.83029197080287,3.625151612760874,6.653143965552085,16.54285714285717,1304.15,0
07/23/2014,1304.15,1307.7,1311.31,1302.61,-0.24,1315.2585714285717,1294.0052,42.55825011887785,2.6741234679670924,5.857339866035088,15.8964285714286,1293.35,0
07/24/2014,1293.35,1304.14,1305.35,1287.81,-0.83,1313.3157142857144,1293.9451999999999,38.19444444444443,1.037003144063874,4.893272521640846,16.792142857142885,1308.05,1
07/25/2014,1308.05,1294.0,1308.5,1290.16,1.14,1312.4478571428572,1294.2322,45.31069085295249,0.9151908886512956,4.097656195042935,17.484285714285743,1304.25,0
07/28/2014,1304.25,1308.25,1309.46,1301.42,-0.29,1311.3978571428572,1294.4782,44.43603330809991,0.5061905074746846,3.3793630575292855,17.208571428571467,1298.75,0
07/29/2014,1298.75,1304.59,1312.75,1295.85,-0.42,1309.4014285714286,1294.5682000000002,39.23758182518289,-0.25876637814781134,2.651737170393866,17.4021428571429,1295.05,0
07/30/2014,1295.05,1298.94,1302.76,1291.85,-0.28,1306.5085714285713,1294.6321999999998,33.761026463512465,-1.1502993639983288,1.891329863515427,16.30214285714289,1282.35,0
07/31/2014,1282.35,1294.86,1297.56,1281.02,-0.98,1302.5228571428572,1294.4022,29.30267062314536,-2.84879045702678,0.9433057994069857,17.078571428571454,1294.1,1
08/01/2014,1294.1,1282.24,1297.2,1280.9,0.92,1301.5907142857143,1294.422,44.353093898745065,-3.2097303110285793,0.11269857731987265,15.63571428571431,1288.35,0
08/04/2014,1288.35,1293.98,1295.81,1286.17,-0.44,1301.155,1294.328,47.191528545119645,-3.9146292814175467,-0.6927669944276112,14.738571428571438,1288.0,0
08/05/2014,1288.0,1287.91,1293.66,1282.56,-0.03,1300.3428571428572,1294.8139999999999,44.535230222051396,-4.450209622531929,-1.444255520048475,14.71000000000002,1306.25,1
08/06/2014,1306.25,1288.05,1309.86,1287.46,1.42,1299.4857142857143,1295.769,44.197292069632496,-3.3632687544875353,-1.828058166936287,14.395714285714282,1313.55,1
08/07/2014,1313.55,1305.89,1314.75,1302.11,0.56,1299.675,1296.919,51.28205128205121,-1.891012874914395,-1.8406491085319088,13.857142857142858,1309.6,0
08/08/2014,1309.6,1313.5,1322.86,1306.16,-0.3,1299.5107142857141,1298.09,48.91815616180613,-1.0310857570159442,-1.6787364382287158,14.228571428571415,1308.1,0
08/11/2014,1308.1,1309.35,1311.66,1304.96,-0.11,1299.5642857142855,1299.365,50.36319612590799,-0.465261539209223,-1.4360414584248173,13.746428571428558,1308.6,1
08/12/2014,1308.6,1307.9,1317.86,1305.46,0.04,1299.8821428571428,1300.644,52.2128294380904,0.023236198835320465,-1.1441859269727899,14.01071428571426,1312.86,1
08/13/2014,1312.86,1308.69,1315.6,1304.9,0.33,1301.2757142857142,1302.0252,60.37655568556536,0.7455266067181583,-0.7662434202346003,13.522142857142821,1313.24,1
08/14/2014,1313.24,1312.86,1319.6,1309.19,0.03,1301.6464285714285,1303.2179999999998,53.2563684276572,1.3332410105385861,-0.3463465340799631,12.955714285714246,1304.6,0
08/15/2014,1304.6,1312.95,1315.41,1292.61,-0.66,1301.6714285714286,1304.2554,50.20702709097356,1.0892766145511814,-0.0592219043537342,14.009999999999975,1297.46,0
08/18/2014,1297.46,1303.91,1304.07,1295.72,-0.55,1301.5792857142858,1305.163,49.25147963328307,0.31615035997947416,0.015852548512907474,13.437142857142817,1295.5,0
08/19/2014,1295.5,1297.65,1302.61,1293.96,-0.15,1301.6114285714286,1305.857,50.26649295274194,-0.4495314675054942,-0.07722425469077288,13.27571428571423,1292.15,0
08/20/2014,1292.15,1295.6,1297.91,1288.04,-0.26,1302.3114285714285,1306.4851999999998,56.526371870005455,-1.311538238697267,-0.32408705149207173,12.79928571428567,1277.25,0
08/21/2014,1277.25,1291.8,1291.8,1273.32,-1.15,1301.107857142857,1306.5629999999999,39.23047424261798,-3.1605573530075617,-0.8913811117951698,12.97999999999997,1281.23,1
08/22/2014,1281.23,1276.64,1283.5,1274.49,0.31,1300.5992857142858,1306.6476,45.34397070363596,-4.255708427148193,-1.5642465748657743,12.934999999999977,1276.6,0
08/25/2014,1276.6,1279.67,1281.06,1274.42,-0.36,1299.785,1306.7476,42.94030220460734,-5.434579400595567,-2.338313140011733,12.628571428571393,1280.9,1
08/26/2014,1280.9,1276.55,1291.06,1275.5,0.34,1297.9742857142858,1306.9356,31.022608174876666,-5.953243788332429,-3.0612992696758727,12.13999999999997,1282.95,1
08/27/2014,1282.95,1281.09,1288.0,1280.4,0.16,1295.7885714285712,1307.0266,25.13812154696157,-6.128228778287848,-3.6746851713982682,11.779999999999957,1290.0,1
08/28/2014,1290.0,1282.75,1296.76,1283.02,0.55,1294.3885714285714,1306.4245999999998,34.83910891089123,-5.633094753001842,-4.066367087718984,11.573571428571395,1287.57,0
08/29/2014,1287.57,1290.29,1291.8,1283.66,-0.19,1292.922142857143,1305.8796,34.34497483605318,-5.3748205764613886,-4.328057785467465,11.676428571428525,1287.3,0
09/01/2014,1287.3,1287.05,1290.36,1282.8,-0.02,1291.4007142857142,1305.2636,33.700642791552,-5.1327559586425195,-4.488997420102476,11.330714285714246,1265.9,0
09/02/2014,1265.9,1287.59,1288.1,1262.92,-1.66,1288.0464285714284,1304.2156,21.532492725509414,-6.591733754269853,-4.909544686935952,12.364999999999961,1269.07,1
09/03/2014,1269.07,1266.14,1271.8,1261.69,0.25,1284.8914285714286,1303.2069999999999,24.09991790782216,-7.406810559911946,-5.408997861531152,12.343571428571392,1261.1,0
09/04/2014,1261.1,1268.8,1276.76,1260.26,-0.63,1281.7842857142857,1302.07,24.29078014184394,-8.596778877039924,-6.046554064632907,11.893571428571379,1268.85,1
09/05/2014,1268.85,1260.96,1273.71,1257.16,0.61,1279.7407142857141,1301.14,33.212064311700445,-8.812887628327871,-6.5998207773719,12.441428571428528,1255.7,0
09/08/2014,1255.7,1268.75,1271.85,1251.5,-1.04,1276.8978571428572,1299.7040000000002,29.356846473029037,-9.93077468271781,-7.2660115584410825,13.277142857142817,1256.2,1
09/09/2014,1256.2,1255.43,1258.25,1247.41,0.04,1274.3300000000002,1298.313,30.785676109032565,-10.653554857151903,-7.943520218183247,13.346428571428516,1248.75,0
09/10/2014,1248.75,1256.19,1258.15,1243.91,-0.59,1272.294285714286,1296.739,33.44947735191636,-11.692729582339553,-8.693362091014508,13.018571428571363,1240.75,0
09/11/2014,1240.75,1248.68,1250.46,1234.97,-0.64,1269.402857142857,1295.1580000000001,27.541056369285357,-13.011823972929733,-9.557054467397554,13.481428571428507,1228.63,0
09/12/2014,1228.63,1240.59,1242.04,1227.75,-0.98,1265.9764285714284,1293.3195999999998,25.4277225694089,-14.863857196635308,-10.618415013245105,14.015714285714223,1233.0,1
09/15/2014,1233.0,1228.4,1238.56,1225.56,0.36,1262.5549999999998,1291.5756,25.481162981162782,-15.796887702995491,-11.654109551195184,13.832857142857083,1235.2,1
09/16/2014,1235.2,1233.1,1242.16,1231.92,0.18,1259.1442857142858,1289.9006,25.595420627619205,-16.172374422189478,-12.557762525394043,14.021428571428519,1223.25,0
09/17/2014,1223.25,1234.95,1239.46,1221.67,-0.97,1254.3764285714285,1287.8316,17.51192446218228,-17.2355349637553,-13.493317013066296,14.305714285714235,1225.45,1
09/18/2014,1225.45,1223.2,1228.06,1216.27,0.18,1249.939285714286,1285.6296,19.697560975609676,-17.696580573657457,-14.333969725184529,14.566428571428528,1216.45,0
09/19/2014,1216.45,1225.5,1228.86,1213.87,-0.73,1244.8785714285714,1283.1956,18.15157781174136,-18.574076928154454,-15.181991165778514,15.097142857142817,1215.05,0
09/22/2014,1215.05,1216.54,1220.7,1208.72,-0.12,1241.2464285714286,1281.3536,22.130878000657532,-19.161584591328165,-15.977909850888445,14.154285714285688,1222.95,1
09/23/2014,1222.95,1215.3,1235.06,1214.11,0.65,1237.952142857143,1279.9236,25.969153814089267,-18.773317551463606,-16.53699139100348,14.928571428571413,1217.05,0
09/24/2014,1217.05,1222.81,1226.16,1215.96,-0.48,1234.8057142857142,1278.2772,26.541697731387842,-18.725834058105875,-16.974759924423957,14.478571428571415,1222.62,1
09/25/2014,1222.62,1217.02,1224.88,1207.03,0.46,1231.5035714285714,1276.3646,24.795551193981026,-18.03090158828877,-17.185988257196918,14.571428571428571,1219.51,0
09/26/2014,1219.51,1222.59,1230.5,1212.54,-0.25,1228.9185714285716,1274.5368,27.843761479123287,-17.52904963514652,-17.25460053278684,14.400714285714296,1215.95,0
09/29/2014,1215.95,1219.2,1223.76,1214.78,-0.29,1226.0435714285716,1272.6178,26.24808214327865,-17.22008813755474,-17.247698053740418,14.267857142857158,1209.24,0
09/30/2014,1209.24,1216.24,1219.96,1204.9,-0.55,1223.2214285714288,1270.6556,26.479342778902264,-17.317054620780027,-17.26156936714834,14.326428571428583,1213.65,1
10/01/2014,1213.65,1209.0,1219.66,1204.75,0.36,1221.2857142857142,1268.8455999999999,33.146766169154304,-16.84388528859722,-17.17803255143812,14.285000000000016,1213.5,0
10/02/2014,1213.5,1213.34,1221.84,1208.69,-0.01,1220.205,1267.2486,38.944907204442465,-16.293181278612565,-17.00106229687301,14.203571428571438,1191.2,0
10/03/2014,1191.2,1213.84,1215.9,1190.14,-1.84,1217.2192857142857,1264.9116000000001,25.798981009726845,-17.454958122315247,-17.091841461961458,15.115000000000009,1207.15,1
10/06/2014,1207.15,1191.79,1209.2,1183.96,1.34,1215.2157142857143,1262.9696,35.99041054839684,-16.893900571115864,-17.05225328379234,16.186428571428582,1209.0,1
10/07/2014,1209.0,1207.15,1213.06,1202.91,0.15,1214.1978571428572,1261.1745999999998,42.08421286523721,-16.114224135605127,-16.8646474541549,15.640714285714287,1221.7,1
10/08/2014,1221.7,1209.39,1223.84,1205.12,1.05,1213.93,1259.7076000000002,48.13451397870859,-14.306623234443123,-16.353042610212544,16.135714285714293,1224.15,1
10/09/2014,1224.15,1221.84,1233.6,1219.15,0.2,1214.48,1258.5436,54.09748829289061,-12.531931665334014,-15.58882042123684,16.09714285714285,1223.48,0
10/10/2014,1223.48,1224.49,1225.84,1217.6,-0.05,1215.082142857143,1257.1312,54.52107690657516,-11.052137055173489,-14.68148374802417,15.829999999999993,1237.15,1
10/13/2014,1237.15,1223.54,1237.65,1223.34,1.12,1216.0964285714285,1256.1072,57.171717171717184,-8.67631920327949,-13.480450839075235,15.355714285714287,1232.75,0
10/14/2014,1232.75,1237.08,1238.3,1231.25,-0.36,1217.2178571428572,1255.0022,58.05128205128205,-7.067045168852019,-12.197769705030591,15.13071428571428,1241.07,1
10/15/2014,1241.07,1233.65,1249.8,1222.17,0.67,1218.5357142857142,1253.6986,59.20199501246883,-5.061978102917465,-10.770611384607967,15.82928571428569,1239.1,0
10/16/2014,1239.1,1241.67,1245.6,1235.75,-0.16,1219.935,1252.2096,59.882958329129174,-3.590521249516769,-9.334593357589728,15.249999999999968,1238.19,0
10/17/2014,1238.19,1239.69,1242.3,1231.99,-0.07,1221.5235714285716,1250.7814,61.52809454696244,-2.46934540996358,-7.961543768064499,15.344999999999962,1246.6,1
10/20/2014,1246.6,1238.54,1248.94,1234.7,0.68,1224.192142857143,1249.5514,69.03015484922568,-0.8919074113396164,-6.547616496719523,15.286428571428539,1249.3,1
10/21/2014,1249.3,1246.99,1255.6,1245.4,0.22,1226.7385714285715,1248.3654000000001,68.48107827890091,0.5695258629252749,-5.1241880247905645,14.949999999999948,1241.03,0
10/22/2014,1241.03,1249.57,1250.08,1240.66,-0.66,1228.7050000000002,1246.9288000000001,63.16343119441522,1.0483180195378736,-3.889686815924877,14.683571428571375,1232.15,0
10/23/2014,1232.15,1240.85,1244.96,1226.43,-0.72,1231.6299999999999,1245.307,72.4629731212288,0.7031173670891349,-2.9711259793220752,14.167142857142803,1231.46,0
10/24/2014,1231.46,1232.59,1234.7,1229.1,-0.06,1233.3664285714287,1243.8442,66.01660297799445,0.3696055468844861,-2.302979674080763,12.764285714285668,1225.4,0
10/27/2014,1225.4,1231.5,1232.26,1225.06,-0.49,1234.537857142857,1242.4029999999998,60.23720349563053,-0.3793237201919055,-1.9182484833029914,12.553571428571397,1228.4,1
10/28/2014,1228.4,1225.76,1235.81,1222.9,0.24,1235.0164285714286,1241.061,54.75852272727277,-0.7224526477282325,-1.6790893161880396,12.138571428571383,1211.8,0
10/29/2014,1211.8,1228.21,1230.86,1208.52,-1.35,1234.1342857142859,1239.4540000000002,42.69662921348306,-2.3072692986729635,-1.8047253126850245,12.70214285714282,1198.9,0
10/30/2014,1198.9,1211.5,1216.76,1195.96,-1.06,1232.3785714285714,1237.8870000000002,37.30109526761727,-4.551700927775755,-2.354120435703171,13.599285714285672,1174.42,0
10/31/2014,1174.42,1198.91,1203.3,1161.75,-2.04,1227.8978571428572,1235.7508,20.847662422158095,-8.211108034020981,-3.525517955366733,15.544999999999943,1165.35,0
11/03/2014,1165.35,1173.76,1174.17,1162.17,-0.77,1223.0835714285713,1233.5258000000001,19.980402636736045,-11.70812376644676,-5.162039117582738,15.916428571428517,1168.3,1
11/04/2014,1168.3,1165.55,1174.3,1164.0,0.25,1217.8857142857144,1231.2738,15.960333052670933,-14.079197360040325,-6.945470766074256,14.678571428571379,1141.4,0
11/05/2014,1141.4,1168.19,1169.85,1137.7,-2.3,1210.9071428571428,1228.4428,12.941890456683353,-17.92229835376679,-9.140836283612764,16.27142857142852,1141.2,0
11/06/2014,1141.2,1141.45,1149.7,1138.1,-0.02,1203.9792857142857,1225.4668000000001,13.011974677751468,-20.744986615475227,-11.461666349985258,16.36357142857139,1176.65,1
11/07/2014,1176.65,1141.2,1178.99,1132.25,3.11,1198.9828571428573,1223.2484000000002,27.88491938033519,-19.89216418102501,-13.147765916193208,18.684999999999963,1150.6,0
11/10/2014,1150.6,1179.41,1179.41,1147.45,-2.21,1191.9328571428573,1220.5144,22.809917355371923,-21.07536980439295,-14.733286693833158,20.239285714285693,1164.8,1
11/11/2014,1164.8,1150.65,1173.6,1146.32,1.23,1186.4878571428574,1218.4924,29.664408045670413,-20.629444069944384,-15.912518169055403,21.514999999999986,1160.92,0
11/12/2014,1160.92,1164.67,1170.37,1157.51,-0.33,1181.4,1216.3294,30.477443402949106,-20.35449434557654,-16.80091340435963,21.10999999999998,1161.96,1
11/13/2014,1161.96,1160.84,1168.12,1154.24,0.09,1176.435714285714,1214.3466,30.98807309333627,-19.82415488237598,-17.4055616999629,21.701428571428533,1188.25,1
11/14/2014,1188.25,1162.09,1193.74,1147.04,2.26,1173.7821428571428,1212.7346,40.85020442342741,-17.08552248377282,-17.341553856724882,24.522857142857106,1186.55,0
11/17/2014,1186.55,1188.75,1194.26,1181.62,-0.14,1170.7928571428572,1211.3516,39.62619602399482,-14.880776046305755,-16.849398294641055,24.50357142857141,1197.55,1
11/18/2014,1197.55,1186.42,1205.0,1183.3,0.93,1169.7749999999999,1210.1786,46.36683493957473,-12.10633623294757,-15.900785882302358,24.457857142857133,1183.3,0
11/19/2014,1183.3,1197.57,1202.77,1175.97,-1.19,1168.6607142857142,1208.8696,46.049832877544794,-10.931418017547912,-14.90691230935147,24.88642857142856,1193.75,1
11/20/2014,1193.75,1183.36,1197.31,1176.87,0.88,1170.0414285714285,1207.9296000000002,55.26903996074793,-9.052705250297095,-13.736070897540596,23.378571428571426,1201.4,1
11/21/2014,1201.4,1193.78,1208.01,1186.95,0.64,1172.6164285714287,1207.3850000000002,59.90330201637276,-6.867358150595692,-12.362328348151618,24.007857142857137,1197.4,0
11/24/2014,1197.4,1201.53,1204.24,1192.85,-0.33,1174.695,1206.673,57.94821370042612,-5.396019446834316,-10.969066567888158,24.08571428571429,1201.19,1
11/25/2014,1201.19,1197.55,1203.4,1190.8,0.32,1178.9657142857143,1205.9928,68.69021569240384,-3.8794319217008706,-9.5511396386507,22.689285714285738,1197.9,0
11/26/2014,1197.9,1200.96,1202.61,1195.02,-0.27,1183.0157142857145,1205.4858,67.38837095191363,-2.9094624142978773,-8.222804193780135,22.40285714285715,1191.75,0
11/27/2014,1191.75,1198.2,1200.1,1185.95,-0.51,1184.0942857142857,1204.8118000000002,55.64528189023474,-2.606956818306571,-7.099634718685422,20.074999999999996,1167.35,0
11/28/2014,1167.35,1190.7,1191.56,1165.35,-2.05,1185.2907142857143,1203.8298,56.340373987432805,-4.286680846309764,-6.537043944210291,19.677857142857142,1210.9,1
12/01/2014,1210.9,1167.06,1221.46,1143.38,3.73,1188.5835714285715,1203.7468000000001,64.27775024777009,-2.079778807323237,-5.64559091683288,23.30642857142857,1199.01,0
12/02/2014,1199.01,1210.74,1213.05,1192.32,-0.98,1191.304285714286,1203.268,61.23930362938914,-1.2755133487744388,-4.771575403221192,23.868571428571435,1209.64,1
12/03/2014,1209.64,1199.01,1214.95,1194.65,0.89,1194.7099999999998,1203.1198000000002,63.31546023235028,0.2171221341202454,-3.773835895752905,24.327142857142867,1205.78,0
12/04/2014,1205.78,1209.7,1213.7,1201.53,-0.32,1195.962142857143,1202.7830000000001,55.596705191239344,1.0761713342899384,-2.803834449744336,21.860714285714298,1192.05,0
12/05/2014,1192.05,1205.7,1208.2,1186.5,-1.14,1196.355,1202.2338,51.63069259962048,0.6416808633769051,-2.114731387120088,22.50785714285715,1203.2,1
12/08/2014,1203.2,1193.09,1208.59,1187.31,0.94,1196.7585714285717,1201.9788,51.67367735055396,1.183414188292545,-1.4551022720375613,22.477857142857147,1230.85,1
12/09/2014,1230.85,1203.64,1238.55,1199.45,2.3,1200.155,1202.411,63.04956364235133,3.800060933587929,-0.4040696309124633,23.356428571428573,1226.75,0
12/10/2014,1226.75,1230.43,1238.25,1224.78,-0.33,1202.5121428571426,1202.673,59.38353048225657,5.4797692276670205,0.7726981408034335,22.858571428571427,1227.95,1
12/11/2014,1227.95,1226.75,1233.2,1216.3,0.1,1204.4085714285716,1202.962,57.83694432965343,6.829058982542165,1.98397030915118,22.561428571428582,1222.6,0
12/12/2014,1222.6,1227.99,1228.38,1215.98,-0.44,1206.2085714285715,1203.59,57.37964156026699,7.381590169608899,3.0634942812427237,22.633571428571436,1192.6,0
12/15/2014,1192.6,1222.25,1224.24,1190.97,-2.45,1205.595,1203.299,47.81924346280779,5.337201895434646,3.518235804081108,24.109999999999996,1196.6,1
12/16/2014,1196.6,1192.59,1221.79,1188.8,0.34,1205.5021428571429,1203.0510000000002,49.6711524840635,3.9937386960625645,3.6133363824774,25.92428571428572,1188.7,0
12/17/2014,1188.7,1196.69,1203.4,1184.23,-0.66,1205.2842857142857,1202.3909999999998,49.23524396971066,2.2654556914712884,3.3437602442761776,26.28285714285716,1198.4,1
12/18/2014,1198.4,1188.7,1213.55,1188.65,0.82,1207.5021428571429,1201.876,58.40506740295601,1.6593598252934498,3.006880160479632,26.17571428571429,1195.95,0
12/19/2014,1195.95,1198.55,1202.1,1193.9,-0.2,1206.4342857142858,1201.3254000000002,44.79493071513126,0.9701467127572414,2.599533470935154,21.18428571428571,1175.05,0
12/22/2014,1175.05,1195.33,1202.18,1170.56,-1.75,1204.722857142857,1200.0834,42.150438998820604,-1.2481273407997833,1.8300013085881668,21.962142857142858,1175.68,1
12/23/2014,1175.68,1175.03,1185.49,1172.59,0.05,1202.297142857143,1198.942,38.09423643247793,-2.92161125921848,0.8796787950268375,21.43357142857144,1173.8,0
12/24/2014,1173.8,1175.7,1181.8,1173.05,-0.16,1200.0128571428572,1197.5966,38.63054607508535,-4.349422178102486,-0.1661413995990273,21.18928571428572,1195.4,1
12/26/2014,1195.4,1173.45,1199.75,1173.45,1.84,1200.2521428571429,1196.7226,51.12787017709249,-3.6954344686455443,-0.8720000134083307,21.517857142857142,1183.1,0
12/29/2014,1183.1,1195.71,1197.79,1179.35,-1.03,1198.8164285714286,1195.6208,43.28477883201923,-4.122134303474013,-1.5220268714214673,21.315000000000005,1200.24,1
12/30/2014,1200.24,1183.37,1210.29,1180.89,1.45,1196.6299999999999,1194.6936,39.001077973410084,-3.042173954083637,-1.8260562879539015,20.622142857142858,1183.95,0
12/31/2014,1183.95,1200.26,1204.0,1179.55,-1.36,1193.5728571428572,1193.3865999999998,35.85965375974635,-3.4608697036599096,-2.1530189710951033,21.406428571428574,1181.97,0
01/01/2015,1181.97,1183.78,1184.53,1181.97,-0.17,1190.2885714285715,1192.2053999999998,34.88693136997114,-3.907416291462823,-2.5038984351686473,20.38214285714285,1189.18,1
01/02/2015,1189.18,1182.7,1194.6,1168.75,0.61,1187.9014285714288,1191.346,39.14794129107687,-3.637589073457093,-2.7306365628263363,21.342857142857124,1204.45,1
01/05/2015,1204.45,1189.34,1208.15,1183.45,1.28,1188.7478571428571,1190.8058,54.25493716337525,-2.1666123177719783,-2.6178317138154648,20.73071428571427,1219.2,1
01/06/2015,1219.2,1204.85,1223.15,1201.85,1.22,1190.3621428571428,1190.6817999999998,57.533333333333346,0.18719126366522687,-2.0568271183193265,19.895714285714284,1210.8,0
01/07/2015,1210.8,1219.55,1219.85,1209.2,-0.69,1191.9407142857142,1190.3298000000002,57.34219269102982,1.3591206649205105,-1.3736375616713592,19.28714285714284,1208.98,0
01/08/2015,1208.98,1210.51,1216.65,1204.67,-0.15,1192.6964285714287,1190.2734,53.709157200953534,2.1166252309760694,-0.6755850031418735,18.364285714285707,1223.4,1
01/09/2015,1223.4,1209.65,1224.0,1207.45,1.19,1194.6571428571428,1190.7634,58.87832330681153,3.8363040194128644,0.2267928013690741,18.96071428571429,1233.64,1
01/12/2015,1233.64,1223.0,1236.29,1218.56,0.84,1198.842142857143,1191.9478,70.35364413256438,5.9567782380527206,1.3727898887058037,17.968571428571426,1230.88,0
01/13/2015,1230.88,1233.62,1244.12,1227.53,-0.22,1202.7849999999999,1193.2584,68.89634396823217,7.330063984986509,2.564244707961945,18.23214285714284,1229.95,0
01/14/2015,1229.95,1230.76,1244.4,1224.95,-0.08,1206.7957142857142,1194.4913999999999,69.34739163393283,8.248278584606851,3.7010514832909265,18.99642857142856,1261.64,1
01/15/2015,1261.64,1229.95,1266.59,1226.18,2.58,1211.527142857143,1196.8962,71.34020618556694,11.40165721867288,5.241172630367318,20.004285714285693,1280.3,1
01/16/2015,1280.3,1262.05,1281.99,1255.37,1.48,1218.47,1199.6782,80.08170339192868,15.230866607543021,7.2391114258024585,20.588571428571413,1277.08,0
01/19/2015,1277.08,1279.67,1281.63,1272.22,-0.25,1223.9585714285715,1201.6868,76.02275806014626,17.800522207284303,9.351393582098828,19.160714285714285,1293.94,1
01/20/2015,1293.94,1276.54,1297.23,1274.09,1.32,1231.815,1204.5536,87.10613318939336,20.9558874525826,11.672292356195584,19.067142857142862,1293.44,0
01/21/2015,1293.44,1293.64,1305.38,1285.59,-0.04,1239.777142857143,1207.1264,87.9847338649219,23.149340138185835,13.967701912593634,20.297857142857165,1301.73,1
01/22/2015,1301.73,1293.2,1306.7,1279.55,0.64,1247.8164285714286,1209.9425999999999,88.07252553954395,25.26535759684134,16.22723304944318,20.39071428571432,1294.55,0
01/23/2015,1294.55,1301.38,1302.9,1284.66,-0.55,1254.2521428571429,1212.5944,82.24305754365865,26.062518197248437,18.194290079004233,19.929285714285747,1281.24,0
01/26/2015,1281.24,1293.68,1299.14,1276.14,-1.03,1258.6835714285714,1214.4542,72.43274515475841,25.32829908705753,19.621091880614895,20.050714285714303,1292.35,1
01/27/2015,1292.35,1281.08,1297.77,1272.58,0.87,1264.5085714285717,1216.5701999999999,78.92049081495139,25.35068241568797,20.76700998762951,21.089285714285747,1285.1,0
01/28/2015,1285.1,1292.35,1294.55,1281.5,-0.56,1269.9457142857143,1218.3212,75.99371670536806,24.500974967570073,21.513802983617623,21.165714285714312,1257.25,0
01/29/2015,1257.25,1285.35,1286.25,1252.61,-2.17,1272.3635714285715,1219.8002000000001,60.58805129809194,21.334383947334345,21.47791917636097,22.38642857142861,1283.55,1
01/30/2015,1283.55,1257.61,1285.35,1257.25,2.09,1275.9285714285713,1221.5962,64.18623159570231,20.708315382222963,21.32399841753337,23.12714285714289,1275.44,0
02/02/2015,1275.44,1281.81,1283.85,1266.93,-0.63,1279.1114285714286,1223.077,62.29173562837912,19.334862057623013,20.9261711455513,23.15071428571431,1260.2,0
02/03/2015,1260.2,1275.4,1285.59,1255.7,-1.19,1281.2721428571426,1224.333,57.73380375313187,16.822727833989347,20.10548248323891,23.896428571428583,1270.05,1
02/04/2015,1270.05,1260.25,1272.2,1256.85,0.78,1281.8728571428571,1225.7102,52.420422494675606,15.448574492578246,19.174100885106775,22.106428571428605,1264.7,0
02/05/2015,1264.7,1269.9,1274.0,1256.52,-0.42,1280.7585714285713,1227.0462,45.13776337115075,13.769125869049958,18.09310588189541,21.453571428571454,1233.72,0
02/06/2015,1233.72,1264.82,1269.3,1228.75,-2.45,1277.6614285714284,1227.8856,38.479115740248695,9.825066396268085,16.439497984769947,23.67785714285716,1239.68,1
02/09/2015,1239.68,1235.18,1244.35,1234.54,0.48,1273.7857142857142,1229.3322,34.69652527075809,7.098466337578657,14.57129165533169,22.784285714285716,1234.0,0
02/10/2015,1234.0,1239.55,1246.0,1230.7,-0.46,1269.5400000000002,1229.7942,33.71149841061049,4.428241603989136,12.54268164506318,22.463571428571413,1219.16,0
02/11/2015,1219.16,1233.75,1239.3,1218.26,-1.2,1263.6421428571427,1230.1972,28.157240357652995,1.101903233182611,10.254525962687067,22.02714285714283,1222.5,1
02/12/2015,1222.5,1218.73,1232.9,1216.75,0.27,1258.4957142857143,1230.4544,30.544904682183883,-1.2503208833547887,7.953556593478695,21.877857142857124,1229.7,1
02/13/2015,1229.7,1222.38,1235.7,1221.01,0.59,1254.8142857142855,1230.9328,35.60817603038085,-2.5046238705751875,5.861920500667919,21.284285714285698,1231.47,1
02/16/2015,1231.47,1228.58,1236.88,1228.01,0.14,1250.4657142857143,1231.7212000000002,32.06457695027102,-3.3176005828352118,4.0260162839672935,20.118571428571418,1209.4,0
02/17/2015,1209.4,1231.05,1234.15,1203.7,-1.79,1245.0585714285714,1231.8452,29.489541562804817,-5.677310535940933,2.0853509199856486,21.36142857142857,1212.99,1
02/18/2015,1212.99,1209.41,1212.99,1197.95,0.3,1241.8971428571429,1231.488,36.1929124032942,-7.175005678278012,0.2332796003329165,20.03285714285713,1207.45,0
02/19/2015,1207.45,1212.7,1223.5,1205.4,-0.46,1236.4614285714288,1231.1019999999999,22.727924311926543,-8.708584428789663,-1.5550932054915996,19.318571428571413,1202.39,0
02/20/2015,1202.39,1207.41,1215.39,1198.43,-0.42,1231.2435714285714,1230.5908,23.23587601670691,-10.214509838121785,-3.286976532017637,19.321428571428573,1201.92,0
02/23/2015,1201.92,1201.89,1210.7,1191.51,-0.04,1227.0807142857143,1230.1772,26.055875102711525,-11.315454135027267,-4.892672052619563,18.55714285714287,1199.89,0
02/24/2015,1199.89,1201.71,1204.6,1191.3,-0.17,1222.0692857142858,1230.323,19.195644538110272,-12.211003608271994,-6.35633836375005,18.410714285714285,1204.8,1
02/25/2015,1204.8,1199.55,1212.2,1199.5,0.41,1217.7907142857143,1230.487,23.598377997178986,-12.381807285506284,-7.561432148101297,18.069285714285716,1209.05,1
02/26/2015,1209.05,1205.16,1220.75,1203.95,0.35,1216.0285714285715,1230.894,35.774420482066546,-12.035493274387818,-8.456244373358603,16.372857142857146,1213.15,1
02/27/2015,1213.15,1209.45,1219.9,1204.65,0.34,1214.1335714285717,1231.189,34.36652916912193,-11.29994248762091,-9.024983996211065,16.70285714285715,1207.1,0
03/02/2015,1207.1,1213.8,1223.6,1204.6,-0.5,1212.212142857143,1231.412,34.21731987796284,-11.077503067930593,-9.43548781055497,16.96714285714287,1203.8,0
03/03/2015,1203.8,1207.19,1215.09,1195.39,-0.27,1211.115,1231.987,39.576547231270254,-11.040235681359036,-9.756437384715785,16.871428571428574,1199.85,0
03/04/2015,1199.85,1203.75,1209.4,1198.25,-0.33,1209.4971428571428,1232.4704000000002,34.75568717189387,-11.200322649927102,-10.045214437758048,16.514285714285716,1198.6,0
03/05/2015,1198.6,1199.75,1209.7,1196.4,-0.1,1207.2757142857142,1232.9664,27.246122329528703,-11.297823008207615,-10.295736151847962,16.414999999999996,1167.21,0
03/06/2015,1167.21,1198.65,1201.29,1163.94,-2.62,1202.6857142857145,1232.4026,17.200898325847234,-13.749507642094613,-10.986490449897293,18.449285714285697,1167.3,1
03/09/2015,1167.3,1168.65,1176.15,1166.15,0.01,1199.6785714285713,1232.0866,22.295340879178568,-15.50647414850664,-11.890487189619162,16.988571428571408,1161.93,0
03/10/2015,1161.93,1167.1,1171.35,1156.35,-0.46,1196.0314285714285,1231.3204,17.168209876543145,-17.13467897092619,-12.939325545880568,16.985714285714266,1154.8,0
03/11/2015,1154.8,1162.15,1165.95,1147.85,-0.61,1192.2707142857143,1230.7374,16.824196597353392,-18.78384595178568,-14.108229627061592,16.985714285714284,1153.7,0
03/12/2015,1153.7,1154.6,1166.7,1148.9,-0.1,1188.792857142857,1230.172,17.707918822124853,-19.949616709418706,-15.276507043533016,17.045714285714276,1159.48,1
03/13/2015,1159.48,1153.9,1162.55,1151.8,0.5,1185.7614285714285,1229.578,23.70508054522915,-20.1745411866591,-16.25611387215823,16.44285714285713,1154.59,0
03/16/2015,1154.59,1158.5,1164.46,1150.6,-0.42,1182.5257142857142,1228.5808,22.89372905696493,-20.51094023650103,-17.10707914502679,16.482857142857142,1149.3,0
03/17/2015,1149.3,1154.55,1159.85,1143.61,-0.46,1178.5614285714287,1227.1828,16.94067190850609,-20.96275213895251,-17.878213743811934,16.735714285714284,1167.25,1
03/18/2015,1167.25,1149.25,1174.61,1145.9,1.56,1175.5757142857142,1226.3118,28.59483818107337,-19.645935229033284,-18.231758040856207,17.58642857142856,1171.3,1
03/19/2015,1171.3,1167.25,1177.86,1160.06,0.35,1172.5864285714285,1225.5582000000002,28.558253919458878,-18.067278844008115,-18.19886220148659,17.768571428571413,1182.68,1
03/20/2015,1182.68,1170.7,1188.3,1168.55,0.97,1170.842142857143,1224.7438,38.13641663427911,-15.716738612503832,-17.70243748369004,17.82214285714284,1189.3,1
03/23/2015,1189.3,1185.96,1192.1,1179.45,0.56,1169.8064285714286,1223.857,43.17582831325299,-13.167947962607286,-16.79553957947349,17.318571428571413,1193.13,1
03/24/2015,1193.13,1189.35,1195.7,1185.25,0.32,1169.3264285714286,1223.102,46.833773087071336,-10.715443060692905,-15.579520275717375,17.268571428571413,1195.45,1
03/25/2015,1195.45,1192.9,1199.9,1186.65,0.19,1169.1014285714286,1222.412,48.53064651553322,-8.48678032488283,-14.160972285550466,17.264999999999986,1204.38,1
03/26/2015,1204.38,1195.55,1219.8,1194.5,0.75,1171.7564285714286,1221.2668,71.93437979464184,-5.931596924178393,-12.515097213276052,16.404285714285702,1199.3,0
03/27/2015,1199.3,1204.25,1206.7,1192.91,-0.42,1174.0421428571428,1219.6468,67.83325902808733,-4.267318226485031,-10.865541415917848,16.674999999999986,1186.2,0
03/30/2015,1186.2,1198.85,1199.5,1182.55,-1.09,1175.7757142857142,1217.8292000000001,62.452539763981484,-3.9597800077622196,-9.484389134286722,16.814285714285706,1183.5,0
03/31/2015,1183.5,1185.4,1191.2,1178.45,-0.23,1177.8257142857144,1215.6204,65.42678993764781,-3.889090178190372,-8.365329343067453,16.43214285714284,1204.1,1
04/01/2015,1204.1,1183.35,1209.0,1180.35,1.74,1181.4257142857143,1213.8336,72.39601848560245,-2.1460814492868394,-7.121479764311331,17.20714285714285,1202.59,0
04/02/2015,1202.59,1204.95,1208.15,1195.75,-0.13,1184.5049999999999,1211.8508,69.91224018475742,-0.8764753916070731,-5.87247888977048,17.324999999999996,1210.9,1
04/03/2015,1210.9,1201.74,1212.74,1200.11,0.69,1188.5271428571427,1210.1778,75.21268021850095,0.7911245155960387,-4.539758208697176,17.237142857142853,1214.7,1
04/06/2015,1214.7,1215.63,1224.5,1213.85,0.31,1193.1985714285713,1208.847,79.6787075694318,2.391766898554579,-3.153453187246825,17.048571428571417,1208.6,0
04/07/2015,1208.6,1214.69,1215.91,1207.45,-0.5,1196.152142857143,1207.172,71.02613647920256,3.1319651541653,-1.8963695189644,15.602142857142862,1202.8,0
04/08/2015,1202.8,1208.85,1212.6,1197.85,-0.48,1198.402142857143,1205.5259999999998,65.73741007194238,3.2135225891406662,-0.8743910973433869,15.384285714285722,1195.01,0
04/09/2015,1195.01,1203.07,1203.76,1192.86,-0.65,1199.282857142857,1204.2812,56.389263136076224,2.619375022934264,-0.17563787328785674,14.752142857142871,1208.05,1
04/10/2015,1208.05,1194.3,1211.1,1193.3,1.09,1200.6221428571428,1202.7712,59.10990185599064,3.16425228561684,0.49234015849308255,15.12000000000002,1198.85,0
04/13/2015,1198.85,1207.38,1209.83,1196.81,-0.76,1201.0307142857143,1201.2394,52.64130033247127,2.821187436885566,0.9581096141715792,15.303571428571445,1193.58,0
04/14/2015,1193.58,1199.2,1202.1,1184.18,-0.44,1200.8971428571426,1199.907,49.15939944259637,2.099855291162612,1.1864587495697858,15.637142857142862,1202.05,1
04/15/2015,1202.05,1193.21,1205.35,1189.38,0.71,1200.7307142857142,1198.547,48.9482711925611,2.1864485639875966,1.386456712453348,14.97071428571428,1197.65,0
04/16/2015,1197.65,1202.45,1209.6,1195.06,-0.37,1200.6128571428574,1197.2060000000001,49.250613134708026,1.878378352508662,1.4848410404644108,15.024285714285709,1204.65,1
04/17/2015,1204.65,1198.6,1208.1,1197.28,0.58,1201.9307142857142,1196.6246,58.87104529281664,2.1740113394980654,1.6226751002711417,14.586428571428558,1196.5,0
04/20/2015,1196.5,1204.9,1209.4,1191.54,-0.68,1202.8592857142855,1195.761,55.93932748538011,1.730715117458658,1.644283103708645,14.951428571428567,1202.68,1
04/21/2015,1202.68,1196.81,1204.4,1193.3,0.52,1202.7578571428571,1195.1346,49.252788886550285,1.8566714663741095,1.686760776241738,13.697857142857142,1187.3,0
04/22/2015,1187.3,1202.75,1205.2,1185.73,-1.28,1201.6657142857143,1194.4974,42.979153273946224,0.7073019794402171,1.4908690168814338,14.202857142857138,1194.0,1
04/23/2015,1194.0,1187.56,1198.4,1184.05,0.56,1200.4585714285713,1193.9273999999998,42.12341536167036,0.33321133321624075,1.2593374801483954,14.325714285714282,1179.38,0
04/24/2015,1179.38,1194.16,1196.51,1175.24,-1.22,1197.935714285714,1192.921,35.046570702794284,-1.1299447153432993,0.7814810410500566,14.873571428571429,1202.0,1
04/27/2015,1202.0,1179.76,1207.46,1178.75,1.92,1197.4642857142858,1192.3316,47.54865547466948,-0.4589707395384721,0.5333906849323509,16.32,1212.1,1
04/28/2015,1212.1,1202.75,1215.5,1199.3,0.84,1198.1285714285714,1192.3856,53.34725021595161,0.8776495633233026,0.6022424606105412,16.42357142857143,1204.8,0
04/29/2015,1204.8,1212.1,1213.7,1201.63,-0.6,1198.827857142857,1192.2218,53.53608321895541,1.3325213155560505,0.7482982315996431,16.50714285714285,1184.37,0
04/30/2015,1184.37,1205.18,1207.52,1177.32,-1.7,1197.1364285714285,1191.7602,41.8804004937594,0.04397330017650347,0.6074332453150153,17.392857142857142,1178.5,0
05/01/2015,1178.5,1184.56,1185.26,1170.6,-0.5,1195.682857142857,1191.2824,42.85914801038671,-1.4343360942111758,0.1990793774097771,17.51000000000001,1188.25,1
05/04/2015,1188.25,1178.95,1193.45,1177.88,0.83,1195.3021428571428,1191.009,48.186704769680915,-1.7984322169454572,-0.20042294146126977,17.34214285714287,1193.33,1
05/05/2015,1193.33,1188.56,1200.1,1185.9,0.43,1194.679285714286,1190.8778,46.963365371221606,-1.6579555926837202,-0.49192947170575985,17.215714285714302,1191.8,0
05/06/2015,1191.8,1193.19,1197.9,1188.3,-0.13,1194.2614285714285,1190.6178,47.921256484969035,-1.6510527606533287,-0.7237541294952736,16.86285714285717,1184.8,0
05/07/2015,1184.8,1191.8,1193.3,1179.16,-0.59,1192.8435714285713,1190.1328,42.946485679766845,-2.1852337012489897,-1.016050043846017,17.100000000000023,1188.15,1
05/08/2015,1188.15,1184.66,1193.61,1182.13,0.28,1192.2471428571428,1189.6328,46.928114193216125,-2.311612116800916,-1.2751624584369967,16.64428571428571,1184.2,0
05/11/2015,1184.2,1188.95,1192.1,1179.5,-0.33,1190.9271428571428,1189.1748,43.0879712746858,-2.6993831020135985,-1.560006587152317,16.751428571428555,1193.5,1
05/12/2015,1193.5,1183.8,1197.0,1181.05,0.79,1191.3700000000001,1188.9687999999999,52.42946708463952,-2.2305497359891433,-1.6941152169196825,16.499999999999982,1215.73,1
05/13/2015,1215.73,1193.45,1219.3,1191.3,1.86,1192.922142857143,1189.2864,57.59100118773145,-0.06447744367937958,-1.368187662271622,17.474999999999973,1221.52,1
05/14/2015,1221.52,1215.71,1227.44,1212.05,0.48,1195.9321428571427,1189.7448,65.68875651526432,2.095202870166304,-0.6755095557840369,17.054999999999982,1223.85,1
05/15/2015,1223.85,1221.76,1226.75,1211.55,0.19,1197.4928571428572,1190.8776,59.58249276379263,3.9492520861974754,0.24944277261226555,16.089999999999982,1225.74,1
05/18/2015,1225.74,1223.3,1232.7,1221.5,0.15,1198.467142857143,1192.0464,56.44612476370516,5.507618257319336,1.3010778695536798,15.732857142857126,1207.51,0
05/19/2015,1207.51,1225.27,1225.57,1205.56,-1.49,1198.6607142857142,1192.9579999999999,51.16079842371286,5.211550519510638,2.0831723995450715,16.31214285714285,1209.28,1
05/20/2015,1209.28,1208.01,1213.47,1203.02,0.15,1200.44,1194.0476,62.70011216478031,5.061394308754643,2.6788167813869856,14.901428571428564,1206.45,0
05/21/2015,1206.45,1210.11,1212.95,1201.91,-0.23,1202.4364285714287,1195.1026,64.70588235294122,4.6603158609116235,3.0751165972919132,14.642857142857126,1206.38,0
05/22/2015,1206.38,1206.75,1215.2,1201.7,-0.01,1203.7314285714288,1196.0406,60.620972466315244,4.2873875515088,3.317570788135291,14.494999999999989,1207.17,1
05/25/2015,1207.17,1205.12,1208.97,1202.92,0.07,1204.72,1197.0922,58.536886257093606,4.0093680777426925,3.4559302460567713,13.91285714285714,1187.3,0
05/26/2015,1187.3,1207.3,1208.0,1186.1,-1.65,1204.3985714285716,1197.8522,47.736418511066404,2.1607845233363605,3.1969011015126894,14.791428571428566,1188.15,1
05/27/2015,1188.15,1187.44,1191.55,1184.51,0.07,1204.6378571428572,1198.2702,51.796246648793634,0.75564601748124,2.7086500847063997,14.284285714285716,1188.45,1
05/28/2015,1188.45,1188.21,1192.75,1181.3,0.03,1204.6592857142857,1198.6132,50.1662971175166,-0.32992570098053875,2.1009349275690123,14.282142857142876,1190.5,1
05/29/2015,1190.5,1188.65,1193.81,1187.08,0.17,1205.1092857142855,1198.7695999999999,53.56738391845977,-1.0131522530405164,1.4781174914471067,13.86285714285717,1189.15,0
06/01/2015,1189.15,1191.0,1204.81,1184.6,-0.11,1204.7985714285714,1198.7666,47.293092719352885,-1.6445901242777836,0.8535759683021287,14.167142857142883,1193.38,1
06/02/2015,1193.38,1188.95,1196.12,1185.48,0.36,1203.202142857143,1198.7716,32.07698476343228,-1.7831287399278608,0.32623502665613086,12.927142857142874,1185.5,0
06/03/2015,1185.5,1193.86,1195.81,1180.18,-0.66,1200.6292857142857,1198.5726000000002,22.051520794537595,-2.49995382352904,-0.23900274338090338,12.944285714285716,1176.26,0
06/04/2015,1176.26,1185.51,1186.41,1172.76,-0.78,1197.23,1198.0102,16.650315346881683,-3.770173432350248,-0.9452368811747722,12.833571428571434,1172.0,0
06/05/2015,1172.0,1177.24,1179.35,1163.1,-0.36,1193.3914285714286,1197.4642,13.55127509495388,-5.062223855986758,-1.7686342761371696,13.194285714285716,1173.95,1
06/08/2015,1173.95,1169.45,1178.1,1169.2,0.17,1190.9942857142858,1197.2192,20.78690807799451,-5.861269357627862,-2.587161292435308,12.388571428571415,1176.7,1
06/09/2015,1176.7,1174.36,1183.4,1172.75,0.23,1188.6671428571428,1197.0832,22.115713796645082,-6.201133846291214,-3.3099558032064893,12.402857142857133,1186.48,1
06/10/2015,1186.48,1176.75,1192.6,1175.35,0.83,1187.2407142857141,1196.7308,34.72540920911733,-5.616570310670795,-3.771278704699351,12.846428571428564,1182.3,0
06/11/2015,1182.3,1186.61,1188.21,1176.16,-0.35,1185.5207142857143,1196.325,32.671272308577954,-5.428019730789856,-4.102626909917452,12.742857142857133,1180.8,0
06/12/2015,1180.8,1182.01,1184.7,1176.93,-0.13,1183.637142857143,1195.723,31.215272830887585,-5.338095262440902,-4.349720580422143,12.865714285714278,1186.4,1
06/15/2015,1186.4,1181.5,1190.8,1173.02,0.47,1183.5728571428572,1195.1570000000002,49.19527896995721,-4.760084977980114,-4.431793459933737,12.571428571428555,1181.86,0
06/16/2015,1181.86,1186.06,1188.11,1176.13,-0.38,1183.1235714285715,1194.6222,44.724039590672575,-4.615147177015388,-4.468464203350067,12.924285714285686,1185.45,1
06/17/2015,1185.45,1181.9,1189.4,1174.48,0.3,1182.9092857142857,1194.2752,47.61526232114469,-4.162615883644094,-4.407294539408873,13.17214285714283,1201.42,1
06/18/2015,1201.42,1185.26,1206.0,1183.81,1.35,1183.689285714286,1194.4034,57.10752408227023,-2.4866712420150634,-4.023169879930111,14.276428571428548,1200.51,0
06/19/2015,1200.51,1202.36,1204.75,1198.7,-0.08,1184.5007142857141,1194.2526,57.436501702016095,-1.2178636596336219,-3.4621086358708135,13.26499999999997,1185.45,0
06/22/2015,1185.45,1200.61,1201.5,1182.65,-1.25,1183.9342857142858,1193.9846,45.45350303864237,-1.411272378170679,-3.0519413843307865,13.851428571428544,1178.44,0
06/23/2015,1178.44,1185.86,1188.7,1176.32,-0.59,1183.43,1193.6818,45.911512624507814,-2.1059228285553218,-2.862737673175694,13.619285714285704,1175.2,0
06/24/2015,1175.2,1178.25,1180.3,1171.43,-0.27,1183.3542857142857,1193.1448,49.34030370923579,-2.884627052320411,-2.867115549004638,13.277857142857117,1173.33,0
06/25/2015,1173.33,1175.29,1178.7,1171.52,-0.16,1183.4492857142857,1192.6584,50.85311096856953,-3.6110235005430695,-3.015897139312324,12.62999999999998,1175.07,1
06/26/2015,1175.07,1173.35,1179.09,1168.74,0.15,1183.5292857142856,1192.0667999999998,50.72034988422941,-4.000182843161383,-3.2127542800821365,12.73357142857141,1180.36,1
06/29/2015,1180.36,1184.96,1187.32,1173.99,0.45,1183.7907142857143,1191.744,52.279521674140405,-3.8374993327549873,-3.337703290616707,12.92499999999997,1172.6,0
06/30/2015,1172.6,1180.06,1180.8,1166.75,-0.66,1182.7992857142858,1191.1424,41.13212369026323,-4.2853398948839185,-3.5272306114701495,12.69642857142854,1168.8,0
07/01/2015,1168.8,1172.7,1175.3,1167.43,-0.32,1181.8349999999998,1190.7724,41.33281972265029,-4.890510251026171,-3.799886539381354,12.397857142857106,1166.15,0
07/02/2015,1166.15,1168.8,1169.11,1157.25,-0.23,1180.7885714285715,1190.2154,40.731367834999496,-5.520310270783966,-4.143971285661877,12.689999999999957,1167.94,1
07/03/2015,1167.94,1166.29,1170.5,1164.96,0.15,1179.4699999999998,1189.9866,37.72932730656742,-5.808041793149414,-4.476785387159385,11.815714285714241,1170.15,1
07/06/2015,1170.15,1173.3,1175.2,1163.3,0.19,1178.6335714285713,1189.3496,41.96734805871876,-5.790987666305682,-4.739625842988644,11.809999999999977,1155.55,0
07/07/2015,1155.55,1170.5,1170.65,1148.45,-1.25,1176.4978571428571,1188.2186,32.181168057210925,-6.876304374148276,-5.166961549220571,12.329999999999975,1158.28,1
07/08/2015,1158.28,1155.18,1165.03,1147.18,0.24,1173.4164285714285,1187.2882,19.473535239173472,-7.43048351135667,-5.619665941647791,12.019999999999966,1159.65,1
07/09/2015,1159.65,1158.62,1167.46,1156.2,0.12,1170.4978571428571,1186.7938000000001,21.27390326209236,-7.6707038210061,-6.029873517519453,12.392142857142826,1163.96,1
07/10/2015,1163.96,1159.75,1165.5,1157.9,0.37,1168.962857142857,1186.503,32.201424548616885,-7.427677524337923,-6.309434318883148,11.588571428571397,1158.0,0
07/13/2015,1158.0,1163.3,1164.6,1151.18,-0.51,1167.5028571428572,1185.8980000000001,32.7714093054619,-7.628068003879207,-6.57316105588236,11.662857142857092,1155.53,0
07/14/2015,1155.53,1158.06,1159.96,1153.04,-0.21,1166.097857142857,1185.142,33.202391118701954,-7.8951765789740875,-6.8375641605007065,11.52357142857139,1149.65,0
07/15/2015,1149.65,1155.9,1156.96,1143.83,-0.51,1164.4064285714285,1184.299,31.074168797954073,-8.483535985911885,-7.166758525582942,11.948571428571395,1145.15,0
07/16/2015,1145.15,1148.86,1149.9,1142.6,-0.39,1162.2692857142858,1183.506,27.09736680955308,-9.206797219428381,-7.57476626435203,11.73071428571427,1134.1,0
07/17/2015,1134.1,1145.61,1146.1,1131.2,-0.96,1158.965,1182.425,17.459200900393995,-10.550015596463254,-8.169816130774276,11.842857142857124,1096.95,0
07/20/2015,1096.95,1133.35,1133.35,1088.45,-3.28,1153.5614285714287,1180.68,12.351945854484,-14.445699332357208,-9.424992771090864,14.099999999999975,1101.41,1
07/21/2015,1101.41,1098.55,1109.87,1097.05,0.41,1148.7478571428571,1178.8382000000001,16.681499060615153,-16.977466369512285,-10.935487490775149,14.460714285714257,1093.45,0
07/22/2015,1093.45,1101.06,1103.56,1087.39,-0.72,1143.555,1176.3926,15.84930477264193,-19.402554887288943,-12.628900970077908,14.768571428571395,1090.8,0
07/23/2015,1090.8,1094.5,1106.0,1087.01,-0.24,1138.045,1173.7782,14.054054054054149,-21.292837288540795,-14.361688233770487,15.729285714285684,1099.1,1
07/24/2015,1099.1,1090.85,1102.35,1077.75,0.76,1132.97,1171.2832,18.670076726342728,-21.869066095350263,-15.863163806086442,16.636428571428528,1094.42,0
07/27/2015,1094.42,1099.55,1105.3,1089.19,-0.43,1128.6035714285715,1168.6568,20.460036725621023,-22.44464061811709,-17.17945916849257,16.20142857142852,1095.35,1
07/28/2015,1095.35,1094.31,1099.0,1091.4,0.08,1124.1085714285714,1166.4136,19.051834366086283,-22.565621903838974,-18.256691715561853,15.469285714285661,1096.69,1
07/29/2015,1096.69,1095.48,1101.85,1090.21,0.12,1119.6114285714286,1164.1617999999999,19.027941755214414,-22.29635514018696,-19.064624400486878,15.49642857142851,1088.99,0
07/30/2015,1088.99,1097.76,1099.82,1083.36,-0.7,1114.2564285714286,1161.8126,14.310197086546665,-22.44554664854877,-19.740808850099256,16.12928571428566,1095.65,1
07/31/2015,1095.65,1088.66,1103.38,1079.75,0.61,1109.8028571428572,1159.598,20.514518112172567,-21.77536282577171,-20.147719645233746,16.858571428571395,1086.5,0
08/03/2015,1086.5,1095.61,1098.15,1085.92,-0.84,1104.872142857143,1157.1845999999998,19.295436349079296,-21.73205227714857,-20.46458617161671,17.237857142857106,1087.45,1
08/04/2015,1087.45,1086.18,1095.05,1081.05,0.09,1100.4292857142857,1155.1876000000002,21.06438407145521,-21.3746773199407,-20.646604401281508,17.299999999999955,1085.05,0
08/05/2015,1085.05,1087.59,1092.16,1082.85,-0.22,1096.1364285714285,1153.1256,21.484152590624433,-21.04254962047662,-20.72579344512053,17.44357142857138,1089.41,1
08/06/2015,1089.41,1084.9,1094.3,1083.6,0.4,1092.9442857142858,1151.1448,27.35839497416167,-20.194728207842672,-20.61958039766496,17.143571428571395,1094.2,1
08/07/2015,1094.2,1089.4,1099.9,1083.16,0.44,1092.7478571428571,1149.2188,47.92703150912107,-18.91823304742752,-20.279310927617473,15.078571428571406,1104.51,1
08/10/2015,1104.51,1094.39,1109.2,1089.8,0.94,1092.9692857142857,1147.526,52.147409254641104,-16.880087459667266,-19.59946623402743,15.541428571428566,1109.01,1
08/11/2015,1109.01,1104.41,1119.4,1093.65,0.41,1094.0807142857143,1145.8386,61.32130384167628,-14.731909720428575,-18.62595493130766,16.225714285714293,1125.3,1
08/12/2015,1125.3,1108.91,1125.8,1101.75,1.47,1096.545,1144.6345999999999,70.94463331714422,-11.5814922925872,-17.21706240356357,16.587142857142858,1115.05,0
08/13/2015,1115.05,1125.46,1126.71,1113.42,-0.91,1097.6842857142858,1143.4104,59.45913889218362,-9.798897529547958,-15.733429428760449,15.77928571428572,1114.11,0
08/14/2015,1114.11,1115.16,1121.4,1111.81,-0.08,1099.0907142857143,1142.2526,62.21918828348004,-8.36559510802681,-14.259862564613723,15.313571428571452,1117.66,1
08/17/2015,1117.66,1114.35,1123.05,1113.7,0.32,1100.6842857142858,1141.1268,63.4090635893737,-6.864112069991279,-12.780712465689234,15.438571428571452,1118.01,1
08/18/2015,1118.01,1117.91,1121.6,1109.55,0.03,1102.207142857143,1139.953,62.96836982968358,-5.581592743097644,-11.340888521170916,15.467857142857172,1134.46,1
08/19/2015,1134.46,1118.01,1134.66,1116.35,1.47,1105.455,1138.9125999999999,74.99725123694326,-3.2009113018777953,-9.712893077312291,15.600000000000039,1153.16,1
08/20/2015,1153.16,1133.95,1154.5,1132.81,1.65,1109.5628571428572,1138.3298000000002,77.92018642586646,0.19251046890008183,-7.731812368069817,15.461428571428607,1161.05,1
08/21/2015,1161.05,1153.91,1168.8,1148.85,0.68,1114.8878571428572,1137.9348,86.64110881745786,3.478382107328116,-5.4897734729902306,16.01285714285718,1155.05,0
08/24/2015,1155.05,1162.35,1167.9,1146.75,-0.52,1119.7164285714287,1137.3078,81.65386776549906,5.53451080287914,-3.2849166178163562,16.523571428571472,1140.65,0
08/25/2015,1140.65,1155.45,1157.2,1134.9,-1.25,1123.6878571428572,1136.4836,73.40461357130836,5.9336485466540125,-1.4412035849222826,17.4514285714286,1125.55,0
08/26/2015,1125.55,1141.15,1147.0,1117.75,-1.32,1126.2692857142858,1135.2856,63.9515132798023,4.974184972156991,-0.15812587350642793,18.776428571428596,1125.71,1
08/27/2015,1125.71,1125.65,1129.8,1118.15,0.01,1128.52,1133.7714,62.61510128913443,4.178546160546375,0.7092085333041327,18.412857142857156,1133.96,1
08/28/2015,1133.96,1125.8,1141.2,1123.7,0.73,1130.6235714285715,1132.4404,61.98811365301636,4.165683317711228,1.4005034901855518,18.277142857142866,1134.5,1
08/31/2015,1134.5,1133.25,1136.8,1125.96,0.05,1132.4442857142858,1131.4214,60.72179692100613,4.151210340359512,1.950644860220344,17.212142857142858,1140.11,1
09/01/2015,1140.11,1135.01,1147.57,1134.51,0.49,1133.5021428571429,1130.6548,56.84444033644511,4.540085240264943,2.468532936229264,16.427857142857142,1134.05,0
09/02/2015,1134.05,1139.49,1143.0,1132.31,-0.53,1134.8592857142858,1129.8318000000002,59.13461538461539,4.309601640586607,2.8367466771007326,16.242142857142863,1125.25,0
09/03/2015,1125.25,1134.01,1134.5,1121.75,-0.78,1135.655,1128.8702,54.979438583944265,3.3779167503475946,2.9449806917501054,16.467857142857138,1123.0,0
09/04/2015,1123.0,1125.25,1130.2,1117.15,-0.2,1136.0364285714286,1127.8288,52.41497829232992,2.429982243746281,2.8419810021493404,16.732142857142858,1119.47,0
09/07/2015,1119.47,1123.22,1124.88,1116.58,-0.31,1136.1407142857142,1126.611,50.641814665025514,1.3780109665658529,2.5491869950326427,16.46428571428573,1121.8,1
09/08/2015,1121.8,1119.3,1126.8,1118.45,0.21,1135.2364285714286,1125.595,43.64585424613525,0.723982063172798,2.184146008660674,15.75285714285714,1106.1,0
09/09/2015,1106.1,1121.96,1125.8,1101.51,-1.4,1131.875,1124.3410000000001,25.646864003311777,-1.0491059045928068,1.537495626009978,15.93857142857142,1111.55,1
09/10/2015,1111.55,1106.81,1115.3,1104.0,0.49,1128.3392857142858,1123.249,23.720535145466087,-1.9915639317075602,0.8316837144664704,15.32071428571427,1107.9,0
09/11/2015,1107.9,1111.56,1113.4,1098.75,-0.33,1124.9714285714285,1122.0482000000002,24.32756179897636,-2.9984291788002793,0.0656611358131205,14.856428571428555,1108.8,1
09/14/2015,1108.8,1107.8,1110.7,1103.4,0.08,1122.6964285714287,1120.8212,29.66934763181395,-3.681318712234315,-0.6837348337963667,13.784999999999984,1105.4,0
09/15/2015,1105.4,1108.19,1109.8,1102.91,-0.31,1121.2571428571428,1119.8182,34.879183550953,-4.445618845697254,-1.4361116361765442,12.187857142857117,1119.55,1
09/16/2015,1119.55,1105.5,1124.7,1103.95,1.28,1120.817142857143,1119.0436,46.17960803770768,-3.8649922397696628,-1.9218877568951682,12.837857142857128,1131.4,1
09/17/2015,1131.4,1118.89,1133.4,1115.4,1.06,1120.6342857142856,1118.4786,48.48017098076468,-2.4207407138749204,-2.021658348291119,12.873571428571413,1139.4,1
09/18/2015,1139.4,1130.85,1141.9,1127.3,0.71,1120.9842857142855,1117.9874,52.672338568935494,-0.6234411911498228,-1.7420149168628598,13.142142857142858,1133.3,0
09/21/2015,1133.3,1139.4,1140.1,1130.0,-0.54,1120.4978571428571,1117.4934,46.305739394596955,0.30519451686745924,-1.332573030116796,12.929999999999998,1124.8,0
09/22/2015,1124.8,1133.16,1136.6,1121.18,-0.75,1119.837142857143,1116.8788,45.111510411161596,0.3512174275149391,-0.9958149385904489,13.267857142857126,1130.4,1
09/23/2015,1130.4,1124.1,1134.4,1121.75,0.5,1120.205,1116.4938,52.816978448747456,0.8299964324096436,-0.6306526643904304,13.260714285714275,1154.01,1
09/24/2015,1154.01,1130.61,1156.7,1130.45,2.09,1122.4199999999998,1116.6709999999998,63.749224084419644,3.0790683429977435,0.1112915370872044,14.207142857142847,1146.24,0
09/25/2015,1146.24,1150.97,1151.18,1140.84,-0.67,1124.3321428571428,1116.9138,61.43919323134776,4.186243562483924,0.9262819421665484,14.554999999999982,1132.05,0
09/28/2015,1132.05,1145.8,1148.3,1128.1,-1.24,1125.064285714286,1117.6158,53.976875921471255,3.8740162437056824,1.5158288024743753,15.401428571428564,1127.46,0
09/29/2015,1127.46,1132.25,1134.9,1124.35,-0.41,1126.59,1118.1368,59.06929347826094,3.2190915210878757,1.8564813461970755,14.420000000000007,1115.0,0
09/30/2015,1115.0,1127.46,1128.2,1112.0,-1.11,1126.8364285714285,1118.5678,51.38254388074059,1.6753289432981546,1.8202508656172913,14.770000000000014,1113.55,0
10/01/2015,1113.55,1115.14,1119.29,1111.13,-0.13,1127.24,1119.0228,52.30480541731251,0.3310667647642731,1.5224140454466877,14.306428571428569,1138.14,1
10/02/2015,1138.14,1114.08,1141.9,1104.52,2.21,1129.3357142857144,1119.8036,60.030083413099995,1.2356925022118048,1.4650697367997112,16.45500000000001,1135.75,0
10/05/2015,1135.75,1137.71,1141.95,1129.73,-0.21,1131.5035714285716,1120.6302,60.44750430292593,1.7397076241184095,1.5199973142634509,16.835714285714307,1147.11,1
10/06/2015,1147.11,1135.65,1151.61,1135.11,1.0,1133.472142857143,1121.6654,59.67289063596794,3.020976364938406,1.820193124398442,16.532142857142876,1145.4,0
10/07/2015,1145.4,1146.96,1153.7,1141.96,-0.15,1134.472142857143,1122.6396,55.29020556227327,3.853982058003112,2.226950911119376,16.08500000000002,1138.96,0
10/08/2015,1138.96,1145.49,1151.6,1136.9,-0.56,1134.4407142857142,1123.6390000000001,49.831752829611474,3.9489696288314917,2.5713546546617994,16.092142857142854,1157.53,1
10/09/2015,1157.53,1139.1,1160.2,1138.8,1.63,1136.1714285714286,1124.8766,58.45842351462683,5.459755108781565,3.1490347454857526,16.899285714285725,1164.0,1
10/12/2015,1164.0,1155.71,1169.4,1154.9,0.56,1138.9714285714285,1126.4266,63.881019830028336,7.09732487103588,3.938692770595778,16.83357142857145,1168.8,1
10/13/2015,1168.8,1163.55,1169.0,1151.56,0.41,1141.7142857142858,1128.0536,63.67521367521364,8.68234591130863,4.887423398738349,17.175714285714303,1185.19,1
10/14/2015,1185.19,1168.59,1190.38,1164.05,1.4,1143.9414285714286,1130.0564,61.70596185613457,11.13269178717701,6.136477076426081,17.177857142857174,1183.11,0
10/15/2015,1183.11,1184.1,1191.04,1176.37,-0.18,1146.575,1131.9304,64.45995764373669,12.759684233658845,7.461118507872634,17.285000000000032,1177.2,0
10/16/2015,1177.2,1182.21,1184.5,1174.25,-0.5,1149.8,1133.5904,68.9371697005285,13.417530916985925,8.652400989695291,16.574285714285743,1170.45,0
10/19/2015,1170.45,1176.0,1177.9,1168.25,-0.57,1152.8707142857143,1134.9092,67.71030732470956,13.241569988914762,9.570234789539185,16.510000000000023,1176.11,1
10/20/2015,1176.11,1171.0,1180.7,1167.15,0.48,1157.2357142857143,1136.2512,76.66928515318143,13.404317751948156,10.33705138202098,16.320714285714303,1167.1,0
10/21/2015,1167.1,1175.81,1179.6,1163.9,-0.77,1161.0607142857143,1137.0872,71.92336035372145,12.660324486496393,10.801706002916063,16.85928571428573,1166.05,0
10/22/2015,1166.05,1167.06,1172.2,1162.9,-0.09,1163.0542857142857,1138.1072,64.15457957196467,11.849385894059878,11.011241981144826,14.853571428571431,1164.26,0
10/23/2015,1164.26,1165.61,1179.8,1159.16,-0.15,1165.0907142857143,1139.1101999999998,64.54740279620376,10.936207385523403,10.996235062020542,15.454999999999993,1163.2,0
10/26/2015,1163.2,1164.45,1169.6,1162.3,-0.09,1166.24,1140.021,59.1743642376555,10.011566589541872,10.799301367524809,14.797857142857131,1166.95,1
10/27/2015,1166.95,1162.96,1168.9,1160.91,0.32,1167.7792857142856,1140.9998,62.00824696311156,9.472186289675392,10.533878351954925,14.529999999999989,1156.1,0
10/28/2015,1156.1,1166.75,1182.9,1152.4,-0.93,1169.0035714285714,1141.4325999999999,59.10346292755466,8.076122678216507,10.042327217207243,15.658571428571431,1145.91,0
10/29/2015,1145.91,1156.09,1162.76,1144.6,-0.88,1168.1735714285714,1141.2875999999999,43.22527985074632,6.077427567493032,9.249347287264401,15.427142857142858,1142.38,0
10/30/2015,1142.38,1148.04,1150.47,1139.48,-0.31,1166.6292857142857,1140.9142,36.94759719874428,4.160644474276523,8.231606724666825,15.176428571428573,1133.75,0
11/02/2015,1133.75,1141.49,1143.01,1132.75,-0.76,1164.1257142857144,1140.4882,29.774956722446618,1.9230435382887663,6.969894087391213,14.663571428571426,1117.6,0
11/03/2015,1117.6,1133.6,1138.3,1114.48,-1.42,1159.297857142857,1140.0271999999998,10.889943293600126,-1.1402967225365046,5.34785592540567,14.484285714285695,1107.44,0
11/04/2015,1107.44,1117.63,1122.85,1106.38,-0.91,1153.892857142857,1139.665,9.95872579108891,-4.337839129479107,3.410716914428715,14.612857142857106,1103.95,0
11/05/2015,1103.95,1107.56,1111.61,1102.75,-0.32,1148.6607142857142,1139.2298,10.220484414032683,-7.072006666206562,1.3141721983016597,14.513571428571383,1088.64,0
11/06/2015,1088.64,1103.89,1110.68,1085.29,-1.39,1142.817142857143,1138.3234000000002,9.351088144688347,-10.354878591947909,-1.019637959748254,15.637857142857099,1092.1,1
11/09/2015,1092.1,1089.94,1095.88,1088.34,0.32,1136.8164285714286,1137.4754,7.3250025398758964,-12.53291353556915,-3.3222930749124338,15.208571428571402,1089.91,0
11/10/2015,1089.91,1092.01,1094.9,1085.45,-0.2,1131.3028571428572,1136.4714,7.870319834079098,-14.271226798684665,-5.51207981966688,14.762142857142846,1086.14,0
11/11/2015,1086.14,1089.85,1093.69,1084.04,-0.35,1125.595,1135.5131999999999,7.643379624721561,-15.771258821938545,-7.563915620121214,14.787142857142856,1085.05,0
11/12/2015,1085.05,1086.26,1089.6,1074.66,-0.1,1119.9371428571428,1134.7092,7.700523336537273,-16.85371970828328,-9.421876437753628,14.379999999999995,1083.64,0
11/13/2015,1083.64,1085.05,1088.29,1080.04,-0.13,1114.2542857142857,1133.922,7.671845073419718,-17.62221504991203,-11.061944160185309,14.447857142857142,1082.85,0
11/16/2015,1082.85,1088.14,1098.29,1081.32,-0.07,1108.2471428571428,1133.1896,3.801362337947509,-18.08650951928007,-12.466857232004262,15.089285714285714,1070.37,0
11/17/2015,1070.37,1082.86,1084.82,1065.59,-1.15,1102.1235714285715,1132.161,3.734484619535692,-19.239714479391523,-13.821428681481715,14.284285714285716,1071.14,1
11/18/2015,1071.14,1070.3,1073.18,1065.34,0.07,1096.782857142857,1131.4618,5.082302054547654,-19.86254213213533,-15.029651371612438,13.547142857142862,1082.4,1
11/19/2015,1082.4,1071.15,1086.5,1069.75,1.05,1092.4985714285715,1130.8788,17.029463500439746,-19.22592514061398,-15.868906125412746,13.958571428571434,1078.1,0
11/20/2015,1078.1,1082.3,1087.8,1075.68,-0.4,1088.5235714285714,1130.2828,17.88064180999652,-18.85107222542638,-16.465339345415472,14.091428571428569,1069.34,0
11/23/2015,1069.34,1077.01,1077.01,1067.0,-0.81,1085.0764285714286,1129.4936,19.548207975769813,-19.041360428906955,-16.98054356211377,13.18285714285714,1075.49,1
11/24/2015,1075.49,1069.24,1080.89,1068.99,0.58,1082.7942857142857,1128.8954,28.765120297753597,-18.482852777173548,-17.281005405125725,12.856428571428589,1071.39,0
11/25/2015,1071.39,1075.55,1080.85,1067.75,-0.38,1080.4685714285715,1127.9322,28.53375527426168,-18.161710283340426,-17.457146380768666,13.159285714285732,1072.25,1
11/26/2015,1072.25,1071.91,1075.46,1070.35,0.08,1079.297857142857,1126.7492,36.650920345333056,-17.634527870413194,-17.492622678697572,11.710714285714305,1058.81,0
11/27/2015,1058.81,1071.59,1073.9,1052.86,-1.25,1076.92,1125.1373999999998,26.677875858203862,-18.092666687972724,-17.612631480552604,12.67500000000002,1064.42,1
11/30/2015,1064.42,1057.8,1068.9,1053.1,0.53,1075.0992857142858,1123.7598,32.95895173151504,-17.79790175371909,-17.649685535185903,13.128571428571458,1069.49,1
12/01/2015,1069.49,1064.55,1074.72,1063.38,0.48,1073.91,1122.6536,39.059009068208724,-16.959691030258682,-17.51168663420046,13.249285714285731,1053.69,0
12/02/2015,1053.69,1069.49,1071.55,1050.63,-1.48,1071.67,1121.1193999999998,32.73127753303979,-17.370099255122796,-17.483369158384924,13.67642857142859,1062.57,1
12/03/2015,1062.57,1053.71,1065.8,1046.25,0.84,1070.165,1119.2906,39.27953597232112,-16.785318243205893,-17.343758975349118,14.483571428571443,1086.99,1
12/04/2015,1086.99,1062.39,1089.09,1058.14,2.3,1070.4607142857144,1118.1055999999999,51.69811320754721,-14.187836615713195,-16.712574503421934,15.482142857142858,1070.39,0
12/07/2015,1070.39,1086.01,1087.0,1070.06,-1.53,1070.462142857143,1116.8724,50.00793524837336,-13.315304439008514,-16.03312049053925,15.318571428571431,1074.69,1
12/08/2015,1074.69,1070.49,1078.85,1067.63,0.4,1070.7157142857143,1115.817,51.37012736395213,-12.136935304108874,-15.253883453253177,15.559999999999977,1073.21,0
12/09/2015,1073.21,1074.74,1085.6,1069.59,-0.14,1070.0592857142858,1114.9812000000002,46.163480003339714,-11.193461647943877,-14.441799092191319,15.507142857142835,1071.54,0
12/10/2015,1071.54,1073.21,1076.46,1069.7,-0.16,1069.5907142857143,1114.141,47.19993170565138,-10.45993144270983,-13.645425562295022,15.1242857142857,1074.89,1
12/11/2015,1074.89,1071.6,1079.98,1062.38,0.31,1069.9871428571428,1112.876,52.48366598048876,-9.49879032530157,-12.816098514896334,15.588571428571413,1062.9,0
12/14/2015,1062.9,1073.69,1077.7,1062.77,-1.12,1069.0878571428573,1111.4189999999999,44.645742961639904,-9.593978448981261,-12.17167450171332,15.804999999999982,1060.74,0
12/15/2015,1060.74,1062.89,1068.89,1059.59,-0.2,1068.327142857143,1109.6916,45.394793738649106,-9.731530643328824,-11.683645730036421,15.533571428571431,1072.94,1
12/16/2015,1072.94,1060.73,1078.59,1060.64,1.15,1068.3764285714285,1108.2423999999999,50.27171772859733,-8.755179449232855,-11.097952473875708,16.450714285714266,1051.74,0
12/17/2015,1051.74,1072.85,1073.09,1047.64,-1.98,1067.8714285714286,1106.498,47.37623394938028,-9.581625898881612,-10.794687158876888,16.76571428571424,1066.19,1
12/18/2015,1066.19,1051.72,1070.79,1051.05,1.37,1067.9978571428571,1104.6712,50.61642404402033,-8.967227807878317,-10.429195288677175,17.0471428571428,1078.44,1
12/21/2015,1078.44,1065.94,1081.88,1063.88,1.15,1068.6371428571429,1102.96,52.968490878938645,-7.406463174665987,-9.824648865874938,17.522857142857088,1072.36,0
12/22/2015,1072.36,1078.41,1081.0,1071.85,-0.56,1069.9707142857144,1101.0312,56.61915904417492,-6.58425198711052,-9.176569490122056,16.68214285714282,1070.35,0
12/23/2015,1070.35,1072.21,1075.75,1068.25,-0.19,1070.5264285714286,1098.7344,52.89952295766248,-6.025377102420634,-8.546331012581772,15.82142857142854,1075.88,1
12/24/2015,1075.88,1070.9,1077.85,1070.05,0.52,1069.7328571428573,1096.5898000000002,45.18087967380939,-5.077707297009056,-7.85260626946723,14.16785714285712,1075.88,0
12/25/2015,1075.88,1075.88,1075.88,1075.88,0.0,1070.1250000000002,1094.5634,52.78200060808754,-4.277365343515612,-7.137558084276907,12.957857142857117,1069.05,0
12/28/2015,1069.05,1076.0,1077.15,1066.3,-0.63,1069.722142857143,1092.5354,47.213438735177846,-4.146415205097583,-6.5393295084410425,12.931428571428569,1068.99,0
12/29/2015,1068.99,1069.2,1075.79,1067.29,-0.01,1069.4207142857142,1090.393,47.88534776508318,-4.001352672660687,-6.031734141284971,12.394999999999998,1061.45,0
12/30/2015,1061.45,1069.38,1072.85,1059.55,-0.71,1068.7,1088.28,45.22479886417423,-4.44358171223098,-5.714103655474174,12.862142857142853,1061.3,0
12/31/2015,1061.3,1061.38,1063.68,1058.38,-0.01,1067.7292857142857,1086.185,43.36749633967788,-4.751384159618283,-5.521559756302996,11.983571428571427,1060.74,0
01/01/2016,1060.74,1061.21,1061.41,1060.74,-0.05,1067.575,1084.1146,48.813447593935365,-4.983065459883164,-5.413860897019029,10.965,1074.7,1
01/04/2016,1074.7,1065.36,1083.7,1061.9,1.32,1068.5721428571428,1082.3446,56.78856253647148,-3.994176843738842,-5.129924086362992,11.940714285714275,1077.66,1
01/05/2016,1077.66,1074.66,1082.3,1072.7,0.28,1068.9092857142857,1080.5588,52.52190639025433,-2.9377635194805407,-4.691491972986502,11.344285714285709,1094.45,1
01/06/2016,1094.45,1077.55,1095.45,1074.7,1.56,1071.96,1079.3258,73.94863743411449,-0.7372372566628655,-3.900641029721775,11.008571428571438,1109.25,1
01/07/2016,1109.25,1094.45,1110.2,1091.09,1.35,1075.0357142857142,1078.5926,74.05049151027688,2.17585012596237,-2.685342798584946,10.963571428571445,1104.24,0
01/08/2016,1104.24,1109.45,1112.4,1093.93,-0.45,1076.8785714285716,1077.8298000000002,65.67817209528428,4.033729412908542,-1.3415283562862483,10.997142857142876,1094.26,0
01/11/2016,1094.26,1104.19,1108.51,1093.91,-0.9,1078.4428571428573,1077.04,62.70596426084939,4.647239060368747,-0.14377487295524927,11.386428571428578,1087.05,0
01/12/2016,1087.05,1094.3,1099.54,1083.61,-0.66,1079.6357142857144,1076.429,59.13766688553293,4.499792327633941,0.7849385671625887,11.988571428571438,1093.49,1
01/13/2016,1093.49,1087.29,1095.68,1079.64,0.59,1080.8935714285715,1076.15,59.54057861090035,4.846723892270575,1.5972956321841858,12.577142857142869,1078.0,0
01/14/2016,1078.0,1093.52,1095.36,1071.4,-1.42,1081.0449999999998,1075.6309999999999,50.983484876600436,3.8276335353073137,2.0433632128088113,14.288571428571426,1089.1,1
01/15/2016,1089.1,1077.94,1097.59,1076.18,1.03,1082.4771428571428,1075.6401999999998,58.946898705934835,3.8710512495349576,2.4089008201540407,15.04285714285712,1088.9,0
01/18/2016,1088.9,1089.51,1093.26,1087.25,-0.02,1083.8992857142857,1075.5762,58.87333986986368,3.844999017097507,2.696120459542734,14.864999999999977,1087.12,0
01/19/2016,1087.12,1088.84,1094.7,1082.95,-0.16,1085.7328571428573,1075.5204,62.05956967020569,3.638775769266431,2.8846515214874735,14.754285714285695,1101.02,1
01/20/2016,1101.02,1087.1,1109.6,1086.73,1.28,1088.57,1075.818,66.52521218172741,4.544569227299007,3.21663506264978,16.00928571428569,1101.6,1
01/21/2016,1101.6,1101.04,1104.98,1092.54,0.05,1091.4885714285715,1076.1490000000001,66.99667221297832,5.248714310061814,3.6230509121321868,16.849999999999973,1098.3,0
01/22/2016,1098.3,1101.6,1102.98,1093.98,-0.3,1093.1742857142856,1076.4422,60.77232061347449,5.477332659120066,3.9939072615297624,15.852857142857115,1108.05,1
01/25/2016,1108.05,1097.85,1109.05,1097.35,0.89,1095.345,1076.9462,63.061978853262225,6.371807631640422,4.469487335551895,16.002857142857124,1120.57,1
01/26/2016,1120.57,1108.02,1123.3,1107.17,1.13,1097.2107142857142,1077.9502,61.65447081920396,7.998740357898214,5.1753379400211585,15.672857142857115,1125.59,1
01/27/2016,1125.59,1120.36,1128.2,1114.9,0.45,1098.377857142857,1079.0392,57.98787641767693,9.582704854449048,6.056811322906737,15.257857142857103,1115.14,0
01/28/2016,1115.14,1125.57,1126.01,1111.96,-0.93,1099.1564285714285,1079.694,55.059413293724525,9.880879832037863,6.8216250247329615,14.942142857142812,1118.04,1
01/29/2016,1118.04,1115.16,1118.5,1108.9,0.26,1100.855,1080.4928,61.81438791732913,10.233229118387726,7.5039458434639155,14.584999999999955,1128.85,1
02/01/2016,1128.85,1117.88,1130.09,1116.24,0.97,1103.8407142857143,1081.683,70.04988488104381,11.255004438252627,8.254157562421659,14.436428571428516,1129.12,1
02/02/2016,1129.12,1128.82,1130.7,1122.44,0.02,1106.3857142857144,1082.7556,68.16559600285514,11.948816960217982,8.993089441980924,13.880714285714232,1142.93,1
02/03/2016,1142.93,1129.16,1146.0,1124.35,1.22,1111.0235714285714,1084.1864,83.6808797593113,13.457885836855212,9.886048720955783,13.715714285714252,1155.74,1
02/04/2016,1155.74,1142.95,1157.59,1139.43,1.12,1115.7835714285713,1085.8562,83.96534148827743,15.508718878814761,11.01058275252758,13.483571428571395,1173.69,1
02/05/2016,1173.69,1155.74,1174.9,1145.36,1.55,1121.84,1088.1538,86.5947345705654,18.37066819797019,12.482599841616102,15.164285714285695,1191.14,1
02/08/2016,1191.14,1170.89,1200.98,1164.09,1.49,1129.27,1090.6882,89.54531630170331,21.795606630949806,14.345201199482844,16.959999999999987,1188.85,0
02/09/2016,1188.85,1191.14,1199.29,1185.48,-0.19,1135.5435714285716,1093.0754,86.62330080894006,24.04790190885751,16.285741341357777,16.312857142857133,1197.49,1
02/10/2016,1197.49,1188.95,1197.74,1181.29,0.73,1142.392857142857,1095.9514000000001,87.46581229975779,26.227701321362247,18.27413333735867,16.599285714285706,1246.89,1
02/11/2016,1246.89,1197.44,1260.98,1196.21,4.13,1153.0064285714286,1099.6378000000002,92.68110530246453,31.577370931485802,20.934780856184098,20.582857142857133,1238.05,0
02/12/2016,1238.05,1246.94,1249.05,1232.23,-0.71,1162.2921428571428,1102.6589999999999,87.53753753753747,34.7036662564376,23.6885579362348,20.94857142857141,1209.95,0
02/15/2016,1209.95,1232.81,1234.82,1202.3,-2.27,1168.6764285714285,1105.4502,73.6780756596376,34.5159641177936,25.854039172546564,22.34999999999999,1200.35,0
02/16/2016,1200.35,1209.32,1217.18,1190.79,-0.79,1174.0164285714286,1107.9633999999999,69.33581626319052,33.20974775141667,27.32518088832059,23.285,1209.14,1
02/17/2016,1209.14,1200.19,1213.88,1195.79,0.73,1180.7307142857142,1110.682,74.52259209015956,32.50909677774348,28.361964066205168,23.573571428571444,1232.35,1
02/18/2016,1232.35,1209.16,1239.9,1200.75,1.92,1188.8957142857143,1113.8981999999999,76.9637212813133,33.441189641358505,29.377809181235836,25.684285714285743,1228.19,0
02/19/2016,1228.19,1233.12,1234.79,1219.79,-0.34,1195.9914285714287,1116.9642,74.19150594194424,33.45851379785063,30.193950104558798,25.766428571428605,1208.74,0
02/22/2016,1208.74,1226.14,1226.35,1202.02,-1.58,1201.6785714285713,1119.881,67.73273942093539,31.539226298830272,30.463005343413094,27.045714285714325,1227.46,1
02/23/2016,1227.46,1208.76,1227.56,1207.2,1.55,1207.7164285714284,1123.2154,68.42334684625774,31.169422972830716,30.604288869296617,26.953571428571454,1229.35,1
02/24/2016,1229.35,1227.39,1253.3,1221.93,0.15,1212.9742857142858,1126.3436,66.84516453842275,30.675253153624908,30.61848172616228,27.897142857142885,1234.64,1
02/25/2016,1234.64,1229.44,1243.09,1221.18,0.43,1217.327857142857,1130.0015999999998,64.80590778798035,30.360501834832576,30.566885747896343,27.352142857142862,1222.6,0
02/26/2016,1222.6,1234.44,1240.05,1211.59,-0.98,1219.575,1133.1298000000002,57.848518111964786,28.807457333387674,30.215000064994612,26.75,1238.14,1
02/29/2016,1238.14,1222.73,1241.29,1217.98,1.27,1223.0957142857144,1136.3238000000001,61.53414143305097,28.502052583442037,29.8724105686841,27.428571428571427,1232.26,0
03/01/2016,1232.26,1238.19,1249.0,1227.44,-0.47,1225.5792857142858,1139.5218,58.24285240149824,27.468905812590947,29.39170961746547,27.793571428571422,1240.3,1
03/02/2016,1240.3,1232.35,1244.29,1224.48,0.65,1225.1085714285714,1142.9208,48.05662046593921,26.98779189454399,28.910926072881175,24.58214285714285,1263.69,1
03/03/2016,1263.69,1240.3,1267.44,1237.34,1.89,1226.94,1146.677,56.96360673546986,28.169166552546585,28.762574168814258,25.53071428571429,1259.44,0
03/04/2016,1259.44,1263.89,1279.98,1250.29,-0.34,1230.4750000000001,1150.3482,65.44149765990633,28.4346975062233,28.696998836296068,25.09785714285715,1267.39,1
03/07/2016,1267.39,1259.48,1273.29,1256.68,0.63,1235.2635714285716,1154.315,71.13493064312735,28.952880475557095,28.748175164148275,24.399285714285707,1261.1,0
03/08/2016,1261.1,1267.49,1278.19,1260.04,-0.5,1238.9750000000001,1158.1572,66.64317745035221,28.527150545826544,28.70397024048393,24.403571428571418,1252.94,0
03/09/2016,1252.94,1261.3,1264.99,1243.87,-0.65,1240.4457142857143,1161.987,57.29883020205602,27.217565551925645,28.406689302772275,23.11571428571428,1271.44,1
03/10/2016,1271.44,1252.89,1273.79,1237.44,1.48,1243.535,1166.1897999999999,63.91659694961058,27.357149211383103,28.196781284494442,24.64071428571427,1248.44,0
03/11/2016,1248.44,1271.44,1282.89,1248.44,-1.81,1246.3707142857145,1169.9438,62.48898955580719,25.319989409403888,27.621422909476333,25.23214285714284,1235.28,0
03/14/2016,1235.28,1250.98,1261.09,1229.28,-1.05,1246.9292857142857,1173.1554,52.549224149171955,22.385576579825738,26.574253643546214,26.049999999999986,1232.38,0
03/15/2016,1232.38,1234.68,1237.58,1226.08,-0.23,1247.1457142857143,1176.2498,50.98128117106037,19.60008987198148,25.17942088923327,24.63071428571428,1263.08,1
03/16/2016,1263.08,1232.84,1264.38,1227.24,2.49,1249.1771428571428,1179.6224,57.908787541712954,19.64336849265078,24.07221040991677,25.71857142857144,1257.9,0
03/17/2016,1257.9,1261.7,1271.65,1254.65,-0.41,1251.6985714285715,1182.5954000000002,60.205851740488086,19.040200819469874,23.065808491827394,24.90000000000001,1255.3,0
03/18/2016,1255.3,1258.16,1267.22,1248.3,-0.21,1252.9242857142856,1185.6165999999998,55.362499999999955,18.143243801228664,22.081295553707648,24.58642857142859,1243.74,0
03/21/2016,1243.74,1254.7,1256.12,1240.76,-0.92,1253.7442857142855,1188.6062000000002,53.464509898599715,16.311573843333463,20.92735121163281,24.143571428571445,1248.38,1
03/22/2016,1248.38,1244.22,1259.97,1242.47,0.37,1254.3214285714287,1191.8328,52.48952427902396,15.060760356739593,19.754033040654168,23.97857142857145,1220.17,0
03/23/2016,1220.17,1248.18,1249.47,1215.47,-2.26,1251.212857142857,1194.3663999999999,36.97785757031717,11.658775313319893,18.134981495187315,24.257142857142867,1216.99,0
03/24/2016,1216.99,1221.2,1224.4,1213.01,-0.26,1248.1807142857142,1197.1462000000001,37.21616575317712,8.606863666044319,16.229357929358716,22.950000000000014,1216.47,0
03/25/2016,1216.47,1216.47,1216.47,1216.47,-0.04,1244.5435714285716,1199.6936,33.94703656998736,6.0761993991925465,14.198726223325483,21.800714285714303,1221.05,1
03/28/2016,1221.05,1214.51,1222.96,1208.55,0.38,1241.6828571428573,1202.3366,37.23628019631588,4.389596917765175,12.236900362213422,21.533571428571445,1242.55,1
03/29/2016,1242.55,1221.4,1243.65,1215.65,1.76,1240.9407142857144,1205.4452,46.94824649004285,4.733260535817408,10.73617239693422,22.02500000000001,1224.85,0
03/30/2016,1224.85,1241.3,1243.3,1223.33,-1.42,1237.6128571428574,1207.9218,36.25095909815258,3.536606555250728,9.296259228597522,20.855000000000018,1232.7,1
03/31/2016,1232.7,1226.06,1240.05,1224.81,0.64,1236.4885714285715,1210.5438,44.89888514389421,3.1849647578808344,8.074000334454185,19.48285714285716,1222.49,0
04/01/2016,1222.49,1232.68,1235.36,1208.84,-0.83,1235.575,1213.0276000000001,45.7741359941849,2.0586930960339487,6.870938886770138,19.105000000000018,1215.4,0
04/04/2016,1215.4,1220.35,1223.35,1214.7,-0.58,1234.3621428571428,1215.1745999999998,44.540895061728385,0.5872415877947788,5.614199426975066,18.90142857142858,1231.14,1
04/05/2016,1231.14,1215.31,1237.05,1214.9,1.3,1232.0807142857143,1217.386,38.63830392714862,0.6833152883164075,4.628022599243335,17.830714285714276,1222.35,0
04/06/2016,1222.35,1231.86,1232.41,1217.2,-0.71,1229.5414285714287,1219.3212,37.67080529929941,0.049603056094383646,3.7123386906135445,17.702857142857138,1240.69,1
04/07/2016,1240.69,1223.16,1243.9,1222.7,1.5,1228.4978571428571,1221.8322,45.431805390532226,1.0155595344838275,3.1729828593876013,17.89071428571429,1240.39,0
04/08/2016,1240.39,1240.18,1243.18,1229.62,-0.02,1228.2585714285713,1224.2792,48.873192061890386,1.736858091233671,2.8857579057568152,17.76214285714288,1257.95,1
04/11/2016,1257.95,1239.79,1259.1,1239.79,1.42,1228.942142857143,1226.8612,52.96156464690225,3.6829825092995634,3.045202826465365,17.891428571428587,1255.94,0
04/12/2016,1255.94,1259.05,1262.98,1251.29,-0.16,1231.4971428571428,1229.3976,63.211937652360156,5.005410671496065,3.437244395471505,16.297857142857165,1243.14,0
04/13/2016,1243.14,1255.88,1257.18,1240.24,-1.02,1233.365,1231.4018,59.01786330091733,4.963376773826667,3.7424708711425376,16.694285714285733,1227.39,0
04/14/2016,1227.39,1242.05,1244.38,1223.79,-1.27,1234.145,1232.8348,53.40781425539884,3.6174712782303686,3.717470952560104,18.127857142857174,1234.05,1
04/15/2016,1234.05,1227.55,1236.29,1225.29,0.54,1235.0735714285715,1234.042,54.004929143561306,3.053044222954213,3.5845856066389263,17.88428571428574,1231.55,0
04/18/2016,1231.55,1234.1,1242.0,1230.16,-0.2,1234.287857142857,1234.8502,46.1618981158409,2.3766065674192305,3.3429897987949873,16.730000000000018,1250.5,1
04/19/2016,1250.5,1232.46,1257.2,1227.7,1.54,1236.1200000000001,1236.0832,58.87236250432378,3.3312311214313013,3.3406380633222503,17.410714285714302,1244.05,0
04/20/2016,1244.05,1251.0,1258.75,1242.6,-0.52,1236.9307142857142,1237.0143999999998,53.96437303527765,3.526663679458352,3.377843186549471,17.475714285714307,1248.85,1
04/21/2016,1248.85,1243.49,1270.48,1242.88,0.39,1238.8135714285713,1237.0536,59.56875272252065,4.022496439400356,3.506773837119648,17.55285714285716,1232.3,0
04/22/2016,1232.3,1247.44,1252.98,1227.35,-1.33,1240.0207142857143,1236.9386,55.74048913043474,3.044901063977022,3.4143992824911233,18.76571428571432,1237.9,1
04/25/2016,1237.9,1232.1,1242.3,1230.1,0.45,1240.5035714285714,1237.4976,52.4660732525901,2.691002680793872,3.2697199621516733,18.055000000000046,1243.44,1
04/26/2016,1243.44,1238.57,1245.15,1231.95,0.45,1242.01,1238.3594,57.88057693744867,2.8250024924791433,3.1807764682171675,17.91142857142862,1246.1,1
04/27/2016,1246.1,1242.6,1251.3,1240.66,0.21,1242.3964285714285,1239.0986,52.289850165072316,3.1099880715205472,3.1666187888778436,17.132142857142885,1266.48,1
04/28/2016,1266.48,1245.66,1270.1,1238.05,1.64,1244.26,1239.7812,59.43853556182619,4.923580897589773,3.5180112106202297,18.45285714285715,1293.74,1
04/29/2016,1293.74,1266.27,1296.49,1265.14,2.15,1246.8164285714286,1241.0922,62.09857345683186,8.462964668469112,4.507001902190007,19.31285714285715,1291.6,0
05/02/2016,1291.6,1293.69,1303.98,1287.48,-0.17,1249.3635714285715,1242.7494,62.04404215077002,10.968829848862015,5.799367491524409,19.656428571428574,1286.0,0
05/03/2016,1286.0,1291.76,1302.4,1282.46,-0.43,1252.425,1243.9202,65.2158477705197,12.36038997767264,7.111571988754055,19.87071428571429,1279.49,0
05/04/2016,1279.49,1285.99,1289.68,1271.64,-0.51,1256.1464285714285,1244.923,69.7948328267477,12.790468255485848,8.247351242100414,19.688571428571418,1278.05,0
05/05/2016,1278.05,1279.85,1286.38,1269.24,-0.11,1259.2892857142856,1245.7912000000001,67.40781769267286,12.866792054279358,9.171239404536204,20.127142857142854,1288.7,1
05/06/2016,1288.7,1278.5,1296.1,1274.4,0.83,1263.3714285714286,1247.1132,71.240615476102,13.62953244302912,10.062898012234788,20.831428571428564,1263.85,0
05/09/2016,1263.85,1284.93,1287.98,1261.09,-1.93,1264.325,1247.6273999999999,54.75325785088652,12.08946257731418,10.468210925250666,20.696428571428573,1266.4,1
05/10/2016,1266.4,1264.11,1269.5,1257.65,0.2,1265.9214285714286,1248.3102000000001,58.18501428257528,10.948502282781646,10.564269196756863,20.389285714285702,1277.69,1
05/11/2016,1277.69,1265.73,1279.18,1264.79,0.89,1267.9814285714285,1249.058,60.082505943224746,10.830445045951137,10.617504366595718,19.445714285714285,1263.49,0
05/12/2016,1263.49,1277.8,1280.99,1263.49,-1.11,1270.2092857142857,1249.0539999999999,61.08623018411883,9.481762651899317,10.390356023656437,18.86499999999999,1273.6,1
05/13/2016,1273.6,1263.61,1276.6,1263.51,0.8,1272.7592857142856,1249.3372,62.29508196721303,9.123544107819725,10.136993640489095,18.929999999999982,1273.86,1
05/16/2016,1273.86,1272.51,1288.6,1271.33,0.02,1274.9321428571427,1249.4666,60.8720514653323,8.759657281457748,9.861526368682826,19.220714285714262,1280.0,1
05/17/2016,1280.0,1274.06,1282.5,1269.5,0.48,1277.3535714285715,1249.8446,61.82173245919932,8.864536180672985,9.662128331080858,19.389285714285702,1258.3,0
05/18/2016,1258.3,1279.71,1281.51,1255.05,-1.7,1276.7692857142858,1249.9518,47.1734623358673,7.11463177201631,9.152629019267948,18.98999999999999,1255.1,0
05/19/2016,1255.1,1258.6,1261.92,1245.0,-0.25,1274.0092857142859,1249.625,33.985411140583594,5.407274964413318,8.403558208297023,17.95928571428572,1252.3,0
05/20/2016,1252.3,1255.24,1259.98,1248.7,-0.22,1271.202142857143,1249.7022,33.80049464138507,3.7846190614259285,7.4797703789228045,17.586428571428574,1249.24,0
05/23/2016,1249.24,1251.41,1256.36,1243.39,-0.24,1268.5764285714286,1249.9814,34.52340855506911,2.2260753304653917,6.429031369231323,17.088571428571413,1227.0,0
05/24/2016,1227.0,1249.21,1251.26,1226.53,-1.78,1264.8271428571427,1249.8738,30.485537958212575,-0.7945053741955235,4.984324020545954,17.56642857142856,1224.18,0
05/25/2016,1224.18,1227.0,1230.21,1217.65,-0.23,1260.9792857142857,1249.0958,30.175903437109085,-3.3769602809907155,3.3120671602386205,17.239285714285693,1220.15,0
05/26/2016,1220.15,1223.4,1234.01,1218.55,-0.33,1256.0828571428572,1248.3408,23.481624758220562,-5.6832487660178685,1.513003974987323,16.793571428571422,1212.4,0
05/27/2016,1212.4,1219.86,1223.7,1206.7,-0.64,1252.407857142857,1247.4828000000002,27.0619705751227,-8.043637194275561,-0.3983242588652538,16.03571428571427,1205.58,0
05/30/2016,1205.58,1213.38,1213.83,1199.97,-0.56,1248.0635714285713,1246.7196,23.879058580999768,-10.345324570326284,-2.38772432115746,16.179285714285697,1215.24,1
05/31/2016,1215.24,1206.45,1218.86,1206.2,0.8,1243.6028571428571,1246.0568,22.79815314922905,-11.260147163296779,-4.162208889585324,16.099999999999973,1213.35,0
06/01/2016,1213.35,1216.4,1221.25,1206.5,-0.16,1240.0214285714285,1245.9204,25.53669008587042,-11.9993369764411,-5.729634506956479,15.903571428571402,1210.95,0
06/02/2016,1210.95,1213.62,1218.05,1209.99,-0.2,1235.5464285714284,1245.7995999999998,16.946291020365237,-12.633182704956653,-7.110344146556514,15.54285714285712,1244.49,1
06/03/2016,1244.49,1211.16,1244.91,1207.01,2.77,1233.4485714285713,1246.36,38.53182350644286,-10.31026203407896,-7.750327724061004,17.016428571428555,1245.24,1
06/06/2016,1245.24,1242.79,1248.79,1239.93,0.06,1230.9657142857143,1246.8438,35.83075167128649,-8.312985018045765,-7.862859182857956,16.720714285714262,1243.85,0
06/07/2016,1243.85,1245.56,1246.66,1234.9,-0.11,1229.9335714285714,1246.8698,42.940889106008775,-6.764315161973627,-7.64315037868109,15.67071428571426,1262.14,1
06/08/2016,1262.14,1244.64,1264.19,1243.09,1.47,1230.4364285714287,1247.6156,52.997275204359745,-4.014852281438607,-6.917490759232594,15.969285714285693,1269.15,1
06/09/2016,1269.15,1262.55,1272.06,1257.56,0.56,1231.6399999999999,1248.3446000000001,56.92560624743119,-1.2557591154193233,-5.7851444304699395,16.199285714285697,1274.2,1
06/10/2016,1274.2,1269.41,1278.1,1264.47,0.4,1233.422857142857,1249.3788,60.09382076997734,1.3230832125493635,-4.363498901866079,16.24642857142856,1284.05,1
06/13/2016,1284.05,1274.05,1287.4,1272.7,0.77,1237.4978571428571,1250.7518,75.64044943820217,4.114220840302323,-2.6679549534323983,15.529999999999989,1285.85,1
06/14/2016,1285.85,1283.39,1290.18,1276.38,0.14,1241.902857142857,1251.846,77.97332849496495,6.3977136160026475,-0.8548212395453889,15.618571428571418,1291.49,1
06/15/2016,1291.49,1285.14,1297.09,1278.43,0.44,1246.9985714285715,1253.2287999999999,81.89377682403419,8.563781020144006,1.0288992123924903,15.847142857142833,1279.14,0
06/16/2016,1279.14,1293.51,1316.11,1278.77,-0.96,1251.7657142857145,1253.9978,78.6585365853658,9.178064245380938,2.65873221899018,17.299999999999972,1298.6,1
06/17/2016,1298.6,1279.35,1299.88,1277.19,1.52,1258.41,1255.162,86.03191819026962,11.107111624180789,4.348408100028302,17.930714285714267,1290.15,0
06/20/2016,1290.15,1285.8,1292.36,1277.74,-0.65,1263.7607142857141,1255.8059999999998,79.29146789708308,11.817822685927695,5.842291017208181,18.472142857142835,1268.44,0
06/21/2016,1268.44,1288.68,1294.38,1264.48,-1.68,1267.6957142857143,1256.056,68.65055183153913,10.508119697998154,6.775456753366176,19.554285714285697,1266.31,0
06/22/2016,1266.31,1268.45,1271.0,1261.41,-0.17,1271.6499999999999,1256.5194,68.77628544295209,9.192333941665993,7.258832191026139,19.66357142857141,1255.65,0
06/23/2016,1255.65,1264.31,1271.65,1255.46,-0.84,1272.447142857143,1257.0846,54.48048819656339,7.206321352611667,7.248330023343245,18.11285714285712,1315.98,1
06/24/2016,1315.98,1253.86,1358.7,1251.66,4.8,1277.5,1258.7232000000001,69.21029763197919,10.380854835801301,7.874834985834857,25.12571428571427,1324.8,1
06/27/2016,1324.8,1326.26,1335.7,1317.85,0.67,1283.2821428571428,1260.5882,71.1302531975986,13.453314347294054,8.990530858126697,25.6942857142857,1312.51,0
06/28/2016,1312.51,1324.45,1326.39,1305.62,-0.93,1286.8799999999999,1261.8283999999999,63.573160873080056,14.726798986243693,10.137784483750096,25.670714285714276,1318.89,1
06/29/2016,1318.89,1312.39,1328.23,1311.29,0.49,1290.4328571428573,1263.3252,63.449059052563314,16.06566246136117,11.323360079272312,25.844999999999995,1322.18,1
06/30/2016,1322.18,1317.71,1324.11,1312.95,0.25,1293.8600000000001,1264.7918,63.097837955885616,17.19399524145183,12.497487111708217,25.668571428571422,1342.3,1
07/01/2016,1342.3,1323.38,1344.6,1320.88,1.52,1298.0207142857143,1266.9918,65.05712660910929,19.487087929654763,13.895407275297528,26.31285714285712,1350.78,1
07/04/2016,1350.78,1342.58,1357.97,1338.34,0.63,1302.6585714285713,1269.2494,66.22357703263211,21.738062680472694,15.463938356332562,26.7292857142857,1356.14,1
07/05/2016,1356.14,1351.15,1357.71,1338.43,0.4,1307.2764285714288,1271.5034,66.17624981234056,23.681498024498296,17.10745028996571,26.773571428571422,1363.89,1
07/06/2016,1363.89,1356.74,1375.3,1356.23,0.57,1313.3300000000002,1273.8591999999999,71.70516826307437,25.55249155016554,18.796458542005674,25.47499999999999,1360.6,0
07/07/2016,1360.6,1363.56,1370.26,1350.8,-0.24,1317.7585714285713,1275.7415999999998,67.31263263710488,26.464723041213347,20.330111441847208,25.244285714285702,1366.8,1
07/08/2016,1366.8,1359.21,1369.09,1336.08,0.46,1323.2335714285714,1277.2028,71.67581019173117,27.37242893259031,21.73857493999583,26.112142857142853,1355.25,0
07/11/2016,1355.25,1368.71,1375.11,1351.2,-0.85,1329.4342857142856,1278.4758,76.04560456045601,26.850290483582512,22.760918048713165,25.684285714285693,1331.65,0
07/12/2016,1331.65,1355.16,1358.2,1330.15,-1.74,1334.1014285714286,1279.3888,67.36657452689778,24.252600354205242,23.059254509811584,27.002857142857124,1342.85,1
07/13/2016,1342.85,1332.4,1345.6,1327.7,0.84,1340.33,1280.656,73.11035725644012,22.83443742829195,23.01429109350766,27.124999999999968,1335.1,0
07/14/2016,1335.1,1344.01,1347.1,1320.22,-0.58,1341.6957142857143,1281.797,57.02527924750144,20.844885991427873,22.580410073091702,21.399285714285675,1337.85,1
07/15/2016,1337.85,1336.31,1338.9,1322.55,0.21,1342.6278571428572,1282.78,55.0188447042535,19.267945281731727,21.91791711481971,21.1585714285714,1328.79,0
07/18/2016,1328.79,1332.81,1335.7,1323.84,-0.68,1343.7907142857143,1284.0788,56.42057106799179,17.090137656964316,20.95236122324863,20.67571428571424,1332.13,1
07/19/2016,1332.13,1328.51,1335.29,1325.61,0.25,1344.7364285714284,1285.3934,55.349927266849846,15.455557464830235,19.85300047156495,20.157142857142812,1315.95,0
07/20/2016,1315.95,1331.81,1336.34,1312.49,-1.21,1344.2914285714285,1286.1586,47.72012003220376,12.708059508431006,18.424012278938164,21.063571428571386,1331.09,1
07/21/2016,1331.09,1316.31,1334.38,1310.95,1.15,1343.4907142857141,1287.5106,45.74249905051271,11.618389491213065,17.062887721393146,21.04285714285712,1322.38,0
07/22/2016,1322.38,1330.94,1334.22,1319.58,-0.65,1341.462142857143,1288.4862,39.232635729451054,9.93744130688333,15.637798438491185,20.686428571428547,1315.56,0
07/25/2016,1315.56,1322.59,1324.12,1312.43,-0.52,1338.5635714285715,1289.3202,34.78326083695808,7.963166332757282,14.102872017344406,20.14428571428568,1320.32,1
07/26/2016,1320.32,1315.59,1325.08,1313.83,0.36,1335.4514285714286,1290.1266,33.287303413885624,6.705336466045992,12.623364907084724,19.579285714285692,1339.86,1
07/27/2016,1339.86,1320.04,1342.62,1315.74,1.48,1333.97,1291.7578,42.926330150068196,7.202189573710484,11.539129840409876,20.10928571428568,1335.79,0
07/28/2016,1335.79,1339.38,1345.53,1332.23,-0.3,1331.7549999999999,1293.3716,39.267668027964255,7.184713352379731,10.668246542803848,18.701428571428533,1350.91,1
07/29/2016,1350.91,1335.75,1355.42,1330.0,1.13,1331.445,1295.3437999999999,48.53417995136452,8.295297927093316,10.193656819661742,18.809285714285693,1353.21,1
08/01/2016,1353.21,1349.88,1355.22,1346.24,0.17,1332.9850000000001,1297.4232000000002,58.50560201988322,9.254356520648571,10.005796759859109,17.44714285714284,1363.68,1
08/02/2016,1363.68,1353.47,1367.81,1347.06,0.77,1334.4728571428573,1300.1568,58.26521704626623,10.735506626475171,10.151738733182322,17.65071428571428,1357.9,0
08/03/2016,1357.9,1363.65,1366.85,1354.16,-0.42,1336.1014285714284,1302.8311999999999,59.19058368268308,11.312527289142963,10.38389644437445,16.637142857142845,1361.2,1
08/04/2016,1361.2,1358.41,1365.45,1348.9,0.24,1337.7692857142858,1305.6522,59.37073601412639,11.89893917825134,10.686904991149827,16.651428571428546,1335.8,0
08/05/2016,1335.8,1360.72,1365.51,1334.87,-1.87,1338.27,1308.1201999999998,52.48705030866387,10.196567419823168,10.588837476884496,17.839285714285698,1335.38,0
08/08/2016,1335.38,1335.18,1338.53,1329.84,-0.03,1338.502142857143,1310.7162,51.1774509093544,8.713095900601047,10.213689161627807,17.768571428571413,1340.75,1
08/09/2016,1340.75,1334.85,1343.24,1330.47,0.4,1340.2735714285716,1313.2263999999998,59.74842767295599,7.879913418012848,9.746934012904816,16.977142857142844,1346.67,1
08/10/2016,1346.67,1340.95,1357.57,1340.3,0.44,1341.3864285714285,1315.8928,56.60281403627741,7.609586248828236,9.3194644600895,16.53714285714284,1338.87,0
08/11/2016,1338.87,1347.26,1353.78,1335.93,-0.58,1342.564285714286,1318.4512,57.04279490902868,6.688850304323751,8.793341628936352,16.76642857142854,1336.19,0
08/12/2016,1336.19,1338.7,1356.28,1333.98,-0.2,1344.037857142857,1320.2852000000003,59.13397679978755,5.677460600745235,8.170165423298128,17.524285714285693,1339.36,1
08/15/2016,1339.36,1338.08,1344.21,1335.95,0.24,1345.3978571428572,1322.1676,58.5503862044189,5.073238347505594,7.550780008139621,17.310714285714262,1346.08,1
08/16/2016,1346.08,1339.69,1358.38,1339.47,0.5,1345.8421428571426,1324.2122,53.156719447827875,5.078098538300537,7.056243714171805,16.749285714285715,1348.66,1
08/17/2016,1348.66,1345.7,1352.07,1337.7,0.19,1346.7614285714285,1325.9426,56.631969493971,5.2298482770911505,6.690964626755674,16.82571428571428,1352.34,1
08/18/2016,1352.34,1349.05,1356.6,1345.84,0.27,1346.8635714285715,1327.6064,50.835377964715406,5.5827023655783705,6.469312174520214,15.77857142857142,1341.78,0
08/19/2016,1341.78,1352.91,1353.44,1337.93,-0.78,1346.047142857143,1328.958,43.91049547149701,4.953141296836748,6.166077998983521,16.244999999999987,1339.02,0
08/22/2016,1339.02,1340.83,1341.65,1332.1,-0.21,1344.2857142857142,1330.0574,35.68609240770827,4.1832784504226765,5.769518089271353,15.454285714285707,1338.1,0
08/23/2016,1338.1,1339.34,1345.45,1335.65,-0.07,1342.8714285714286,1331.1024,37.81988188976363,3.4590465513754225,5.307423781692167,15.247857142857145,1323.75,0
08/24/2016,1323.75,1337.88,1340.52,1323.7,-1.07,1340.1964285714287,1331.7476000000001,29.719484457922576,1.7074797182031034,4.587434968994355,15.267142857142858,1321.7,0
08/25/2016,1321.7,1323.75,1327.5,1317.96,-0.15,1339.189285714286,1332.5988,39.779646274282406,0.1521782994136629,3.7003836350782167,13.759999999999991,1321.33,0
08/26/2016,1321.33,1321.89,1341.54,1318.89,-0.03,1338.185714285714,1333.0534,39.80850137820962,-1.0976125933634648,2.740784389389881,14.757142857142835,1323.41,1
08/29/2016,1323.41,1320.47,1325.43,1315.1,0.16,1336.9471428571428,1333.7186000000002,36.79159049360155,-1.89835916071479,1.8129556793689467,14.582857142857133,1311.15,0
08/30/2016,1311.15,1323.2,1325.7,1309.15,-0.93,1334.41,1334.5728,25.32647957766048,-3.4820966803122246,0.7539452074327125,14.53142857142856,1308.95,0
08/31/2016,1308.95,1311.25,1316.54,1305.41,-0.17,1332.2728571428572,1335.4256,27.463091292558076,-4.858733236346552,-0.36859048132314043,14.051428571428557,1313.79,1
09/01/2016,1313.79,1309.12,1315.38,1302.23,0.37,1330.672857142857,1336.5883999999999,33.65917712284789,-5.495827595218543,-1.394037904102221,13.397857142857138,1325.01,1
09/02/2016,1325.01,1314.13,1329.09,1309.51,0.85,1329.6478571428572,1336.769,40.631936284110274,-5.037302348235471,-2.1226907929288714,14.206428571428562,1327.08,1
09/05/2016,1327.08,1324.42,1329.32,1322.31,0.16,1328.2907142857143,1336.8146,36.794551014734516,-4.455525561018021,-2.5892577465467017,13.348571428571404,1349.88,1
09/06/2016,1349.88,1325.37,1352.16,1324.77,1.72,1328.3778571428572,1337.5620000000001,50.66189236111112,-2.1301388979729836,-2.4974339768319584,14.27857142857142,1345.24,0
09/07/2016,1345.24,1348.67,1353.01,1342.74,-0.34,1327.8707142857145,1338.089,46.18771477663236,-0.6541221232455428,-2.1287716061146753,14.243571428571418,1338.35,0
09/08/2016,1338.35,1345.11,1349.78,1335.54,-0.51,1327.6257142857141,1338.4124,48.082727780883154,-0.03987397070136467,-1.7109920790320134,14.152857142857133,1328.15,0
09/09/2016,1328.15,1338.41,1340.03,1327.7,-0.76,1326.8492857142858,1338.1294,44.390545979977375,-0.3718462275890033,-1.4431629087434115,14.342142857142838,1327.63,0
09/12/2016,1327.63,1328.29,1330.68,1320.79,-0.04,1326.1014285714284,1337.6664,44.57456731267501,-0.6691823692804064,-1.2883668008508105,14.34857142857142,1319.05,0
09/13/2016,1319.05,1327.99,1332.64,1315.72,-0.65,1325.7657142857145,1336.9245999999998,47.409611992945315,-1.5789564703859469,-1.346484734757838,14.355714285714287,1322.97,1
09/14/2016,1322.97,1318.88,1326.26,1316.13,0.3,1325.8564285714285,1336.1062,50.685819202937665,-1.9610420883989264,-1.4693962054860557,14.397857142857138,1314.25,0
09/15/2016,1314.25,1322.72,1327.53,1309.7,-0.66,1325.3507142857143,1335.1792,46.49296611848628,-2.933661394951514,-1.7622492433791472,14.053571428571429,1310.43,0
09/16/2016,1310.43,1313.91,1318.43,1306.62,-0.29,1324.4235714285714,1334.0518,43.679392286716016,-3.966982374216741,-2.203195869546666,14.159285714285716,1313.39,1
09/19/2016,1313.39,1310.77,1318.32,1309.27,0.23,1324.5835714285713,1333.2146,51.199400299850076,-4.495231205558866,-2.661602936749106,13.623571428571429,1315.1,1
09/20/2016,1315.1,1312.8,1318.5,1312.31,0.13,1325.0228571428572,1332.8836,53.31036710087193,-4.721463410108072,-3.0735750314208996,13.2707142857143,1336.85,1
09/21/2016,1336.85,1315.1,1337.22,1308.6,1.65,1326.67,1332.7635999999998,60.500910746812345,-3.109862277944785,-3.080832480725677,14.3757142857143,1337.3,1
09/22/2016,1337.3,1335.12,1344.27,1331.56,0.03,1327.547857142857,1332.8076,56.20519034635966,-1.7758743564158976,-2.8198408558637214,13.885000000000023,1337.61,1
09/23/2016,1337.61,1337.69,1341.06,1333.59,0.02,1328.3,1332.8028,55.41276858229667,-0.6857598953158686,-2.3930246637541512,13.91785714285717,1337.97,1
09/26/2016,1337.97,1337.07,1342.46,1332.56,0.03,1327.4492857142857,1332.9864000000002,42.041961780034704,0.20485126247262997,-1.8734494785087952,12.668571428571454,1327.36,0
09/27/2016,1327.36,1337.77,1339.78,1324.81,-0.79,1326.172142857143,1332.891,38.93564356435639,0.053907283389889926,-1.487978126129058,13.004285714285743,1321.41,0
09/28/2016,1321.41,1326.9,1327.74,1317.89,-0.45,1324.962142857143,1333.0002,39.39393939393949,-0.5396118715425473,-1.2983048752117559,12.690714285714307,1320.27,0
09/29/2016,1320.27,1322.08,1326.02,1315.89,-0.09,1324.3992857142857,1332.7838000000002,44.435028248587514,-1.089410504363741,-1.256526001042153,12.533571428571447,1315.96,0
09/30/2016,1315.96,1320.56,1328.23,1312.83,-0.33,1323.5657142857144,1332.6554,42.17723555436382,-1.85156714826212,-1.3755342304861464,12.927142857142874,1311.96,0
10/03/2016,1311.96,1318.24,1320.11,1309.58,-0.3,1323.0592857142856,1332.5834,44.93643765176409,-2.7466862607382154,-1.6497646365365601,12.470714285714296,1268.3,0
10/04/2016,1268.3,1312.18,1313.52,1266.81,-3.33,1319.1542857142856,1331.543,25.09339407744872,-6.899538143609789,-2.699719337951206,15.08357142857145,1266.7,0
10/05/2016,1266.7,1269.41,1277.51,1262.12,-0.13,1315.7578571428571,1330.0798000000002,26.834258988599828,-10.202205138525187,-4.200216498066002,14.909285714285748,1254.74,0
10/06/2016,1254.74,1267.73,1269.94,1250.2,-0.94,1311.7800000000002,1328.4588,24.862327344948966,-13.627574377976998,-6.085688074048202,15.475714285714307,1256.97,1
10/07/2016,1256.97,1255.34,1265.74,1241.68,0.18,1307.75,1326.58,24.363867684478336,-15.978076495747018,-8.064165758387965,16.547857142857165,1259.74,1
10/10/2016,1259.74,1257.47,1265.35,1256.59,0.22,1303.7957142857142,1324.7105999999999,25.085508550855167,-17.416582981228203,-9.934649202956013,16.731428571428587,1253.25,0
10/11/2016,1253.25,1259.06,1262.66,1252.6,-0.52,1297.8242857142857,1322.5020000000002,6.385642737896617,-18.86285919656234,-11.720291201677279,15.405714285714307,1255.33,1
10/12/2016,1255.33,1253.45,1259.26,1250.31,0.17,1291.9692857142857,1320.4506,7.951164460859744,-19.61509430320234,-13.299251821982292,15.137142857142878,1258.12,1
10/13/2016,1258.12,1256.14,1262.41,1253.53,0.22,1286.2914285714287,1318.389,10.235117558779407,-19.758354351957905,-14.591072327977415,15.23785714285717,1250.55,0
10/14/2016,1250.55,1258.79,1259.65,1247.51,-0.6,1280.047142857143,1316.684,9.21052631578938,-20.249303343410702,-15.722718531064071,15.397857142857172,1255.7,1
10/17/2016,1255.7,1250.25,1257.67,1250.25,0.41,1274.9285714285713,1315.0904,14.76892822025566,-19.992362486646925,-16.576647322180644,14.85857142857146,1262.84,1
10/18/2016,1262.84,1256.6,1265.38,1254.9,0.57,1270.7450000000001,1313.5322,21.53756438915336,-18.993649707283566,-17.06004779920123,14.903571428571468,1269.4,1
10/19/2016,1269.4,1262.63,1273.84,1260.24,0.52,1267.1114285714284,1311.9868,26.516480472717234,-17.47142573818337,-17.14232338699766,15.151428571428612,1266.0,0
10/20/2016,1266.0,1269.55,1274.02,1264.55,-0.27,1263.542857142857,1310.5294,26.741154562383628,-16.35092062577519,-16.984042834753165,14.727857142857179,1266.75,1
10/21/2016,1266.75,1266.1,1268.43,1261.2,0.06,1260.3135714285713,1309.1406,28.295727316370616,-15.226867667326815,-16.632607801267895,14.492142857142897,1264.44,0
10/24/2016,1264.44,1266.21,1272.25,1260.75,-0.18,1260.037857142857,1307.6422,46.926751592356766,-14.35694734184949,-16.177475709384215,11.977142857142894,1274.35,1
10/25/2016,1274.35,1265.67,1277.17,1262.4,0.78,1260.5842857142857,1306.2076,55.3789902967233,-12.721232587223767,-15.486227084952125,11.932857142857172,1266.99,0
10/26/2016,1266.99,1273.3,1276.89,1264.58,-0.58,1261.4592857142857,1304.5742,59.20914148248387,-11.881840883887435,-14.765349844739188,11.402142857142897,1268.3,1
10/27/2016,1268.3,1267.15,1273.17,1265.4,0.1,1262.2685714285715,1302.8934,58.63698734563194,-10.984290792853244,-14.009138034362,10.238571428571472,1276.3,1
10/28/2016,1276.3,1268.39,1284.53,1262.42,0.63,1263.4514285714286,1301.5838,61.691612538830846,-9.517728290842342,-13.11085608565807,11.192142857142894,1277.38,1
10/31/2016,1277.38,1278.01,1279.64,1270.89,0.08,1265.175,1300.3509999999999,68.44519186668718,-8.17409409934271,-12.123503688394997,11.098571428571452,1288.15,1
11/01/2016,1288.15,1277.17,1292.21,1275.55,0.84,1267.5192857142858,1299.3519999999999,72.14574898785439,-6.169091879799225,-10.932621326675845,11.64928571428574,1297.39,1
11/02/2016,1297.39,1287.9,1308.26,1287.5,0.72,1270.3242857142857,1298.8247999999999,74.37616387337073,-3.790824136512356,-9.504261888643146,12.49785714285716,1303.75,1
11/03/2016,1303.75,1297.16,1306.9,1285.51,0.49,1274.1242857142856,1298.4658,83.52659440383167,-1.3769582506154165,-7.8788011610376,13.158571428571447,1304.25,1
11/04/2016,1304.25,1302.61,1307.11,1294.65,0.04,1277.592142857143,1298.1242,82.50100415048873,0.5698250873451798,-6.189075911361044,13.518571428571429,1281.41,0
11/07/2016,1281.41,1291.61,1295.9,1277.8,-1.75,1278.9185714285716,1297.2842,60.27215399933631,0.26659465312832253,-4.8979417984631715,14.659285714285716,1275.64,0
11/08/2016,1275.64,1281.66,1290.84,1273.04,-0.45,1279.3642857142859,1296.574,53.48214285714288,-0.4343020648834681,-4.005213851747231,14.959285714285718,1278.0,1
11/09/2016,1278.0,1275.45,1337.6,1269.38,0.19,1280.2214285714288,1295.955,56.77506775067754,-0.7902262506208899,-3.362216331521963,19.155714285714275,1259.76,0
11/10/2016,1259.76,1277.68,1292.22,1252.28,-1.43,1279.722142857143,1294.8744,46.70438472418668,-2.515121538584708,-3.1927973729345123,21.49214285714285,1225.68,0
11/11/2016,1225.68,1259.82,1265.5,1219.5,-2.71,1276.9535714285714,1292.8878,35.938180235089206,-6.556505350652287,-3.8655389684780674,23.956428571428564,1220.26,0
11/14/2016,1220.26,1227.91,1231.56,1211.47,-0.44,1273.0900000000001,1290.7514,29.715742893572326,-10.080478361808673,-5.108526847144189,24.33642857142856,1228.08,1
11/15/2016,1228.08,1220.24,1231.54,1219.06,0.64,1270.310714285714,1288.3154000000002,35.458554451005256,-12.102730967566004,-6.507367671228552,24.348571428571404,1225.3,0
11/16/2016,1225.3,1228.38,1233.47,1221.6,-0.23,1267.2392857142856,1285.9165999999998,34.10468726896346,-13.77096043398501,-7.960086223779844,24.641428571428555,1216.39,0
11/17/2016,1216.39,1225.68,1231.8,1211.12,-0.73,1262.9599999999998,1283.4774,28.001762502753905,-15.631813030934381,-9.494431585210751,24.53928571428571,1208.69,0
11/18/2016,1208.69,1216.39,1218.13,1203.9,-0.63,1258.0535714285713,1281.0882,25.94719518173531,-17.525850672066554,-11.100715402581912,24.930714285714284,1214.05,1
11/21/2016,1214.05,1208.1,1218.02,1205.74,0.44,1252.7607142857144,1278.8166,23.031008880477344,-18.38248015532281,-12.557068353130093,24.617857142857133,1212.24,0
11/22/2016,1212.24,1214.29,1221.45,1206.24,-0.15,1246.6785714285713,1276.6804,17.237398999615053,-18.988529121916145,-13.843360506887304,24.221428571428564,1187.77,0
11/23/2016,1187.77,1212.24,1215.05,1181.57,-2.02,1238.3942857142858,1273.9764,10.83344590031055,-21.198983108598668,-15.314485027229578,25.084999999999987,1184.0,0
11/24/2016,1184.0,1188.11,1191.34,1181.79,-0.32,1229.805,1271.3714,10.268948655256594,-22.98997716530289,-16.84958345484424,24.877142857142854,1183.63,0
11/25/2016,1183.63,1184.96,1193.96,1171.96,-0.03,1222.8207142857143,1268.8354000000002,12.059599565419688,-24.16069926482578,-18.31180661684055,24.55928571428571,1193.44,1
11/28/2016,1193.44,1183.1,1197.6,1182.96,0.83,1216.9492857142857,1266.4364,19.07449209932264,-24.020031972260085,-19.453451687924456,24.333571428571418,1188.46,0
11/29/2016,1188.46,1193.3,1195.06,1180.97,-0.42,1210.5535714285713,1263.9036,16.96428571428561,-24.033354954184688,-20.369432341176505,20.467142857142854,1173.11,0
11/30/2016,1173.11,1188.72,1195.36,1170.75,-1.29,1204.3642857142859,1260.6288,17.333936515117117,-24.994410225445108,-21.294427918030227,19.372142857142844,1171.3,0
12/01/2016,1171.3,1173.29,1177.07,1160.77,-0.15,1200.48,1257.3088,22.90753288162601,-25.60692463768123,-22.15692726196043,17.25071428571427,1176.92,1
12/02/2016,1176.92,1171.05,1178.03,1166.2,0.48,1197.3842857142859,1254.095,28.450676213206023,-25.34667895339112,-22.79487760024657,16.66071428571427,1170.26,0
12/05/2016,1170.26,1182.8,1187.79,1157.08,-0.57,1193.2542857142857,1250.7408,20.91549295774648,-25.385213771073722,-23.312944834412,17.96285714285713,1169.74,0
12/06/2016,1169.74,1170.18,1175.4,1166.53,-0.04,1189.2857142857142,1247.5883999999999,21.402100061766518,-25.167596163604912,-23.683875100250585,17.748571428571413,1174.0,1
12/07/2016,1174.0,1169.64,1180.3,1165.35,0.36,1186.2578571428571,1244.6401999999998,27.084009082062877,-24.370458765575677,-23.821191833315602,17.339285714285698,1170.55,0
12/08/2016,1170.55,1173.65,1178.62,1168.88,-0.29,1183.5335714285716,1241.6458,28.388485947416086,-23.743408567512006,-23.805635180154887,17.018571428571395,1157.87,0
12/09/2016,1157.87,1170.48,1172.22,1156.17,-1.08,1179.5207142857143,1238.4840000000002,20.6048555881122,-23.99305973919968,-23.843120091963847,17.28785714285711,1162.21,1
12/12/2016,1162.21,1159.01,1165.85,1151.43,0.37,1175.947142857143,1235.489,24.497910082577334,-23.569019378109488,-23.78829994919298,17.231428571428523,1158.35,0
12/13/2016,1158.35,1162.45,1165.16,1154.71,-0.33,1173.8457142857144,1233.29,31.01445534331448,-23.27612143847341,-23.685864247049068,15.586428571428526,1144.25,0
12/14/2016,1144.25,1158.39,1165.1,1139.47,-1.22,1171.0064285714286,1230.8410000000001,27.365903655620187,-23.906174375357296,-23.729926272710713,16.73499999999995,1128.43,0
12/15/2016,1128.43,1143.81,1144.5,1122.44,-1.38,1167.0635714285715,1228.3147999999999,23.271353864032633,-25.389364860091064,-24.061813990186785,16.73928571428566,1134.09,1
12/16/2016,1134.09,1128.44,1141.28,1126.46,0.5,1162.8242857142857,1225.8572,20.058520835435417,-25.81056122436894,-24.41156343702322,16.752142857142807,1139.05,1
12/19/2016,1139.05,1134.35,1142.7,1134.14,0.44,1159.2949999999998,1223.4433999999999,25.068119891008223,-25.45075141034863,-24.6194010316883,16.36071428571425,1132.2,0
12/20/2016,1132.2,1139.34,1140.08,1125.63,-0.6,1156.3728571428571,1221.0223999999998,27.420245060161278,-25.425250827736136,-24.780570990897868,15.634999999999959,1131.8,0
12/21/2016,1131.8,1132.14,1137.5,1129.29,-0.04,1153.5514285714285,1218.5518000000002,27.853778874187114,-25.1474341225246,-24.853943617223216,15.057142857142821,1128.69,0
12/22/2016,1128.69,1131.8,1134.17,1127.43,-0.27,1150.1064285714285,1215.9632000000001,22.17607015114804,-24.89128218399651,-24.861411330577877,14.6935714285714,1133.49,1
12/23/2016,1133.49,1128.89,1136.12,1128.18,0.43,1147.48,1213.622,28.322131824077346,-24.024026024933164,-24.693934269448935,13.067142857142812,1133.94,1
12/26/2016,1133.94,1133.94,1133.94,1133.94,0.04,1144.922857142857,1211.1868000000002,28.876563606325263,-23.034876315981137,-24.362122678755377,12.465714285714236,1139.35,1
12/27/2016,1139.35,1134.06,1149.48,1131.85,0.48,1142.447857142857,1208.7169999999999,29.828850855745642,-21.565828808215656,-23.802863904647435,12.657142857142812,1142.45,1
12/28/2016,1142.45,1139.64,1144.84,1136.54,0.27,1140.4407142857142,1206.178,33.57493570259531,-19.9218077829496,-23.02665268030787,12.554285714285681,1158.32,1
12/29/2016,1158.32,1142.39,1159.58,1140.81,1.39,1140.472857142857,1204.0244,50.253578271159725,-17.140745067621992,-21.849471157770694,12.748571428571397,1151.85,0
12/30/2016,1151.85,1158.68,1163.53,1149.49,-0.56,1139.7328571428573,1201.7264,44.298921417565396,-15.28263900783395,-20.536104727783346,12.721428571428548,1150.52,0
01/02/2017,1150.52,1150.55,1152.66,1149.66,-0.12,1139.1735714285714,1199.448,45.56775727385941,-13.758793644663001,-19.180642511159277,12.189285714285688,1158.91,1
01/03/2017,1158.91,1150.8,1163.61,1145.77,0.73,1140.2207142857144,1197.1392,58.87194383926418,-11.738814586399258,-17.692276926207274,11.63285714285712,1163.8,1
01/04/2017,1163.8,1159.28,1168.23,1156.35,0.42,1142.7471428571428,1195.0754,74.66871251220539,-9.632348776233357,-16.080291296212494,10.905714285714273,1180.48,1
01/05/2017,1180.48,1163.67,1184.99,1162.38,1.43,1146.060714285714,1193.3190000000002,78.04376738000255,-6.5416151782260386,-14.172556072615203,11.462142857142842,1172.81,0
01/06/2017,1172.81,1180.38,1181.49,1170.37,-0.65,1148.472142857143,1191.2492,69.76118005151021,-4.657403781744733,-12.26952561444111,11.641428571428557,1181.27,1
01/09/2017,1181.27,1172.64,1185.91,1171.89,0.72,1151.9771428571428,1189.327,78.19142824313452,-2.45322216020827,-10.306264923594542,11.610714285714282,1187.74,1
01/10/2017,1187.74,1181.32,1190.57,1179.86,0.55,1155.972857142857,1187.3188,80.04296455424281,-0.1822169335318904,-8.28145532558201,11.789285714285711,1191.85,1
01/11/2017,1191.85,1187.74,1198.79,1177.33,0.35,1160.4842857142855,1185.208,83.5600425079702,1.9270004598301966,-6.23976416849957,12.840714285714284,1195.66,1
01/12/2017,1195.66,1191.75,1207.07,1191.0,0.32,1164.925,1183.0462,83.38524326065942,3.8614927143464683,-4.219512791930363,13.421428571428578,1197.66,1
01/13/2017,1197.66,1195.96,1201.2,1187.93,0.17,1169.4764285714284,1180.9144000000001,83.65729980984575,5.4926590936474895,-2.2770784148147927,14.33714285714286,1203.17,1
01/16/2017,1203.17,1200.55,1208.23,1198.17,0.46,1174.035,1179.3496,83.67454622203462,7.147588204568137,-0.3921450909382065,13.832857142857133,1216.54,1
01/17/2017,1216.54,1202.8,1218.72,1202.38,1.11,1179.3271428571427,1178.1676,85.27087498809861,9.429283796263007,1.5721406865020364,14.407142857142844,1203.64,0
01/18/2017,1203.64,1216.56,1217.6,1201.91,-1.06,1182.564285714286,1176.6804,72.2026259063297,10.080420982961186,3.2737967457938666,14.187142857142833,1205.14,1
01/19/2017,1205.14,1203.92,1206.88,1195.86,0.12,1186.3707142857143,1175.588,77.44360902255652,10.595352727719273,4.738107942178948,13.971428571428564,1209.96,1
01/20/2017,1209.96,1205.16,1215.3,1198.68,0.4,1190.6164285714287,1175.2736,79.54861801551009,11.262545943952091,6.042995542533577,14.9442857142857,1217.48,1
01/23/2017,1217.48,1209.43,1219.54,1209.27,0.62,1194.8,1175.218,79.3701735031592,12.256813609730216,7.2857591559729045,14.40357142857142,1208.81,0
01/24/2017,1208.81,1217.4,1219.66,1206.02,-0.71,1198.0149999999999,1174.8326,71.74606242149,12.20449552896116,8.269506430570557,14.529285714285704,1200.31,0
01/25/2017,1200.31,1208.79,1209.84,1192.83,-0.7,1199.4314285714286,1174.3328,60.40289581366065,11.346360331447386,8.884877210745923,14.129285714285711,1188.57,0
01/26/2017,1188.57,1199.93,1202.67,1184.11,-0.98,1200.5571428571427,1173.7764000000002,57.92916079694104,9.608204717082799,9.0295427120133,14.660714285714286,1191.6,1
01/27/2017,1191.6,1188.78,1192.06,1181.04,0.25,1201.295,1173.4346,55.497605109100554,8.378616076573735,8.899357384925388,14.446428571428571,1195.35,1
01/30/2017,1195.35,1192.85,1199.88,1188.15,0.31,1201.8385714285716,1173.0606,54.17077715663702,7.618925647951755,8.643271037530662,14.519285714285713,1210.63,1
01/31/2017,1210.63,1195.38,1215.49,1193.83,1.28,1203.18,1173.0284,59.169921875000085,8.155818609596281,8.545780551943785,14.533571428571431,1209.49,0
02/01/2017,1209.49,1210.89,1213.59,1198.12,-0.09,1204.1678571428572,1173.4628000000002,56.9337210468264,8.392577270604306,8.51513989567589,14.490714285714294,1215.93,1
02/02/2017,1215.93,1209.53,1225.41,1208.26,0.53,1205.4728571428573,1174.1014000000002,58.769319381779766,8.996162235546763,8.611344363650066,14.767857142857158,1219.88,1
02/03/2017,1219.88,1215.89,1221.48,1207.18,0.32,1206.6664285714287,1174.8264,58.142481239645264,9.681635786592324,8.825402648238518,15.034285714285732,1235.59,1
02/06/2017,1235.59,1219.67,1235.84,1219.01,1.29,1208.027142857143,1175.6693999999998,59.075750357312984,11.361575055512958,9.332637129693406,15.069285714285732,1233.72,0
02/07/2017,1233.72,1235.23,1235.86,1227.41,-0.15,1210.1757142857143,1176.5746,66.01362862010217,12.399116362439145,9.945932976242554,14.552142857142874,1241.99,1
02/08/2017,1241.99,1234.04,1245.06,1230.29,0.67,1212.807857142857,1177.9522,68.29873870294959,13.730419479119746,10.702830276817993,14.820000000000002,1230.89,0
02/09/2017,1230.89,1242.48,1244.52,1230.22,-0.89,1214.3028571428572,1179.144,59.78311676170891,13.731521129178873,11.30856844729017,14.65428571428572,1234.12,1
02/10/2017,1234.12,1230.62,1237.07,1221.12,0.26,1215.4914285714287,1180.288,58.10284378652118,13.833563491713221,11.81356745617478,15.060000000000011,1225.44,0
02/13/2017,1225.44,1231.84,1232.65,1219.37,-0.7,1216.6792857142857,1181.3916,58.09718570454776,13.063442112026905,12.063542387345205,15.139285714285718,1228.61,1
02/14/2017,1228.61,1225.74,1234.87,1221.75,0.26,1218.7007142857144,1182.5690000000002,64.5336894001644,12.564077018403395,12.163649313556844,14.861428571428567,1232.94,1
02/15/2017,1232.94,1228.89,1233.61,1216.8,0.35,1221.8700000000001,1183.7478,74.66370205669834,12.375069300967198,12.205933311038915,14.73642857142855,1239.14,1
02/16/2017,1239.14,1233.34,1242.71,1232.04,0.5,1225.2657142857145,1185.1196,75.52620274914109,12.58054679527254,12.280856007885642,14.711428571428558,1235.29,0
02/17/2017,1235.29,1239.25,1243.84,1234.52,-0.31,1228.1185714285714,1186.668,71.42244153615113,12.291042874340292,12.282893381176573,14.539285714285695,1238.38,1
02/20/2017,1238.38,1235.2,1239.29,1232.62,0.25,1230.1007142857143,1188.1914,67.12328767123293,12.170650424899804,12.26044478992122,13.468571428571408,1235.97,0
02/21/2017,1235.97,1237.03,1238.92,1225.8,-0.19,1231.9921428571429,1189.7438,66.08748481166471,11.745378273060169,12.157431486549012,13.300714285714273,1237.69,1
02/22/2017,1237.69,1236.22,1240.72,1231.62,0.14,1233.5464285714286,1191.6126,64.02423304975514,11.41554535326486,12.009054259892183,12.725714285714275,1249.41,1
02/23/2017,1249.41,1237.79,1251.21,1235.2,0.95,1235.6557142857143,1194.0322,67.29935559461049,11.961966338003322,11.999636675514413,12.847857142857135,1256.94,1
02/24/2017,1256.94,1249.52,1260.48,1247.54,0.6,1237.1807142857144,1196.4892000000002,63.83309576260216,12.854439003106108,12.170597141032752,12.570000000000002,1252.76,0
02/27/2017,1252.76,1257.41,1263.88,1250.48,-0.33,1238.5407142857143,1198.7634,61.977856064418695,13.073733096812248,12.351224332188652,12.92357142857145,1248.59,0
02/28/2017,1248.59,1252.48,1258.37,1247.48,-0.33,1239.0121428571426,1201.0912,54.37781905014586,12.763906724680965,12.433760810687115,12.646428571428585,1248.94,1
03/01/2017,1248.94,1248.57,1250.68,1236.53,0.03,1240.3014285714287,1203.434,63.96410335757377,12.40362786646233,12.427734221842158,12.63571428571431,1235.3,0
03/02/2017,1235.3,1249.44,1250.36,1231.16,-1.09,1240.3857142857144,1205.5662,50.78624733475483,10.891915053140337,12.120570388101795,12.867857142857149,1234.3,0
03/03/2017,1234.3,1234.8,1236.28,1222.59,-0.08,1241.0185714285715,1207.5824,56.57660332541552,9.50362820449027,11.597181951379492,12.792142857142867,1225.96,0
03/06/2017,1225.96,1232.81,1237.17,1224.65,-0.68,1240.8292857142858,1209.4228,48.1731697228734,7.642336477434355,10.806212856590465,12.749285714285731,1215.67,0
03/07/2017,1215.67,1225.62,1227.25,1213.67,-0.84,1239.5957142857144,1210.9492,38.99859854758578,5.2761126288583,9.700192811044031,12.518571428571445,1207.58,0
03/08/2017,1207.58,1215.65,1218.68,1206.13,-0.67,1237.3414285714284,1212.2518,30.368250808658956,2.7167507802150794,8.303504404878241,12.65285714285715,1200.83,0
03/09/2017,1200.83,1207.63,1209.17,1199.12,-0.56,1234.8799999999999,1213.102,29.31075888568698,0.14213108933790863,6.6712297417701745,12.705000000000025,1204.55,1
03/10/2017,1204.55,1200.8,1206.43,1194.62,0.31,1232.4635714285716,1214.156,29.841496841854408,-1.5798886808856878,5.021006057239003,13.07214285714289,1204.05,0
03/13/2017,1204.05,1205.43,1211.66,1202.47,-0.04,1230.1835714285714,1215.2266,30.536585365853725,-2.950931079996735,3.426618629791855,12.791428571428598,1199.08,0
03/14/2017,1199.08,1204.25,1208.38,1197.54,-0.41,1227.4257142857143,1216.03,27.354838709677466,-4.387947990069506,1.8637053058195832,12.915714285714314,1219.4,1
03/15/2017,1219.4,1199.11,1222.66,1197.93,1.69,1225.2821428571428,1217.142,34.01172083111359,-3.8428421732880906,0.7223958099980484,13.538571428571458,1226.78,1
03/16/2017,1226.78,1219.03,1233.51,1217.83,0.61,1223.1278571428572,1218.068,33.90608324439705,-2.7832539444902977,0.02126585910037926,13.734285714285745,1229.15,1
03/17/2017,1229.15,1227.31,1232.45,1225.06,0.19,1221.4414285714286,1219.1948,37.15311785830898,-1.732314404041972,-0.329450193528091,13.305000000000032,1233.9,1
03/20/2017,1233.9,1229.79,1236.25,1229.51,0.39,1220.392142857143,1220.2474,42.056883313507214,-0.510269870596403,-0.36561412894175344,13.034285714285748,1245.0,1
03/21/2017,1245.0,1233.78,1248.1,1226.82,0.9,1220.1107142857143,1221.3926,48.09145514435185,1.3384575544178006,-0.024799792269842635,13.543571428571454,1249.35,1
03/22/2017,1249.35,1244.15,1251.76,1243.89,0.35,1221.1142857142856,1222.5426,57.478973703821964,3.118646191629068,0.6038894045099397,12.734285714285745,1245.3,0
03/23/2017,1245.3,1248.86,1253.62,1242.84,-0.32,1221.9,1223.5354,55.6712724273046,4.1547638282859225,1.3140642892651364,12.526428571428596,1244.17,0
03/24/2017,1244.17,1244.88,1252.28,1240.72,-0.09,1223.2007142857144,1224.4656,60.14258661022616,4.829046719361713,2.0170607752844516,12.457857142857165,1254.3,1
03/27/2017,1254.3,1248.01,1261.53,1247.69,0.81,1225.9599999999998,1225.4882,71.55451400513331,6.110390332376937,2.835726686702949,12.727857142857163,1251.63,0
03/28/2017,1251.63,1253.82,1258.46,1247.52,-0.21,1229.1064285714288,1226.19,76.16106425941346,6.831666492632621,3.6349146478888836,12.61285714285717,1252.45,1
03/29/2017,1252.45,1251.64,1255.16,1247.25,0.07,1232.7935714285716,1227.1662,82.9798108867879,7.384328253600415,4.38479736903119,12.46000000000002,1243.3,0
03/30/2017,1243.3,1253.1,1254.2,1242.61,-0.73,1235.5614285714287,1227.9294,73.15091408770473,7.003258940927481,4.908489683410449,12.444285714285732,1249.13,1
03/31/2017,1249.13,1242.83,1251.11,1240.05,0.47,1238.7814285714285,1228.7128,75.32015277465754,7.089962368993611,5.344784220527081,12.577857142857154,1253.35,1
04/03/2017,1253.35,1248.4,1254.2,1244.55,0.34,1242.657857142857,1229.4302,80.74090857596028,7.413733289911534,5.7585740344039715,12.492857142857149,1256.22,1
04/04/2017,1256.22,1255.46,1261.9,1254.46,0.23,1245.287857142857,1230.3784,75.9954815024006,7.811858845731422,6.169230996669461,11.337142857142876,1255.3,0
04/05/2017,1255.3,1255.73,1257.78,1243.85,-0.07,1247.325,1231.4782,72.15661901802372,7.961366231678994,6.527658043671368,11.212142857142876,1251.8,0
04/06/2017,1251.8,1256.4,1259.46,1249.85,-0.28,1248.9428571428573,1232.7428,67.29271644525883,7.708571548513419,6.763840744639778,11.370714285714305,1254.05,1
04/07/2017,1254.05,1252.11,1270.96,1250.8,0.18,1250.3821428571428,1233.9918,65.99460231782822,7.602153246335092,6.931503244978842,12.30357142857146,1254.73,1
04/10/2017,1254.73,1254.26,1257.7,1247.5,0.05,1251.077142857143,1235.1794,59.25432756324907,7.486387872875184,7.042480170558111,11.512142857142894,1274.44,1
04/11/2017,1274.44,1255.23,1275.55,1253.29,1.57,1252.8692857142855,1236.4556,68.46754011482423,8.882681236997769,7.410520383846043,12.540000000000045,1286.6,1
04/12/2017,1286.6,1274.51,1287.29,1272.42,0.95,1255.8192857142858,1237.9978,77.15675960021048,10.84544462784038,8.09750523264491,12.832142857142896,1287.74,1
04/13/2017,1287.74,1285.54,1289.03,1281.74,0.09,1258.9314285714286,1239.4340000000002,78.64562787639707,12.350567573625085,8.948117700840946,12.527142857142897,1285.69,0
04/14/2017,1285.69,1287.35,1288.75,1285.31,-0.16,1261.1735714285714,1240.7502,73.09106958952485,13.22551498045209,9.803597156763175,11.532857142857194,1284.8,0
04/17/2017,1284.8,1292.96,1295.92,1281.61,-0.07,1263.542857142857,1241.7344,75.05665508384931,13.689299815083132,10.580737688427167,11.773571428571488,1289.64,1
04/18/2017,1289.64,1284.94,1292.7,1279.4,0.38,1266.1992857142857,1242.8528,76.4848312206237,14.28275745116116,11.321141640973966,12.158571428571479,1279.66,0
04/19/2017,1279.66,1290.21,1291.51,1276.48,-0.77,1268.7964285714284,1243.6062000000002,75.59121621621615,13.788825314741416,11.814678375727457,12.404285714285752,1281.85,1
04/20/2017,1281.85,1280.06,1283.79,1276.74,0.17,1271.1335714285717,1244.6254,74.27299703264077,13.419404691452428,12.13562363887245,12.117857142857181,1284.5,1
04/21/2017,1284.5,1281.96,1288.67,1278.43,0.21,1273.3585714285714,1245.633,73.65942579371101,13.188440901793683,12.346187091456699,12.160000000000034,1275.3,0
04/24/2017,1275.3,1269.88,1277.48,1266.01,-0.72,1274.7214285714288,1246.6302,63.220620842571954,12.123287609020736,12.301607194969506,12.87000000000002,1263.76,0
04/25/2017,1263.76,1276.96,1278.57,1261.81,-0.9,1275.3257142857142,1247.3332,55.10992993476686,10.230038874124148,11.887293530800434,13.072142857142873,1269.05,1
04/26/2017,1269.05,1264.41,1271.1,1260.3,0.42,1276.557857142857,1248.0554000000002,60.19865200425681,9.052137000639505,11.32026222476825,13.15714285714286,1264.6,0
04/27/2017,1264.6,1268.8,1270.53,1261.61,-0.35,1277.3114285714287,1248.5646,56.07929007721558,7.671135396050431,10.590436859024686,12.354285714285718,1268.15,1
04/28/2017,1268.15,1264.26,1269.08,1263.3,0.28,1278.27,1249.2218,57.48549754573852,6.784924618710875,9.829334410961925,12.038571428571426,1256.8,0
05/01/2017,1256.8,1268.6,1271.6,1254.16,-0.9,1277.0100000000002,1249.5902,39.14862204724409,5.107865751921054,8.88504067915375,11.6942857142857,1256.9,1
05/02/2017,1256.9,1256.51,1257.89,1251.48,0.01,1274.8885714285714,1250.0087999999998,28.546662814215892,3.7436986539869395,7.856772274120388,11.09,1238.38,0
05/03/2017,1238.38,1256.71,1257.29,1236.41,-1.47,1271.3628571428574,1250.0226,21.501154734411344,1.1548646182379798,6.516390742943907,12.06071428571428,1227.75,0
05/04/2017,1227.75,1238.66,1241.77,1225.7,-0.86,1267.2242857142858,1249.5894,19.56293338936773,-1.7345622145364814,4.8662001514478295,12.962857142857128,1227.74,0
05/05/2017,1227.74,1227.93,1235.79,1225.83,0.0,1263.1485714285716,1249.0054,19.74549310710522,-3.9793887961741348,3.097082361923437,12.652142857142833,1226.3,0
05/08/2017,1226.3,1225.67,1237.1,1225.36,-0.12,1258.6242857142859,1248.4762,15.159515951595296,-5.807678695791765,1.3161301503803968,12.540714285714264,1221.3,0
05/09/2017,1221.3,1226.12,1229.01,1214.21,-0.41,1254.4557142857143,1247.9304,16.038175046555068,-7.572775583574412,-0.46165099641056506,12.524285714285693,1219.15,0
05/10/2017,1219.15,1221.42,1226.15,1217.49,-0.18,1249.9771428571428,1247.3346000000001,13.495575221239278,-9.040896785300447,-2.1775001541885417,12.639285714285702,1224.85,1
05/11/2017,1224.85,1218.74,1228.2,1217.81,0.47,1245.7164285714284,1247.1256,16.46238614640734,-9.633403176564116,-3.6686807586636565,12.649999999999993,1228.83,1
05/12/2017,1228.83,1225.41,1232.26,1224.55,0.32,1242.3971428571429,1247.0162,22.243459562776323,-9.670342335798523,-4.8690130740906294,11.879999999999995,1230.71,1
05/15/2017,1230.71,1228.4,1237.76,1227.2,0.15,1240.0364285714288,1247.1112,27.68399729912238,-9.439108431087107,-5.7830321454899245,11.437142857142849,1236.8,1
05/16/2017,1236.8,1231.46,1239.5,1230.51,0.49,1237.732857142857,1247.5338000000002,28.456913827655427,-8.664562113365946,-6.359338139065129,11.30785714285714,1260.74,1
05/17/2017,1260.74,1237.31,1261.55,1236.3,1.94,1237.457142857143,1248.597,47.954208183167324,-6.049238791922107,-6.297318269636525,12.474285714285704,1247.05,0
05/18/2017,1247.05,1261.56,1265.54,1245.9,-1.09,1235.95,1249.5214,39.902373660030584,-5.0233388814813225,-6.042522392005486,13.464285714285698,1255.55,1
05/19/2017,1255.55,1246.67,1256.98,1246.61,0.68,1235.8607142857143,1250.5414,49.385024107055,-3.484262440179009,-5.530870401640191,12.959285714285718,1260.46,1
05/22/2017,1260.46,1256.1,1263.0,1251.61,0.39,1236.115,1251.6696,51.67230364524612,-1.8470457133446416,-4.794105463981081,13.315000000000007,1251.16,0
05/23/2017,1251.16,1260.13,1264.18,1250.46,-0.74,1237.027857142857,1252.7112000000002,56.5727216622094,-1.2851574434505437,-4.092315859874974,12.803571428571445,1258.55,1
05/24/2017,1258.55,1251.26,1259.37,1247.7,0.59,1239.2278571428571,1253.4942,66.38646520536285,-0.2407702525822515,-3.32200673841643,12.489285714285725,1255.76,0
05/25/2017,1255.76,1258.49,1260.08,1253.89,-0.22,1241.2292857142857,1254.0738000000001,64.4791236047954,0.3576615380131898,-2.586073083130506,12.219999999999995,1267.05,1
05/26/2017,1267.05,1255.6,1269.88,1252.88,0.9,1244.1399999999999,1254.8318000000002,69.11171559891199,1.723069219670606,-1.7242446225702839,12.59571428571428,1266.97,0
05/29/2017,1266.97,1267.47,1269.12,1265.12,-0.01,1247.402142857143,1255.4932000000001,72.45550201593089,2.7668151899756595,-0.8260326600610953,11.824285714285711,1263.1,0
05/30/2017,1263.1,1267.24,1270.86,1259.39,-0.31,1250.5414285714285,1255.8552,71.25036263417459,3.2443162756565016,-0.011962872917575917,12.024999999999977,1268.59,1
05/31/2017,1268.59,1263.05,1274.24,1259.26,0.43,1253.6657142857143,1256.24,71.19186046511626,4.019403265569963,0.7943103547799318,12.352857142857115,1265.64,0
06/01/2017,1265.64,1268.89,1270.72,1261.49,-0.23,1256.295,1256.6468,68.01409415679761,4.345532351507018,1.504554754125349,12.461428571428542,1279.98,1
06/02/2017,1279.98,1266.11,1279.98,1259.0,1.13,1259.814285714286,1257.363,71.4908837128152,5.695456480358189,2.342735099371917,13.205714285714262,1279.95,0
06/05/2017,1279.95,1279.34,1283.77,1278.0,0.0,1262.8964285714287,1257.876,69.87197199963167,6.685790695493779,3.2113462185962898,12.97571428571426,1294.0,1
06/06/2017,1294.0,1280.26,1296.47,1279.44,1.1,1265.2721428571426,1258.7233999999999,66.85245237130124,8.506299944440343,4.2703369637651,12.3885714285714,1286.91,0
06/07/2017,1286.91,1294.39,1295.28,1283.0,-0.55,1268.1192857142858,1259.4126,71.64422241529124,9.270102917894974,5.270290154591075,11.862857142857122,1278.9,0
06/08/2017,1278.9,1287.45,1289.34,1271.49,-0.62,1269.787142857143,1260.1246,62.74702478436525,9.123907493474462,6.041013622367752,12.397142857142821,1266.4,0
06/09/2017,1266.4,1279.29,1281.3,1264.74,-0.98,1270.2114285714285,1260.47,52.994555353902044,7.908239767863279,6.414458851466858,12.766428571428523,1265.74,0
06/12/2017,1265.74,1267.42,1271.01,1263.95,-0.05,1271.252857142857,1260.7178,58.05168986083499,6.81302158092717,6.494171397358921,12.290714285714232,1265.85,1
06/13/2017,1265.85,1264.75,1269.42,1259.66,0.01,1271.7742857142857,1260.9104,54.38385779485947,5.886078311038318,6.3725527800948,12.154285714285672,1261.18,0
06/14/2017,1261.18,1266.28,1279.87,1257.15,-0.37,1272.1614285714288,1261.028,53.1829927178765,4.720227278378388,6.042087679751518,13.334999999999955,1254.0,0
06/15/2017,1254.0,1260.7,1267.04,1251.68,-0.57,1271.2292857142859,1261.072,41.94742687893371,3.180255930529256,5.469721329907065,13.21785714285709,1253.63,0
06/16/2017,1253.63,1254.36,1257.63,1251.55,-0.03,1270.2764285714286,1261.0636,41.797835710772254,1.9079677699007789,4.757370617905808,13.36642857142853,1243.25,0
06/19/2017,1243.25,1254.0,1256.12,1243.22,-0.83,1268.8585714285714,1260.8339999999998,38.69976090174198,0.06138339596191145,3.818173173517029,13.468571428571392,1243.19,0
06/20/2017,1243.19,1244.04,1248.38,1241.38,0.0,1267.044285714286,1260.209,34.58737864077668,-1.3908565938299944,2.7763672200476246,12.89857142857139,1246.55,1
06/21/2017,1246.55,1243.16,1248.31,1241.25,0.27,1265.6807142857142,1259.408,38.47361429778996,-2.2447670519993608,1.7721403656382275,12.743571428571386,1250.62,1
06/22/2017,1250.62,1245.55,1255.05,1245.55,0.33,1263.5835714285713,1258.6656,29.76288944030857,-2.5635314616533833,0.9050060001799054,11.923571428571384,1256.9,1
06/23/2017,1256.9,1250.0,1259.31,1249.74,0.5,1261.937142857143,1258.0898,35.37250920167533,-2.283092962531782,0.2673862076375679,12.194999999999952,1244.45,0
06/26/2017,1244.45,1258.13,1258.54,1236.96,-0.99,1258.3978571428572,1257.2828,17.903873558751087,-3.030520429458875,-0.3921951197817207,12.51999999999995,1247.1,1
06/27/2017,1247.1,1243.65,1253.13,1241.12,0.21,1255.554285714286,1256.432,22.63917525773175,-3.370179892954866,-0.9877920744163498,12.500714285714253,1249.32,1
06/28/2017,1249.32,1247.37,1255.11,1247.37,0.18,1253.4414285714286,1255.8252,27.91218637992813,-3.4207942316713797,-1.474392505867356,11.797857142857115,1245.74,0
06/29/2017,1245.74,1249.18,1253.71,1239.66,-0.29,1251.9657142857143,1255.103,32.201929703652496,-3.707049975889049,-1.9209239998716947,11.618571428571402,1241.6,0
06/30/2017,1241.6,1244.82,1248.59,1239.7,-0.33,1250.2414285714287,1254.245,30.380364109232616,-4.219335245850061,-2.3806062490673683,11.749285714285682,1220.46,0
07/03/2017,1220.46,1241.46,1242.83,1218.41,-1.7,1246.9992857142859,1253.1481999999999,22.50757116898849,-6.258996522932421,-3.156284303840379,12.79642857142853,1223.97,1
07/04/2017,1223.97,1221.94,1226.74,1220.69,0.29,1244.3414285714284,1252.3524,27.14092640373505,-7.505694144316749,-4.0261662719356535,11.622142857142828,1226.95,1
07/05/2017,1226.95,1223.55,1229.34,1217.64,0.24,1242.4092857142857,1251.5104,32.478300297966044,-8.159195766263792,-4.852772170801281,11.36071428571425,1225.15,0
07/06/2017,1225.15,1227.06,1229.57,1222.56,-0.15,1240.375,1250.7214,31.88756041719661,-8.721805917176425,-5.6265789200763106,11.42714285714281,1212.9,0
07/07/2017,1212.9,1224.39,1227.2,1207.25,-1.0,1238.207142857143,1249.6163999999999,31.146726301403902,-10.04041152353625,-6.509345440768298,11.93071428571425,1214.35,1
07/10/2017,1214.35,1213.7,1215.6,1204.85,0.12,1236.1471428571426,1248.7674,32.388861748900666,-10.843416924262328,-7.376159737467104,12.198571428571395,1217.69,1
07/11/2017,1217.69,1214.59,1217.79,1207.89,0.28,1234.0857142857144,1247.9832000000001,32.37234302467631,-11.082541760451932,-8.117436142064069,12.40142857142853,1220.0,1
07/12/2017,1220.0,1217.95,1226.1,1214.51,0.19,1231.8985714285716,1247.6156,30.88639200998756,-10.959320002361892,-8.685812914123634,12.550714285714239,1217.45,0
07/13/2017,1217.45,1220.21,1224.92,1216.63,-0.21,1229.0807142857143,1247.4096,24.17179520754209,-10.941305006680523,-9.136911332635012,12.45928571428567,1228.98,1
07/14/2017,1228.98,1216.63,1233.16,1214.95,0.95,1227.9757142857143,1247.4344,39.74817760106023,-9.88273137750889,-9.286075341609788,12.218571428571392,1234.4,1
07/17/2017,1234.4,1228.6,1236.44,1228.3,0.44,1227.0685714285714,1247.5964,41.881871644080896,-8.50837618226069,-9.13053550973997,11.942142857142812,1242.46,1
07/18/2017,1242.46,1233.84,1245.06,1233.01,0.65,1226.5785714285716,1248.0196,45.919581251487074,-6.691677653991974,-8.64276393859037,12.230714285714239,1240.87,0
07/19/2017,1240.87,1242.58,1244.48,1236.05,-0.13,1226.2307142857142,1248.454,47.03302059217733,-5.318917523251457,-7.977994655522588,11.829285714285675,1244.74,1
07/20/2017,1244.74,1241.03,1247.98,1235.24,0.31,1226.455,1248.8518000000001,51.91931540342305,-3.874060810868059,-7.157207886591683,12.104285714285684,1254.9,1
07/21/2017,1254.9,1244.16,1256.3,1243.35,0.82,1228.9150000000002,1249.3732,74.31516520756847,-1.8874173944893755,-6.1032497881712215,11.284999999999984,1255.24,1
07/24/2017,1255.24,1255.66,1259.18,1251.78,0.03,1231.1485714285716,1249.8638,73.11160384331112,-0.28229885009568534,-4.9390596005561145,11.364999999999993,1249.05,0
07/25/2017,1249.05,1254.77,1258.18,1249.01,-0.49,1232.7271428571428,1250.1088,65.59412926898099,0.4847005661681578,-3.8543075672112606,11.184285714285725,1261.1,1
07/26/2017,1261.1,1250.0,1263.92,1243.91,0.96,1235.295,1250.116,72.16126248304757,2.041355942828659,-2.6751748652032767,12.112857142857154,1259.0,0
07/27/2017,1259.0,1260.5,1265.49,1254.52,-0.17,1238.587857142857,1250.355,82.48308906426148,3.0701730505502383,-1.526105282052574,11.47142857142858,1269.25,1
07/28/2017,1269.25,1259.36,1271.34,1257.45,0.81,1242.5092857142859,1250.6290000000001,84.41574724172514,4.658902430667922,-0.2891037395084749,11.695714285714287,1269.55,1
07/31/2017,1269.55,1270.16,1271.48,1265.93,0.02,1246.2135714285712,1250.8108,83.79822732012505,5.874472145225127,0.9436114374382455,11.385000000000007,1269.05,0
08/01/2017,1269.05,1268.8,1274.47,1264.05,-0.04,1249.717142857143,1251.1686,82.73928714457342,6.720009988308902,2.098891147612377,11.30142857142859,1266.7,0
08/02/2017,1266.7,1268.8,1273.34,1263.18,-0.19,1253.2350000000001,1251.3316,82.96078168919821,7.118422714504959,3.1027974609908937,11.435000000000011,1268.65,1
08/03/2017,1268.65,1266.46,1271.37,1258.7,0.15,1256.0685714285714,1251.5894,80.4544756640565,7.505003366487699,3.983238642090255,11.039285714285711,1258.6,0
08/04/2017,1258.6,1269.01,1270.94,1254.75,-0.79,1257.797142857143,1251.4204,67.34518348623834,6.920643440075082,4.5707196016872205,11.614285714285709,1257.69,0
08/07/2017,1257.69,1259.03,1260.38,1255.68,-0.07,1258.885,1251.2348,62.162593834850654,6.311351264793984,4.918845934308574,11.089285714285714,1260.64,1
08/08/2017,1260.64,1257.61,1265.7,1251.41,0.23,1260.297142857143,1251.1856,65.45255588557151,5.9973890047897385,5.1345545484048065,11.507857142857135,1277.55,1
08/09/2017,1277.55,1261.41,1279.06,1260.96,1.34,1262.6407142857145,1251.3648,71.30242825607067,7.0320067326520075,5.514044985254247,11.91357142857141,1286.9,1
08/10/2017,1286.9,1277.56,1288.63,1274.85,0.73,1264.9264285714287,1251.79,70.99737532808405,8.508336784593666,6.112903345122131,11.972857142857135,1289.21,1
08/11/2017,1289.21,1286.45,1292.26,1281.55,0.18,1267.3528571428571,1251.9746,71.72828450812338,9.752318030022707,6.840786282102247,12.209285714285702,1281.95,0
08/14/2017,1281.95,1289.09,1289.82,1278.12,-0.56,1269.702857142857,1252.0146,70.75971731448774,10.03666438436153,7.479961902554104,12.389999999999986,1272.13,0
08/15/2017,1272.13,1282.36,1282.77,1267.98,-0.77,1270.4907142857144,1251.5772,57.16140760940153,9.361703102041702,7.8563101424516235,12.017142857142842,1283.1,1
08/16/2017,1283.1,1271.87,1284.29,1268.19,0.86,1272.212142857143,1251.501,64.03120633442012,9.601300922422979,8.205308298445894,12.383571428571404,1288.01,1
08/17/2017,1288.01,1283.61,1290.47,1282.2,0.38,1273.5521428571428,1251.6832,61.64638688850263,10.071284389417997,8.578503516640316,11.982142857142842,1284.5,0
08/18/2017,1284.5,1288.2,1301.2,1283.64,-0.27,1274.6200000000001,1252.0452,58.92537313432842,10.04473258276812,8.871749329865878,12.839999999999984,1291.22,1
08/21/2017,1291.22,1283.6,1293.58,1280.6,0.52,1276.2035714285714,1252.5548,62.32077359119713,10.445528374335709,9.186505138759845,13.022857142857122,1284.72,0
08/22/2017,1284.72,1291.18,1292.69,1282.11,-0.5,1277.4907142857144,1252.9322,59.57288567785806,10.121986292238262,9.373601369455528,13.052857142857144,1290.62,1
08/23/2017,1290.62,1285.56,1292.03,1283.09,0.46,1279.06,1253.521,61.201182828591755,10.223803905498016,9.543641876664026,12.786428571428587,1286.33,0
08/24/2017,1286.33,1289.98,1291.3,1284.55,-0.33,1281.0407142857143,1254.1676,65.02004116563762,9.844842731778499,9.603882047686922,12.112142857142869,1291.15,1
08/25/2017,1291.15,1285.91,1294.14,1278.66,0.37,1283.4307142857142,1254.9180000000001,67.38723758054465,9.8202453138299,9.647154700915518,12.882142857142867,1310.49,1
08/28/2017,1310.49,1292.76,1312.99,1292.49,1.5,1286.9914285714287,1256.2628,72.13391350679338,11.231854227815347,9.964094606295484,13.421428571428578,1309.5,0
08/29/2017,1309.5,1317.75,1326.14,1304.93,-0.08,1289.2735714285716,1257.589,66.52187403040651,12.13084292990834,10.397444271018056,13.620714285714305,1308.76,0
08/30/2017,1308.76,1309.26,1313.87,1305.26,-0.06,1290.8349999999998,1258.8332,62.40917347865575,12.63790424431295,10.845536265677035,13.251428571428571,1322.07,1
08/31/2017,1322.07,1308.8,1324.11,1300.82,1.02,1293.1821428571427,1260.2622000000001,66.58255954784013,13.952919185863038,11.467012849714237,14.149999999999993,1324.97,1
09/01/2017,1324.97,1321.8,1329.2,1316.65,0.22,1296.2549999999999,1261.6236,72.7090371621622,15.055532952765361,12.184716870324463,14.210714285714273,1334.67,1
09/04/2017,1334.67,1334.38,1339.85,1331.92,0.73,1300.7221428571427,1263.428,83.05496828752644,16.521620286346888,13.052097553528949,14.217142857142838,1339.33,1
09/05/2017,1339.33,1335.07,1345.18,1327.96,0.35,1304.7385714285715,1265.2726,81.84392343413752,17.853721527342486,14.012422348291658,14.297142857142846,1334.14,0
09/06/2017,1334.14,1339.55,1342.84,1331.66,-0.39,1308.0335714285716,1266.969,76.041549057243,18.279912282796886,14.865920335192703,14.50499999999998,1349.2,1
09/07/2017,1349.2,1334.27,1350.27,1332.6,1.13,1312.6550000000002,1269.0382,82.31122652816633,19.606871851511187,15.8141106384564,14.512857142857131,1346.71,0
09/08/2017,1346.71,1348.83,1357.94,1343.0,-0.18,1316.6185714285714,1271.1404,78.93419543226625,20.224439925558045,16.696176495876728,14.652857142857133,1327.32,0
09/11/2017,1327.32,1337.45,1340.36,1326.36,-1.44,1319.6614285714284,1273.2776000000001,69.58080529509101,18.93103098157121,17.143147393015624,15.350714285714275,1331.94,1
09/12/2017,1331.94,1327.86,1332.43,1322.55,0.35,1322.6128571428574,1275.437,69.21860465116286,18.070485159569444,17.32861494632639,15.417857142857136,1323.25,0
09/13/2017,1323.25,1331.95,1335.05,1320.91,-0.65,1325.25,1277.363,66.49687220732798,16.497117519430276,17.16231546094717,15.94571428571427,1329.83,1
09/14/2017,1329.83,1323.56,1330.69,1316.11,0.5,1328.0128571428572,1279.4566,67.0156607425655,15.601321020523983,16.850116572862532,15.881428571428566,1319.62,0
09/15/2017,1319.62,1329.83,1334.76,1319.62,-0.77,1328.6649999999997,1281.5910000000001,54.36716732038643,13.907220390093016,16.261537336308628,15.40285714285715,1307.57,0
09/18/2017,1307.57,1320.5,1320.5,1305.03,-0.91,1328.5271428571427,1283.4554,49.16515269486977,11.460193168073602,15.301268502661625,14.992857142857149,1311.28,1
09/19/2017,1311.28,1307.3,1311.78,1304.98,0.28,1328.707142857143,1285.3272,51.06275303643725,9.708360522125986,14.182686906554498,14.863571428571438,1301.15,0
09/20/2017,1301.15,1310.94,1316.25,1295.96,-0.77,1327.212857142857,1286.9502,40.93430403882828,7.417114312085687,12.829572387660736,14.649285714285725,1291.39,0
09/21/2017,1291.39,1301.02,1302.07,1287.99,-0.75,1324.814285714286,1288.429,36.26472513089006,4.75887737473704,11.215433385075997,14.758571428571438,1297.38,1
09/22/2017,1297.38,1291.3,1299.14,1291.3,0.46,1322.1507142857142,1289.797,34.2698051126297,3.099815644623277,9.592309836985454,14.255714285714314,1310.55,1
09/25/2017,1310.55,1297.67,1311.9,1290.63,1.02,1320.0949999999998,1291.32,38.672858942065474,2.8152537119747194,8.236898611983307,14.545000000000025,1293.89,0
09/26/2017,1293.89,1309.9,1313.92,1293.04,-1.27,1317.22,1292.3486,35.47036315067501,1.2312208164580625,6.835763052878258,15.237857142857186,1281.12,0
09/27/2017,1281.12,1293.61,1296.54,1281.12,-0.99,1312.357142857143,1293.1536,25.011011598884096,-1.0425510625532297,5.260100229791961,15.077142857142901,1287.3,1
09/28/2017,1287.3,1281.11,1289.0,1277.64,0.48,1308.1135714285715,1294.0048,28.76849403187761,-2.319123890125411,3.7442554058084863,14.821428571428603,1279.45,0
09/29/2017,1279.45,1286.91,1290.47,1278.24,-0.61,1304.6942857142858,1294.4958,31.354677884240886,-3.9190698503016392,2.2115903545864612,14.241428571428596,1271.12,0
10/02/2017,1271.12,1279.5,1279.61,1270.45,-0.65,1300.35,1294.8134,26.9760751059963,-5.792428424795389,0.6107865987100911,14.190000000000007,1271.75,1
10/03/2017,1271.75,1270.71,1274.71,1267.91,0.05,1296.6714285714284,1295.2674,29.23721980325753,-7.143892511081731,-0.9401492232482733,13.665714285714298,1274.69,1
10/04/2017,1274.69,1271.64,1282.42,1270.85,0.23,1292.7328571428573,1295.5392,27.097524505731926,-7.886790099926657,-2.32947739858395,13.450714285714298,1268.05,0
10/05/2017,1268.05,1275.16,1279.42,1266.9,-0.52,1289.0492857142858,1295.7202,27.925691293553697,-8.90864103021886,-3.645310124910932,13.263571428571433,1276.03,1
10/06/2017,1276.03,1269.09,1277.18,1260.89,0.63,1286.7964285714286,1295.8557999999998,36.01206315416006,-8.971132317140246,-4.710474563356795,13.322142857142856,1284.1,1
10/09/2017,1284.1,1275.45,1285.5,1275.21,0.63,1284.8549999999998,1296.1468,38.39453458582406,-8.27409691723983,-5.423199034133402,13.571428571428571,1287.85,1
10/10/2017,1287.85,1284.35,1294.63,1282.29,0.29,1283.9050000000002,1296.5228,43.99385838150282,-7.334549559286415,-5.805469139164005,13.003571428571442,1291.8,1
10/11/2017,1291.8,1287.91,1293.56,1284.12,0.31,1283.9342857142856,1297.0248,50.19540558574009,-6.199752631439424,-5.884325837619089,12.672142857142878,1293.6,1
10/12/2017,1293.6,1292.01,1297.6,1289.47,0.14,1283.6642857142856,1297.5238,48.12351072279577,-5.096424524078429,-5.726745574910958,12.692857142857147,1304.88,1
10/13/2017,1304.88,1293.73,1304.88,1291.04,0.87,1283.2592857142859,1298.4494,47.13143782252362,-3.2740856989482836,-5.236213599718424,12.162142857142872,1294.74,0
10/16/2017,1294.74,1303.88,1306.8,1291.01,-0.78,1283.32,1299.1904,50.460405156537696,-2.6179047311236445,-4.712551825999467,11.798571428571433,1285.19,0
10/17/2017,1285.19,1295.32,1296.66,1281.69,-0.74,1283.6107142857143,1299.6814,52.284206981703974,-2.835792522928841,-4.337199965385342,11.766428571428573,1281.17,0
10/18/2017,1281.17,1285.18,1289.08,1277.13,-0.31,1283.172857142857,1299.7538,46.47417462326018,-3.294869368099171,-4.128733845928108,11.808571428571424,1289.79,1
10/19/2017,1289.79,1281.25,1290.69,1276.61,0.67,1283.9114285714284,1299.8116,55.895096921322605,-2.9293612625419883,-3.8888593292508844,11.940714285714291,1280.72,0
10/20/2017,1280.72,1289.57,1291.47,1277.88,-0.7,1284.597142857143,1299.6417999999999,55.4274084124831,-3.3331442423755107,-3.7777163118758095,12.257142857142867,1282.07,1
10/23/2017,1282.07,1277.45,1283.66,1272.24,0.11,1285.3342857142857,1299.6442,55.78734858681019,-3.5038215713918817,-3.7229373637790237,12.587142857142876,1276.72,0
10/24/2017,1276.72,1282.01,1284.06,1273.43,-0.42,1285.4792857142857,1299.736,51.10844162935457,-4.024394161687951,-3.7832287233608097,12.519999999999998,1277.41,1
10/25/2017,1277.41,1276.85,1280.39,1271.03,0.05,1286.1478571428572,1299.6222,55.46601261387534,-4.331345402954639,-3.8928520592795754,12.294285714285722,1267.11,0
10/26/2017,1267.11,1277.56,1282.8,1265.69,-0.81,1285.5107142857144,1299.2042,44.928360245621974,-5.344126627275273,-4.183106972878715,12.352857142857147,1273.35,1
10/27/2017,1273.35,1268.07,1274.8,1264.1,0.49,1284.7428571428572,1298.9812,43.75798397398677,-5.578936684765722,-4.462272915256117,12.382142857142867,1276.24,1
10/30/2017,1276.24,1273.59,1279.29,1268.8,0.23,1283.9135714285715,1298.6816000000001,43.1906158357772,-5.468785741947386,-4.663575480594371,12.25,1271.58,0
10/31/2017,1271.58,1276.29,1278.36,1268.01,-0.37,1282.4692857142857,1298.4188000000001,38.23871568171244,-5.691900692822401,-4.869240523039977,12.314999999999989,1274.39,1
11/01/2017,1274.39,1270.88,1281.25,1267.98,0.22,1281.097142857143,1298.0942000000002,38.95596182591715,-5.577681344444727,-5.010928687320927,12.682142857142853,1275.99,1
11/02/2017,1275.99,1274.91,1284.49,1273.64,0.13,1279.0335714285716,1297.8874,31.310648208047596,-5.2969946031864765,-5.068141870494037,12.468571428571408,1269.85,0
11/03/2017,1269.85,1276.8,1279.74,1265.55,-0.48,1277.2557142857142,1297.4614,33.019511529540154,-5.506519297606019,-5.155817355916434,12.3542857142857,1281.55,1
11/06/2017,1281.55,1269.49,1283.01,1266.05,0.92,1276.9957142857143,1296.8826000000001,47.5874867444326,-4.674591131722536,-5.059572111077655,12.496428571428558,1275.53,0
11/07/2017,1275.53,1281.82,1281.97,1271.68,-0.47,1276.5928571428572,1296.2032000000002,46.35847107438012,-4.449751786580464,-4.937608046178217,12.37785714285714,1281.3,1
11/08/2017,1281.3,1275.85,1287.52,1275.23,0.45,1275.9864285714286,1295.654,44.30888859096396,-3.7626012821349377,-4.702606693369561,12.249999999999984,1285.3,1
11/09/2017,1285.3,1281.62,1288.72,1280.09,0.31,1276.3135714285713,1294.9186,53.29401611047173,-2.8622685361206095,-4.334539061919771,11.895714285714282,1276.14,0
11/10/2017,1276.14,1285.21,1287.16,1273.33,-0.71,1275.8899999999999,1293.942,46.16578300788839,-2.854973438403931,-4.038625937216603,12.067857142857147,1277.99,1
11/13/2017,1277.99,1275.16,1280.22,1274.29,0.14,1275.9807142857142,1292.8084,50.860083976703216,-2.669144248587372,-3.7647295994907566,11.732142857142874,1280.71,1
11/14/2017,1280.71,1278.17,1283.68,1270.64,0.21,1276.2164285714284,1291.636,52.17505931979959,-2.2761539232485575,-3.4670144642423173,11.995000000000005,1278.8,0
11/15/2017,1278.8,1281.0,1289.47,1277.04,-0.15,1277.0514285714285,1290.5292,58.66310953016156,-2.094681116521542,-3.192547794698162,11.660714285714302,1278.47,0
11/16/2017,1278.47,1278.47,1281.6,1274.98,-0.03,1277.4171428571428,1289.1146,54.15854450942179,-1.9549553435415419,-2.9450293044668383,11.36928571428572,1294.37,1
11/17/2017,1294.37,1278.44,1297.04,1277.94,1.24,1278.7121428571427,1288.0678,62.15636314871925,-0.5548288223344571,-2.466989208040362,11.984285714285713,1276.7,0
11/20/2017,1276.7,1292.68,1294.8,1274.92,-1.37,1279.077857142857,1287.0554,52.923041790363165,-0.8611134131569997,-2.1458140490636897,12.664999999999996,1280.48,1
11/21/2017,1280.48,1276.7,1284.87,1276.08,0.3,1279.5128571428572,1286.0262,53.43873517786559,-0.7897282531102974,-1.8745968898730114,12.344999999999995,1292.12,1
11/22/2017,1292.12,1280.38,1294.75,1278.77,0.91,1280.6649999999997,1285.4036,58.1803428339588,0.20374705180529418,-1.4589281015373503,12.711428571428574,1291.25,0
11/23/2017,1291.25,1292.4,1293.46,1287.46,-0.07,1282.1935714285714,1284.632,61.46592370338634,0.9103872815617251,-0.9850650249175352,12.126428571428571,1288.22,0
11/24/2017,1288.22,1291.51,1293.61,1286.15,-0.23,1282.67,1284.004,53.939751919669305,1.2119386036606556,-0.5456642992018971,11.447857142857126,1294.5,1
11/27/2017,1294.5,1288.57,1299.2,1286.47,0.49,1284.0249999999999,1283.7426,61.17065127782371,1.9353541568302717,-0.04946060799546331,11.622142857142844,1294.01,0
11/28/2017,1294.01,1294.85,1297.74,1291.01,-0.04,1284.932857142857,1283.3972,57.98066055506729,2.4409890870138042,0.4486293310063902,11.22499999999999,1283.57,0
11/29/2017,1283.57,1293.9,1296.75,1281.98,-0.81,1284.8092857142858,1283.0456,48.99500406645752,1.9765037578181364,0.7542042163687395,11.66357142857141,1274.76,0
11/30/2017,1274.76,1283.88,1285.7,1270.51,-0.69,1284.7107142857144,1282.713,49.195053663089055,0.8872744684733789,0.7808182667896675,11.76071428571426,1280.26,1
12/01/2017,1280.26,1274.29,1289.58,1271.58,0.43,1284.872857142857,1282.3706,51.27000111894372,0.46252474641141816,0.7171595627140177,12.622857142857113,1276.23,0
12/04/2017,1276.23,1272.93,1277.24,1271.8,-0.31,1284.552857142857,1281.6842,47.52977503308334,-0.19700879362449086,0.534325891446316,12.29571428571426,1266.55,0
12/05/2017,1266.55,1276.54,1277.41,1261.11,-0.76,1283.6778571428572,1281.1373999999998,43.77856780091413,-1.4836859683691728,0.1307235194832183,12.57214285714284,1263.94,0
12/06/2017,1263.94,1266.62,1269.32,1262.39,-0.21,1282.6399999999999,1280.7938000000001,42.78765015387666,-2.683063401934305,-0.4320338648002864,12.594285714285693,1246.7,0
12/07/2017,1246.7,1264.26,1264.82,1244.11,-1.36,1279.2350000000001,1279.9818,26.64837856373073,-4.967441010545826,-1.3391152939493944,12.709285714285702,1248.14,1
12/08/2017,1248.14,1247.34,1252.66,1244.34,0.12,1277.195,1279.3556,33.36439888164024,-6.58571473797042,-2.3884351827535997,11.883571428571438,1241.96,0
12/11/2017,1241.96,1247.28,1251.67,1240.19,-0.5,1274.4435714285714,1278.7724,28.173164097914736,-8.271533587229214,-3.565054863648723,12.075714285714298,1243.85,1
12/12/2017,1243.85,1242.25,1246.62,1236.31,0.15,1270.9957142857145,1278.2144,19.25085998216325,-9.34730010915905,-4.721503912750789,11.670714285714293,1255.45,1
12/13/2017,1255.45,1243.88,1256.95,1240.06,0.93,1268.4385714285713,1277.8296,29.93723380407984,-9.158259063842934,-5.608854942969218,12.448571428571443,1252.85,0
12/14/2017,1252.85,1255.54,1259.18,1249.92,-0.21,1265.912142857143,1277.5256,30.082216465818206,-9.113189765502511,-6.309721907475877,12.577142857142885,1255.26,1
12/15/2017,1255.26,1252.83,1261.89,1251.94,0.19,1263.1092857142855,1277.1102,26.895902025435774,-8.78177433500241,-6.8041323929811846,12.378571428571458,1261.69,1
12/18/2017,1261.69,1253.79,1264.37,1252.68,0.51,1260.8007142857145,1276.662,32.21439577371791,-7.909106697602056,-7.025127253905359,12.732857142857158,1261.72,1
12/19/2017,1261.72,1261.7,1265.26,1258.97,0.0,1259.24,1276.1394,36.420136730888856,-7.132867304224419,-7.046675263969172,12.127142857142871,1265.62,1
12/20/2017,1265.62,1261.69,1267.84,1261.23,0.31,1258.587142857143,1275.6158,43.95022504633301,-6.132305189137014,-6.863801249002742,11.514285714285718,1266.76,1
12/21/2017,1266.76,1265.62,1268.97,1263.02,0.09,1257.6228571428571,1275.079,40.516999157066635,-5.187565011343395,-6.528554001470873,10.653571428571436,1275.01,1
12/22/2017,1275.01,1267.12,1276.38,1265.1,0.65,1257.5357142857142,1274.4816,49.19098143236072,-3.730146752258861,-5.968872551628471,10.855000000000018,1275.24,1
12/25/2017,1275.24,1275.24,1275.24,1275.24,0.02,1258.1564285714287,1274.0916,56.58832448824868,-2.5274384666256537,-5.280585734627908,9.707142857142864,1283.29,1
12/26/2017,1283.29,1274.91,1283.77,1273.25,0.63,1259.5385714285715,1274.0536,63.55231825185587,-0.9141776905128154,-4.40730412580489,9.963571428571445,1287.41,1
12/27/2017,1287.41,1283.64,1289.4,1281.46,0.32,1262.4464285714287,1274.1784,84.93221211601144,0.6888520080431135,-3.3880728990352895,9.05142857142859,1294.84,1
12/28/2017,1294.84,1287.31,1295.3,1286.66,0.58,1265.7821428571428,1274.2794000000001,86.33675692499196,2.529643344427086,-2.2045296503428147,9.074285714285711,1302.55,1
12/29/2017,1302.55,1294.85,1307.69,1293.59,0.6,1270.1100000000001,1274.7160000000001,96.04803161574688,4.558073669577425,-0.8520089863587668,9.261428571428578,1306.86,1
01/01/2018,1306.86,1303.43,1307.72,1302.43,0.33,1274.6107142857143,1275.2118,96.18824219322661,6.439173512135994,0.6062275133401855,8.90285714285715,1318.14,1
01/02/2018,1318.14,1302.55,1318.98,1302.51,0.86,1279.0885714285712,1276.0402,96.17027544557354,8.739417850184509,2.2328655807090505,8.872857142857145,1312.84,0
01/03/2018,1312.84,1318.16,1321.4,1307.16,-0.4,1283.3735714285715,1276.7488,92.4918543703072,10.01921705691575,3.7901358759503907,9.228571428571431,1322.97,1
01/04/2018,1322.97,1312.53,1325.92,1305.67,0.77,1288.2100000000003,1277.866,93.23202656110311,11.71582079943255,5.375272860646823,9.964285714285714,1320.21,0
01/05/2018,1320.21,1323.5,1323.83,1313.81,-0.21,1292.3899999999999,1278.8032,89.2015005359055,12.69138417833392,6.838495124184243,9.845000000000011,1320.58,1
01/08/2018,1320.58,1320.04,1322.22,1314.97,0.03,1296.5942857142857,1279.69,89.2504667911441,13.340598971737109,8.138915893694817,9.913571428571442,1312.66,0
01/09/2018,1312.66,1320.63,1320.68,1308.8,-0.6,1299.9542857142856,1280.5115999999998,79.77215189873421,13.065418550936329,9.12421642514312,10.29000000000003,1317.19,1
01/10/2018,1317.19,1313.28,1326.94,1308.29,0.35,1303.5564285714286,1281.3676,80.60444228668527,13.062295217819837,9.911832183678463,11.19714285714289,1322.42,1
01/11/2018,1322.42,1316.89,1323.98,1315.49,0.4,1306.9428571428568,1282.2962,79.86644828020664,13.328198074006878,10.595105361744146,10.99785714285716,1338.4,1
01/12/2018,1338.4,1322.82,1339.4,1321.16,1.21,1311.4542857142858,1283.6672,83.20016820857865,14.659396060204699,11.407963501436257,12.284285714285732,1340.16,1
01/15/2018,1340.16,1337.05,1344.93,1336.14,0.13,1315.5164285714286,1284.8394,82.01058201058203,15.67569766124052,12.26151033339711,12.160714285714302,1338.61,0
01/16/2018,1338.61,1340.06,1342.35,1331.73,-0.12,1319.1735714285714,1286.1009999999999,79.67771852538817,16.16965820152518,13.043139907022725,12.352142857142862,1327.73,0
01/17/2018,1327.73,1338.29,1343.99,1326.73,-0.81,1321.5228571428572,1287.0296,68.33128971129194,15.5044744857762,13.535406822773421,12.967857142857156,1327.19,0
01/18/2018,1327.19,1327.75,1333.14,1323.79,-0.04,1323.282857142857,1287.8674,64.92609643809065,14.763553061918401,13.781036070602418,12.628571428571442,1331.8,1
01/19/2018,1331.8,1327.49,1338.37,1326.46,0.35,1325.064285714286,1288.9805999999999,65.05311443746983,14.382562737677517,13.901341404017439,13.101428571428576,1334.11,1
01/22/2018,1334.11,1334.88,1336.04,1328.71,0.17,1326.205,1290.103,60.80953025585476,14.10443570030725,13.941960263275401,12.448571428571427,1341.39,1
01/23/2018,1341.39,1334.45,1342.22,1331.54,0.55,1328.2442857142855,1291.3166,68.82003955174702,14.30653633256361,14.014875477133042,12.194285714285716,1358.15,1
01/24/2018,1358.15,1341.45,1361.88,1339.27,1.25,1330.7571428571428,1292.9036,71.32638215324937,15.638819889658407,14.339664359638117,12.362857142857154,1348.05,0
01/25/2018,1348.05,1358.48,1366.47,1343.1,-0.74,1332.7457142857143,1294.2952,65.49766199064793,15.698713617984367,14.611474211307367,13.316428571428592,1350.14,1
01/26/2018,1350.14,1348.36,1357.39,1344.38,0.16,1334.857142857143,1295.4106,66.1459471269391,15.73345983114018,14.835871335273932,13.727857142857163,1340.35,0
01/29/2018,1340.35,1350.07,1352.65,1337.74,-0.73,1336.8350000000003,1296.6836,64.82175355957588,14.80041529921209,14.828780128061565,13.944285714285732,1338.55,0
01/30/2018,1338.55,1340.67,1349.12,1334.48,-0.13,1338.3607142857143,1297.845,61.77767975297738,13.757142058536829,14.614452514156618,13.657857142857145,1345.1,1
01/31/2018,1345.1,1338.87,1347.93,1332.7,0.49,1339.9807142857142,1298.9046,62.32608695652159,13.305493313750958,14.352660674075487,14.139285714285718,1349.19,1
02/01/2018,1349.19,1345.4,1351.42,1337.3,0.3,1340.7514285714285,1300.0634,56.73449007614523,13.126275712408642,14.10738368174212,13.845000000000011,1332.98,0
02/02/2018,1332.98,1349.16,1350.12,1327.21,-1.2,1340.2385714285715,1300.9586,46.20346869712352,11.54317046107326,13.594541037608348,14.853571428571431,1339.6,1
02/05/2018,1339.6,1332.32,1341.7,1328.88,0.5,1340.3092857142856,1301.8606,50.49683830171635,10.699390899929085,13.015511010072498,15.010714285714291,1325.02,0
02/06/2018,1325.02,1339.68,1346.08,1320.04,-1.09,1340.1157142857141,1302.4808,48.688667376366965,8.753302743478116,12.163069356753622,15.637857142857147,1318.49,0
02/07/2018,1318.49,1325.16,1332.49,1312.05,-0.49,1339.4942857142858,1303.1792,46.02085620197584,6.607925381660607,11.052040561735021,16.43,1318.97,1
02/08/2018,1318.97,1318.61,1322.17,1306.9,0.04,1338.577857142857,1304.0634,43.90151155052768,4.890060777596318,9.81964460490728,16.67000000000001,1316.69,0
02/09/2018,1316.69,1318.87,1322.71,1311.06,-0.17,1337.3335714285715,1304.792,41.71738303537478,3.306547930792931,8.51702527008441,16.97857142857145,1322.88,1
02/12/2018,1322.88,1315.04,1326.2,1314.11,0.47,1336.0114285714285,1305.725,41.1069472470453,2.5220116783877984,7.318022551745088,17.07928571428574,1329.55,1
02/13/2018,1329.55,1322.29,1330.96,1321.39,0.5,1333.9685714285715,1306.985,34.783996595020184,2.4106854216217926,6.336555125720429,16.147857142857156,1350.76,1
02/14/2018,1350.76,1329.53,1355.57,1319.42,1.6,1334.162142857143,1308.7214,51.28937101532022,3.987957608809211,5.866835622338186,17.06071428571428,1353.3,1
02/15/2018,1353.3,1350.78,1357.18,1348.41,0.19,1334.387857142857,1310.8534,51.49706272503309,5.380886443684858,5.769645786607521,16.757857142857137,1347.86,0
02/16/2018,1347.86,1353.29,1361.84,1344.78,-0.4,1334.9242857142856,1312.8478,53.71084099219291,5.976931696722204,5.811102968630458,16.911428571428555,1346.69,0
02/19/2018,1346.69,1347.5,1351.35,1345.99,-0.09,1335.5057142857145,1314.9424,54.047334924423296,6.2824722032701175,5.90537681555839,16.248571428571413,1329.49,0
02/20/2018,1329.49,1346.74,1348.21,1328.22,-1.28,1334.3907142857145,1316.6552,42.98174624584124,5.078180894118077,5.739937631270328,16.588571428571413,1324.26,0
02/21/2018,1324.26,1329.82,1336.58,1322.6,-0.39,1332.6100000000001,1318.0314,38.90520694259006,3.6595688325987794,5.323863871536018,16.578571428571404,1331.51,1
02/22/2018,1331.51,1323.93,1332.2,1320.69,0.55,1332.5049999999999,1319.6046000000001,49.28909952606634,3.0847637264785135,4.876043842524517,15.764285714285702,1328.94,0
02/23/2018,1328.94,1331.8,1332.23,1325.58,-0.19,1331.7435714285714,1321.0782000000002,44.63458828266565,2.394249598019769,4.379684993623568,15.323571428571427,1333.16,1
02/26/2018,1333.16,1327.56,1340.91,1326.42,0.32,1332.325,1322.5076000000001,54.574061586873526,2.162601781158628,3.93626835113058,14.498571428571429,1318.2,0
02/27/2018,1318.2,1333.13,1336.74,1313.32,-1.12,1332.3042857142857,1323.6372000000001,49.85114464634023,0.7630759784196925,3.3016298765884025,14.711428571428574,1318.05,0
02/28/2018,1318.05,1318.53,1322.82,1315.8,-0.01,1332.2385714285715,1324.6858000000002,49.52616398846308,-0.3540804308879615,2.57048781509313,14.12214285714286,1316.55,0
03/01/2018,1316.55,1318.53,1321.3,1302.99,-0.11,1332.2285714285715,1325.6816000000001,49.927310488058104,-1.3449684389677259,1.7873965642809586,14.597857142857135,1322.2,1
03/02/2018,1322.2,1316.51,1325.51,1314.93,0.43,1332.1799999999998,1326.6254000000001,49.64494569757725,-1.655265671064626,1.0988641172118416,14.489999999999977,1320.01,0
03/05/2018,1320.01,1323.75,1327.92,1317.26,-0.17,1331.4985714285715,1327.5207999999998,44.77432077125332,-2.0542134663419347,0.4682486005010864,14.56785714285713,1334.46,1
03/06/2018,1334.46,1320.36,1338.89,1319.91,1.09,1330.3342857142857,1328.5442,40.357311878845294,-1.1906630100343136,0.1364662783940064,13.341428571428569,1325.54,0
03/07/2018,1325.54,1334.5,1340.47,1321.95,-0.67,1328.3514285714286,1329.3067999999998,34.730473047304784,-1.2120902820436186,-0.1332450336935186,14.03785714285714,1322.35,0
03/08/2018,1322.35,1325.84,1329.39,1319.19,-0.24,1326.5292857142856,1329.8570000000002,35.61195713479984,-1.4695379705744926,-0.4005036210697134,13.547857142857149,1323.7,1
03/09/2018,1323.7,1322.32,1325.15,1313.05,0.1,1324.8871428571426,1330.28,37.05955195316906,-1.5468028208986198,-0.6297634610354947,14.029285714285736,1323.05,0
03/12/2018,1323.05,1323.69,1324.67,1315.39,-0.05,1324.4271428571428,1330.6038,45.545102379634756,-1.6415624293188102,-0.8321232546921579,13.264285714285734,1326.39,1
03/13/2018,1326.39,1322.81,1328.66,1316.79,0.25,1324.5792857142856,1330.7688,51.512999005540614,-1.4306582771771446,-0.9518302591891552,13.113571428571456,1325.0,0
03/14/2018,1325.0,1326.42,1330.42,1321.91,-0.1,1324.1142857142856,1331.0120000000002,44.955834495583524,-1.3599993741922844,-1.0334640821897811,12.89928571428574,1316.26,0
03/15/2018,1316.26,1324.39,1328.16,1315.05,-0.66,1323.2085714285715,1330.8778,41.032531824611105,-1.9863492436577417,-1.2240411144833732,13.360714285714314,1314.0,0
03/16/2018,1314.0,1317.11,1322.67,1310.31,-0.17,1321.8400000000001,1330.7535999999998,36.06342740762306,-2.634727640034953,-1.5061784195936891,13.208571428571465,1316.94,1
03/19/2018,1316.94,1313.94,1320.07,1307.89,0.22,1321.75,1330.6807999999999,48.88928067700989,-2.8781611113843155,-1.7805749579518144,12.405714285714307,1311.21,0
03/20/2018,1311.21,1317.0,1318.66,1307.31,-0.44,1321.2614285714287,1330.6517999999999,44.51043338683802,-3.493179801342876,-2.123095926630027,12.715000000000032,1332.17,1
03/21/2018,1332.17,1311.28,1336.96,1309.98,1.6,1322.3771428571429,1330.9514000000001,59.55234833659488,-2.2632009424632997,-2.151116929796682,13.334285714285752,1328.95,0
03/22/2018,1328.95,1332.15,1335.23,1324.88,-0.24,1322.859285714286,1331.082,54.254380436152736,-1.5306169254783981,-2.0270169289330253,13.317857142857179,1347.22,1
03/23/2018,1347.22,1329.17,1350.66,1329.17,1.37,1324.802857142857,1331.2584,64.25951158159512,0.5182237365522724,-1.5179687958359658,14.10714285714289,1353.46,1
03/26/2018,1353.46,1347.91,1356.37,1343.55,0.46,1326.16,1331.5244,60.894495412843945,2.6153128736241342,-0.6913124619439458,13.667142857142883,1344.71,0
03/27/2018,1344.71,1353.51,1357.06,1340.16,-0.65,1327.5292857142856,1331.6464,61.01344364012405,3.5305215949924786,0.15305434944333918,13.55142857142859,1324.99,0
03/28/2018,1324.99,1345.74,1347.39,1323.59,-1.47,1327.7178571428574,1331.5916,51.274623406720785,2.6342261875745407,0.6492887170695796,14.522857142857172,1325.0,1
03/29/2018,1325.0,1325.41,1329.32,1322.21,0.0,1327.8107142857145,1331.5478,50.635883388769294,1.902778490166611,0.8999866716889859,14.166428571428582,1341.35,1
04/02/2018,1341.35,1326.2,1345.26,1324.9,1.23,1329.1178571428572,1331.7388,57.7594979647218,2.612296351283703,1.2424486076079293,14.957857142857149,1332.83,0
04/03/2018,1332.83,1340.69,1342.87,1329.18,-0.64,1329.577857142857,1331.7132000000001,52.61575954508522,2.4587585347653658,1.4857105930394168,15.087857142857128,1333.35,1
04/04/2018,1333.35,1332.82,1348.45,1331.59,0.04,1330.1742857142858,1331.5523999999998,53.41569172870813,2.351926814874787,1.658953837406491,15.684285714285709,1326.55,0
04/05/2018,1326.55,1333.02,1335.29,1322.8,-0.51,1330.9092857142857,1330.9204,54.27716352148972,1.6989740221983993,1.6669578743648727,15.639999999999986,1333.2,1
04/06/2018,1333.2,1326.38,1335.59,1321.47,0.5,1332.2807142857143,1330.6234,57.69971126082773,1.6985241245495217,1.6732711244018026,15.765714285714255,1336.24,1
04/09/2018,1336.24,1333.14,1338.36,1326.98,0.23,1333.6592857142857,1330.3454000000002,57.7336111556339,1.9213223628639753,1.7228813720942373,15.708571428571402,1340.05,1
04/10/2018,1340.05,1336.87,1343.55,1331.81,0.29,1335.7192857142857,1330.3394,61.736936350317414,2.377915599573271,1.8538882175900442,15.736428571428535,1353.29,1
04/11/2018,1353.29,1339.94,1365.61,1339.68,0.99,1337.2278571428571,1330.6341999999997,59.17144346013545,3.7647289263447874,2.236056359340993,15.661428571428521,1335.48,0
04/12/2018,1335.48,1352.7,1353.6,1333.96,-1.32,1337.6942857142856,1330.4417999999998,52.516765590071685,3.3876199495834953,2.4663690773894937,16.32499999999995,1345.46,1
04/13/2018,1345.46,1335.2,1347.5,1335.2,0.75,1337.5685714285717,1330.3672,49.275362318840585,3.849684199134117,2.7430321017384185,15.652857142857085,1345.91,1
04/16/2018,1345.91,1344.58,1350.89,1340.17,0.03,1337.0292857142856,1330.6257999999998,46.73584089926504,4.203726739960302,3.0351710293827954,15.502857142857092,1347.29,1
04/17/2018,1347.29,1345.65,1349.8,1337.73,0.1,1337.2135714285712,1330.7795999999998,51.19135574436643,4.543290249268921,3.3367948733600206,15.157857142857097,1349.32,1
04/18/2018,1349.32,1347.5,1356.14,1342.1,0.15,1338.9514285714286,1331.2656,63.428634507119995,4.9194919702456446,3.6533342927371453,14.460714285714241,1345.6,0
04/19/2018,1345.6,1349.33,1355.12,1341.23,-0.28,1340.422857142857,1331.8078,60.92258748674441,4.861422185025049,3.894951871194726,14.944999999999952,1335.12,0
04/20/2018,1335.12,1346.06,1346.56,1335.07,-0.78,1339.9778571428571,1332.1308,46.477439782879095,3.924513695920268,3.9008642361398347,14.311428571428532,1325.0,0
04/23/2018,1325.0,1335.81,1336.38,1322.81,-0.76,1339.4185714285716,1332.297,45.65144951682775,2.3384513332780443,3.588381655567477,14.302857142857127,1330.68,1
04/24/2018,1330.68,1324.71,1333.04,1322.6,0.43,1339.2278571428571,1332.453,48.597541758588164,1.5222662761275387,3.1751585796794894,13.844285714285693,1323.33,0
04/25/2018,1323.33,1330.12,1332.4,1318.9,-0.55,1338.9978571428571,1332.3286,48.31836223104239,0.2791324988600081,2.5959533635155934,13.91642857142855,1317.28,0
04/26/2018,1317.28,1322.39,1326.96,1315.45,-0.46,1337.8607142857143,1331.6589999999999,41.63338238385532,-1.1806347910089698,1.8406357326106808,13.729999999999986,1322.8,1
04/27/2018,1322.8,1317.57,1326.11,1316.26,0.42,1336.9007142857142,1331.049,43.11616472034415,-1.8705307042564527,1.0984024452372543,13.620714285714273,1315.36,0
04/30/2018,1315.36,1322.81,1325.34,1310.51,-0.56,1335.1371428571426,1330.399,37.807407407407375,-2.9832351296868183,0.2820749302524398,13.841428571428553,1303.97,0
05/01/2018,1303.97,1315.58,1316.69,1301.88,-0.87,1331.6142857142859,1329.5446,25.19114688128772,-4.729619108247107,-0.7202638774474697,13.047142857142846,1304.85,1
05/02/2018,1304.85,1304.38,1313.8,1303.94,0.07,1329.4264285714287,1329.0518,31.429610767551722,-5.973770440643193,-1.7709651900866143,12.34857142857142,1312.09,1
05/03/2018,1312.09,1305.18,1318.91,1305.02,0.55,1327.042857142857,1328.8084,29.073121786027713,-6.302905866986293,-2.6773533254665502,12.474285714285722,1315.05,1
05/04/2018,1315.05,1312.3,1315.61,1308.41,0.23,1324.8385714285712,1328.4792000000002,31.237840466925945,-6.252822159796551,-3.3924470923325507,12.222857142857135,1314.3,0
05/07/2018,1314.3,1315.03,1319.22,1310.29,-0.06,1322.4821428571427,1328.1863999999998,29.78801617448839,-6.2021546153052896,-3.9543885969270987,11.998571428571429,1314.47,1
05/08/2018,1314.47,1313.57,1318.08,1306.2,0.01,1319.992857142857,1327.8126000000002,28.15047021943579,-6.078216742951099,-4.379154226131899,11.844285714285693,1312.78,0
05/09/2018,1312.78,1314.46,1317.78,1304.48,-0.13,1317.6485714285714,1327.7042,28.885743695316577,-6.046661808851013,-4.712655742675722,11.802142857142842,1321.39,1
05/10/2018,1321.39,1312.12,1323.14,1310.89,0.66,1316.667857142857,1327.771,40.94924192485183,-5.2661938484152415,-4.823363363823626,11.856428571428555,1318.22,0
05/11/2018,1318.22,1321.57,1326.49,1317.94,-0.24,1316.1835714285714,1327.8044,45.079825834542866,-4.847579989402448,-4.828206688939391,11.497857142857113,1312.82,0
05/14/2018,1312.82,1318.56,1322.76,1312.82,-0.41,1314.907857142857,1327.6168,36.98630136986299,-4.895132322205427,-4.841591815592598,11.462142857142826,1290.64,0
05/15/2018,1290.64,1313.09,1315.24,1288.71,-1.69,1312.572857142857,1327.0294000000001,30.413421210305685,-6.64594816902013,-5.2024630862781045,12.39285714285711,1291.03,1
05/16/2018,1291.03,1290.32,1297.67,1287.01,0.03,1310.6978571428572,1326.1607999999999,33.12765136907056,-7.910821574142801,-5.744134783851044,12.33214285714283,1291.0,0
05/17/2018,1291.0,1291.13,1295.29,1286.41,0.0,1308.4264285714287,1325.47,28.008298755186743,-8.81406060580116,-6.358119948241068,12.262857142857115,1292.5,1
05/18/2018,1292.5,1291.35,1295.26,1286.81,0.12,1306.7935714285716,1324.8729999999998,32.775768535262245,-9.301623259028702,-6.946820610398595,11.807142857142837,1292.68,1
05/21/2018,1292.68,1290.9,1293.53,1282.15,0.01,1305.9871428571428,1324.2525999999998,39.76427923844066,-9.563256411739076,-7.470107770666692,11.562142857142833,1291.32,0
05/22/2018,1291.32,1292.85,1296.44,1287.8,-0.11,1305.0207142857143,1323.618,37.83929534423882,-9.767746700481439,-7.929635556629641,11.47499999999999,1293.75,1
05/23/2018,1293.75,1291.5,1298.59,1288.61,0.19,1303.7107142857144,1322.9651999999999,31.95592286501399,-9.62280038310837,-8.268268521925387,11.183571428571408,1304.88,1
05/24/2018,1304.88,1294.06,1306.97,1292.91,0.86,1302.9842857142855,1322.5628,41.379894897440444,-8.511713662852117,-8.316957550110734,11.673571428571417,1301.61,0
05/25/2018,1301.61,1304.44,1308.24,1300.05,-0.25,1302.077857142857,1322.2698,39.68460412940992,-7.805059239143247,-8.214577887917237,11.620714285714273,1298.11,0
05/28/2018,1298.11,1298.74,1300.47,1295.62,-0.27,1300.9092857142857,1321.9520000000002,37.38433066008639,-7.441668346047663,-8.059995979543322,11.199999999999998,1298.86,1
05/29/2018,1298.86,1298.68,1307.14,1294.3,0.06,1299.9150000000002,1321.5903999999998,39.107981220657315,-7.012325984265772,-7.850461980487812,11.167142857142867,1301.48,1
05/30/2018,1301.48,1299.02,1304.7,1295.75,0.2,1298.492857142857,1321.3957999999998,32.80953203246425,-6.387031245157232,-7.5577758334216965,10.931428571428585,1298.32,0
05/31/2018,1298.32,1301.51,1306.86,1297.9,-0.24,1297.0714285714287,1320.7188,32.81519861830752,-6.0764210507541065,-7.261504876888179,10.960714285714289,1293.14,0
06/01/2018,1293.14,1298.98,1300.72,1289.52,-0.4,1295.6657142857143,1320.0026,32.94036061026375,-6.177037895016383,-7.0446114805138205,11.050714285714289,1291.98,0
06/04/2018,1291.98,1293.16,1298.47,1290.27,-0.09,1295.7614285714285,1318.8978,51.82760501909424,-6.278010774196218,-6.8912913392503,9.74142857142858,1296.13,1
06/05/2018,1296.13,1292.34,1300.94,1289.79,0.32,1296.1257142857141,1317.7512,56.30875804057403,-5.954522166440256,-6.703937504688292,9.77642857142858,1297.0,1
06/06/2018,1297.0,1297.15,1302.85,1294.63,0.07,1296.5542857142857,1316.7969999999998,57.27096461463875,-5.56381716416513,-6.47591343658366,9.729285714285718,1297.12,1
06/07/2018,1297.12,1296.41,1303.48,1295.08,0.01,1296.8842857142856,1316.2395999999999,55.79237713139396,-5.184731283018664,-6.2176770058706605,9.725714285714291,1298.75,1
06/08/2018,1298.75,1297.32,1301.27,1294.2,0.13,1297.3178571428568,1315.7146,57.34333413984981,-4.69861292846781,-5.913864190390091,9.417857142857153,1300.14,1
06/11/2018,1300.14,1299.17,1302.57,1294.13,0.11,1297.9478571428572,1314.8904,60.66247582205033,-4.153322332412472,-5.561755818794568,9.40357142857142,1295.97,0
06/12/2018,1295.97,1300.09,1300.88,1293.0,-0.32,1298.1064285714285,1314.1532,52.57540603248259,-4.0114186194643935,-5.251688378928534,9.253571428571425,1299.71,1
06/13/2018,1299.71,1295.47,1301.53,1292.55,0.29,1297.737142857143,1313.4804000000001,42.76113133576029,-3.5561787461349468,-4.912586452369816,8.890714285714287,1302.22,1
06/14/2018,1302.22,1299.85,1309.69,1297.34,0.19,1297.7807142857143,1312.9938,50.87267525035782,-2.9587551559636722,-4.521820193088588,9.187857142857151,1279.84,0
06/15/2018,1279.84,1302.15,1303.92,1275.85,-1.72,1296.4757142857143,1311.9266,33.02990897269194,-4.242269378411038,-4.465910030153078,10.765000000000018,1278.31,0
06/18/2018,1278.31,1279.16,1282.02,1277.08,-0.12,1295.0078571428571,1310.7679999999998,31.184764695110943,-5.32157802131519,-4.637043628385501,10.200714285714298,1274.76,0
06/19/2018,1274.76,1278.41,1284.46,1270.39,-0.28,1293.0992857142858,1309.4622,25.945264674108813,-6.389736325342255,-4.987582167776853,10.566428571428576,1268.1,0
06/20/2018,1268.1,1274.75,1276.64,1267.8,-0.52,1290.9407142857144,1307.7584,24.40718157181577,-7.6850770327669125,-5.527081140774865,10.557857142857172,1267.2,0
06/21/2018,1267.2,1268.58,1270.49,1261.22,-0.07,1289.087857142857,1306.3928,26.314828341855417,-8.684160754734648,-6.158497063566822,10.420000000000025,1269.28,1
06/22/2018,1269.28,1267.7,1271.79,1266.9,0.16,1287.4664285714287,1304.8692,29.61566091954022,-9.202027935709793,-6.767203237995417,10.18357142857144,1266.0,0
06/25/2018,1266.0,1272.66,1273.54,1264.8,-0.26,1285.314285714286,1303.271,22.514139755518926,-9.7645503374913,-7.366672657894594,10.011428571428578,1258.99,0
06/26/2018,1258.99,1265.72,1268.03,1254.51,-0.55,1282.5992857142858,1301.505,18.818703855619404,-10.653198369228676,-8.023977800161411,10.390000000000018,1252.02,0
06/27/2018,1252.02,1258.21,1260.52,1250.7,-0.55,1279.3778571428572,1299.559,16.74041297935119,-11.7840400081202,-8.775990241753169,10.49142857142858,1248.28,0
06/28/2018,1248.28,1251.91,1254.65,1245.71,-0.3,1275.7728571428572,1297.6126,13.903590330424862,-12.834083571261772,-9.58760890765489,10.625000000000016,1253.0,1
06/29/2018,1253.0,1247.74,1256.38,1246.51,0.38,1272.4057142857143,1295.9702,17.818132168214035,-13.133985695418005,-10.296884265207513,10.727142857142894,1241.97,0
07/02/2018,1241.97,1253.5,1254.61,1239.59,-0.88,1268.5485714285714,1294.3095999999998,16.29213483146063,-14.099162736333483,-11.057339959432706,11.237142857142885,1252.93,1
07/03/2018,1252.93,1242.21,1257.41,1237.81,0.88,1265.2071428571428,1292.7546,23.213467704993135,-13.820379361138293,-11.609947839773824,11.995714285714323,1256.95,1
07/04/2018,1256.95,1252.42,1261.85,1252.16,0.32,1261.9735714285714,1291.427,24.51874366767983,-13.123778376456585,-11.912713947110376,11.8057142857143,1257.76,1
07/05/2018,1257.76,1256.9,1260.17,1251.08,0.06,1260.3964285714285,1290.2366,33.58608385370205,-12.363834261660713,-12.002938010020443,10.450000000000014,1254.99,0
07/06/2018,1254.99,1257.97,1259.53,1252.93,-0.22,1258.7307142857142,1288.8804,32.97810218978101,-11.84850671574759,-11.972051751165875,10.568571428571431,1257.76,1
07/09/2018,1257.76,1255.12,1266.26,1255.12,0.22,1257.5164285714286,1287.7284,37.44831659775543,-11.088765684439522,-11.795394537820606,10.368571428571434,1255.65,0
07/10/2018,1255.65,1257.69,1260.7,1247.23,-0.17,1256.6271428571429,1286.762,40.1456387525725,-10.535478372908528,-11.543411304838191,10.699285714285711,1242.16,0
07/11/2018,1242.16,1255.81,1257.27,1241.29,-1.07,1254.8385714285716,1285.5082,33.47412882787748,-11.05805408754486,-11.446339861379526,11.178571428571429,1247.14,1
07/12/2018,1247.14,1242.06,1248.94,1241.38,0.4,1253.257142857143,1284.2092000000002,35.92677345537763,-10.944196837330537,-11.345911256569728,11.36928571428572,1241.52,0
07/13/2018,1241.52,1247.51,1248.54,1237.1,-0.45,1251.5085714285717,1282.7386,34.88888888888887,-11.178591335455167,-11.312447272346818,11.562142857142865,1240.82,0
07/16/2018,1240.82,1241.76,1246.29,1238.49,-0.06,1250.2107142857144,1281.269,37.83639041370996,-11.290682850105895,-11.308094387898633,11.153571428571436,1227.51,0
07/17/2018,1227.51,1240.83,1245.35,1225.97,-1.07,1248.4600000000003,1279.5298,34.87597186227323,-12.31160146870593,-11.508795804060092,11.836428571428574,1227.18,0
07/18/2018,1227.18,1227.73,1229.92,1221.56,-0.03,1246.952857142857,1277.8178,36.40814223138369,-12.997488118962792,-11.806534267040632,11.795000000000007,1222.8,0
07/19/2018,1222.8,1227.42,1229.27,1211.48,-0.36,1244.7957142857142,1275.846,30.460662525879883,-13.736145886326767,-12.19245659089786,12.360714285714282,1231.76,1
07/20/2018,1231.76,1223.49,1232.68,1215.84,0.73,1244.0664285714286,1274.1168,43.212338784736055,-13.443571249517163,-12.442679522621722,12.490714285714294,1224.54,0
07/23/2018,1224.54,1231.28,1235.49,1222.08,-0.59,1242.0385714285715,1272.3512,30.138519658597943,-13.637097431509574,-12.681563104399293,12.048571428571433,1224.55,1
07/24/2018,1224.55,1225.06,1229.83,1218.25,0.0,1239.7242857142858,1271.0294000000001,25.985769344796864,-13.632514270033198,-12.871753337526075,12.18357142857144,1231.61,1
07/25/2018,1231.61,1224.31,1234.64,1223.1,0.58,1237.8564285714285,1269.841,32.26156559489888,-12.910376302836312,-12.879477930588124,12.358571428571443,1222.67,0
07/26/2018,1222.67,1231.31,1235.57,1222.17,-0.73,1235.547857142857,1268.4744,29.769654481722597,-12.910634290897406,-12.88570920264998,12.844285714285727,1223.38,1
07/27/2018,1223.38,1222.88,1227.64,1217.34,0.06,1233.092142857143,1267.0919999999999,27.910562837316945,-12.707068506148971,-12.84998106334978,12.775000000000025,1221.8,0
07/30/2018,1221.8,1223.05,1225.59,1219.05,-0.13,1230.6742857142856,1265.6744,28.101953680941875,-12.528809631988224,-12.785746777077469,12.28000000000002,1223.83,1
07/31/2018,1223.83,1221.73,1228.74,1214.82,0.17,1229.365,1264.3246,36.07777608992851,-12.084432341611546,-12.645483889984284,12.132857142857167,1216.05,0
08/01/2018,1216.05,1224.0,1225.36,1215.76,-0.64,1227.1442857142858,1262.7706,27.349555587935242,-12.219185947822552,-12.560224301551939,12.278571428571452,1207.96,0
08/02/2018,1207.96,1215.25,1221.42,1207.2,-0.67,1224.7471428571428,1260.8322,26.39943741209565,-12.830868278069602,-12.61435309685547,12.477142857142878,1213.43,1
08/03/2018,1213.43,1208.01,1220.41,1204.4,0.45,1222.7907142857143,1259.0686,31.94938710952951,-12.727532573527014,-12.63698899218978,13.063571428571452,1206.94,0
08/06/2018,1206.94,1214.1,1218.69,1206.93,-0.53,1221.3214285714287,1257.2452,35.10499637943522,-13.019249242919386,-12.713441042335702,12.519285714285745,1211.02,1
08/07/2018,1211.02,1207.67,1216.54,1207.67,0.34,1220.1671428571428,1255.4884,38.901098901098834,-12.773964590814785,-12.725545752031518,12.607857142857158,1213.61,1
08/08/2018,1213.61,1210.7,1216.26,1206.29,0.21,1219.5107142857144,1253.731,43.52908041120963,-12.229608073173722,-12.62635821625996,12.049285714285734,1212.35,0
08/09/2018,1212.35,1213.89,1217.65,1210.72,-0.1,1218.1242857142859,1252.0115999999998,34.67066814089388,-11.764261991566627,-12.453938971321294,11.341428571428585,1211.3,0
08/10/2018,1211.3,1212.56,1217.48,1205.85,-0.09,1217.1785714285713,1250.3748,38.414420721035974,-11.349369625731242,-12.233025102203284,11.214285714285731,1193.64,0
08/13/2018,1193.64,1211.26,1214.23,1191.75,-1.46,1214.9707142857144,1248.4080000000001,29.335472656772254,-12.303748887532947,-12.247169859269217,11.992857142857165,1194.03,1
08/14/2018,1194.03,1194.17,1199.04,1192.14,0.03,1212.2864285714284,1246.366,22.41632413388122,-12.880157153759,-12.373767318167175,11.661428571428571,1174.88,0
08/15/2018,1174.88,1194.5,1195.22,1173.33,-1.6,1208.8728571428571,1243.9236,19.494446572194377,-14.712611981670989,-12.84153625086794,12.267857142857158,1174.16,0
08/16/2018,1174.16,1175.73,1182.59,1160.56,-0.06,1205.357142857143,1241.4644,18.58565228491169,-16.038066767280952,-13.480842354150543,13.105714285714287,1184.77,1
08/17/2018,1184.77,1173.72,1185.42,1172.03,0.9,1202.712142857143,1239.1848,28.80851550875569,-16.047376735866692,-13.994149230493774,13.595000000000011,1190.53,1
08/20/2018,1190.53,1183.71,1191.21,1182.63,0.49,1200.3335714285713,1236.9926,31.723380900109646,-15.412307603153522,-14.277780905025725,13.213571428571429,1196.12,1
08/21/2018,1196.12,1190.59,1197.38,1187.5,0.47,1198.91,1234.9956,38.79203689123819,-14.293181557829485,-14.280861035586478,13.233571428571443,1195.51,0
08/22/2018,1195.51,1196.68,1201.91,1192.45,-0.05,1198.0207142857143,1232.9116000000001,42.35539727373193,-13.30214911140365,-14.085118650749912,12.893571428571445,1185.31,0
08/23/2018,1185.31,1195.83,1197.0,1183.67,-0.85,1196.0121428571426,1230.5734,33.68152274837489,-13.187782959800643,-13.905651512560059,12.702142857142869,1205.97,1
08/24/2018,1205.97,1185.32,1208.87,1183.32,1.74,1195.9428571428573,1229.096,49.5165952357221,-11.299800556581204,-13.384481321364289,13.687142857142865,1211.35,1
08/27/2018,1211.35,1206.92,1212.75,1202.84,0.45,1195.9664285714284,1227.7567999999999,50.162353635737446,-9.262665618941128,-12.560118180879657,13.709285714285736,1201.26,0
08/28/2018,1201.26,1211.45,1214.68,1199.41,-0.83,1195.0842857142857,1226.2867999999999,44.34161092275268,-8.365962569576823,-11.72128705861909,14.08785714285716,1206.66,1
08/29/2018,1206.66,1201.28,1207.73,1200.9,0.45,1194.6778571428572,1225.058,47.48830228657197,-7.137309609880276,-10.804491568871327,14.080714285714294,1199.88,0
08/30/2018,1199.88,1206.32,1208.18,1196.32,-0.56,1193.8621428571428,1223.7116,45.20168067226895,-6.634207608866063,-9.970434776870276,14.097142857142867,1201.09,1
08/31/2018,1201.09,1200.34,1209.17,1198.43,0.1,1194.3942857142858,1222.3478,53.63237445148702,-6.06791165241475,-9.189930151979171,13.258571428571438,1201.15,1
09/03/2018,1201.15,1200.59,1204.59,1196.11,0.01,1194.902857142857,1221.0508,53.48268440618282,-5.550296169127705,-8.462003355408878,13.371428571428591,1191.35,0
09/04/2018,1191.35,1201.29,1202.31,1189.55,-0.82,1196.0792857142858,1219.6979999999999,58.86723376763208,-5.863272116192093,-7.942257107565522,12.719285714285727,1196.75,1
09/05/2018,1196.75,1191.18,1198.82,1191.1,0.45,1197.6928571428573,1218.5926,61.578677601230105,-5.610894044903944,-7.475984495033207,11.697142857142873,1200.14,1
09/06/2018,1200.14,1197.19,1207.36,1195.59,0.28,1198.7907142857143,1217.6298000000002,58.50769401084916,-5.078792774864496,-6.996546150999466,11.581428571428578,1195.86,0
09/07/2018,1195.86,1200.03,1204.03,1193.28,-0.36,1199.1714285714284,1216.487,52.99943725379848,-4.945450836516102,-6.586327088102793,11.736428571428585,1195.88,1
09/10/2018,1195.88,1195.12,1198.92,1191.52,0.0,1199.1542857142856,1215.5652,49.855907780979955,-4.78302680121169,-6.225667030724573,11.559285714285725,1198.29,1
09/11/2018,1198.29,1195.73,1200.12,1187.95,0.2,1199.3528571428571,1214.4724,51.63375646450397,-4.409013362711221,-5.862336297121903,11.75285714285714,1206.19,1
09/12/2018,1206.19,1198.93,1209.22,1192.9,0.66,1200.8442857142857,1213.4572,62.61174196665858,-3.4355382942258075,-5.376976696542684,11.966428571428569,1201.44,0
09/13/2018,1201.44,1207.3,1213.39,1200.37,-0.39,1200.5207142857143,1212.3308,46.61283086585918,-3.0126100976149246,-4.904103376757133,11.071428571428587,1193.71,0
09/14/2018,1193.71,1201.76,1208.98,1193.13,-0.64,1199.2607142857144,1211.1052,37.258017913897945,-3.2635625350551436,-4.575995208416735,11.495714285714289,1200.93,1
09/17/2018,1200.93,1193.18,1205.2,1192.97,0.6,1199.2371428571428,1209.9686,49.75131876412968,-2.847031680798409,-4.2302025028930705,11.278571428571436,1198.35,0
09/18/2018,1198.35,1202.14,1204.28,1196.21,-0.21,1198.6435714285715,1208.8226,43.45978277978903,-2.6940570037504585,-3.9229734030645482,11.367142857142865,1203.99,1
09/19/2018,1203.99,1197.84,1206.53,1197.81,0.47,1198.9371428571428,1208.0592,53.29379708286571,-2.093589014567442,-3.5570965253651274,11.142857142857142,1207.58,1
09/20/2018,1207.58,1204.16,1209.14,1201.47,0.3,1199.4007142857142,1207.2679999999998,55.010035510267016,-1.312896555640009,-3.108256531420104,10.923571428571433,1199.55,0
09/21/2018,1199.55,1207.52,1211.47,1191.97,-0.66,1199.2864285714288,1206.4286,48.900192466318316,-1.326850936188066,-2.7519754123736964,11.710714285714289,1198.86,0
09/24/2018,1198.86,1198.56,1204.48,1194.23,-0.06,1199.8228571428572,1205.5894,55.90130441615582,-1.3777057820739174,-2.4771214863137407,11.531428571428576,1201.31,1
09/25/2018,1201.31,1198.84,1203.71,1197.21,0.2,1200.1485714285714,1205.0654,53.75741595253781,-1.2064073760634528,-2.222978664263683,11.444285714285716,1194.46,0
09/26/2018,1194.46,1201.23,1202.84,1190.53,-0.57,1199.7428571428572,1204.4109999999998,45.5721858434674,-1.60488973743918,-2.0993608788987825,11.482857142857142,1182.8,0
09/27/2018,1182.8,1194.8,1198.94,1181.98,-0.98,1198.81,1203.611,40.86968680089495,-2.82894412612427,-2.2452775283438804,11.926428571428573,1192.09,1
09/28/2018,1192.09,1183.21,1194.0,1180.74,0.79,1198.5392857142856,1202.8175999999999,47.65441267483588,-3.0146397967339453,-2.3991499820218936,12.344999999999995,1188.47,0
10/01/2018,1188.47,1192.55,1192.95,1184.95,-0.3,1197.837857142857,1202.0962,44.01219512195127,-3.4145479170495037,-2.6022295690274158,12.047142857142862,1203.1,1
10/02/2018,1203.1,1189.2,1208.65,1188.57,1.23,1197.6171428571429,1201.6671999999999,48.258762538036656,-2.521888490891797,-2.5861613534002923,12.322857142857158,1197.37,0
10/03/2018,1197.37,1203.39,1208.77,1196.71,-0.48,1197.3264285714286,1200.9824,47.731579534054084,-2.2508659947179694,-2.519102281663828,12.254285714285711,1199.66,1
10/04/2018,1199.66,1197.35,1207.11,1195.76,0.19,1197.7514285714285,1200.5222,53.530319212056504,-1.8301974749838337,-2.3813213203278294,11.93285714285714,1202.86,1
10/05/2018,1202.86,1199.41,1206.18,1197.0,0.27,1197.8892857142855,1200.1118,51.2024922118379,-1.2244862703489616,-2.1499543103320558,11.715,1188.01,0
10/08/2018,1188.01,1203.14,1204.49,1183.58,-1.23,1197.1507142857142,1199.436,44.41201902291399,-1.9205873348616933,-2.1040809152379834,12.632142857142867,1189.62,1
10/09/2018,1189.62,1189.01,1192.23,1183.49,0.14,1196.1242857142856,1198.7518,41.88043846762335,-2.3156455781709155,-2.14639384782457,12.633571428571438,1194.78,1
10/10/2018,1194.78,1189.59,1195.19,1185.22,0.43,1195.2099999999998,1198.3264,42.89362647124139,-2.1871510898445194,-2.15454529622856,12.797857142857149,1224.33,1
10/11/2018,1224.33,1195.01,1226.87,1191.3,2.47,1196.98,1198.6538,61.10414052697618,0.29571098607925705,-1.6644940397669967,13.945714285714287,1217.93,0
10/12/2018,1217.93,1224.17,1224.45,1215.61,-0.52,1198.3421428571426,1198.7438,58.12942279819262,1.7270620599672384,-0.9861828198201499,13.845000000000011,1226.93,1
10/15/2018,1226.93,1217.45,1233.65,1217.4,0.74,1200.172142857143,1199.1436,60.34399224806211,3.5467580630420343,-0.07959464324771304,14.541428571428582,1224.43,0
10/16/2018,1224.43,1227.12,1232.77,1223.35,-0.2,1202.3128571428572,1199.4118,62.54079839317103,4.732596720003357,0.882843629402501,14.33500000000002,1222.68,0
10/17/2018,1222.68,1224.08,1229.9,1220.32,-0.14,1205.1614285714284,1199.5932,68.19675123197678,5.468138725086874,1.7999026485393756,13.807857142857172,1225.75,1
10/18/2018,1225.75,1222.35,1230.85,1218.78,0.25,1207.5657142857142,1199.8612,66.28289473684222,6.22700338747336,2.6853227963261723,13.722857142857167,1226.32,1
10/19/2018,1226.32,1225.66,1231.07,1223.03,0.05,1210.2692857142858,1200.1616000000001,68.86651380719773,6.796062557292316,3.507470748519401,13.725714285714307,1222.17,0
10/22/2018,1222.17,1228.61,1230.18,1220.3,-0.34,1211.6314285714286,1200.7322,60.61449404430607,6.833404498805066,4.172657498576534,12.990000000000025,1230.49,1
10/23/2018,1230.49,1222.32,1240.0,1221.72,0.68,1213.9971428571428,1201.4614,67.91819952391276,7.448491153850227,4.827824229631273,13.43428571428574,1234.22,1
10/24/2018,1234.22,1231.06,1234.27,1225.74,0.3,1216.4657142857143,1202.6481999999999,68.41039846580026,8.143063420294538,5.490872067763926,13.232857142857174,1232.23,0
10/25/2018,1232.23,1234.59,1239.85,1228.08,-0.16,1218.5635714285713,1203.8096,65.84997301672979,8.435699088645151,6.079837471940171,13.41785714285717,1233.59,1
10/26/2018,1233.59,1232.24,1243.73,1229.8,0.11,1221.8192857142858,1204.7859999999998,78.78979282465909,8.67732875372144,6.599335728296426,12.919285714285738,1229.74,0
10/29/2018,1229.74,1234.16,1235.79,1224.45,-0.31,1224.685,1205.5701999999999,74.64373464373489,8.460630300391358,6.971594642715413,13.105000000000018,1223.44,0
10/30/2018,1223.44,1230.17,1231.45,1220.22,-0.51,1226.732142857143,1206.1166,67.36127937969489,7.691870768005629,7.115649867773456,13.195000000000018,1214.54,0
10/31/2018,1214.54,1223.0,1223.7,1211.92,-0.73,1226.032857142857,1206.4972,42.09080626918722,6.291938134165093,6.950907521051784,11.495714285714305,1233.24,1
11/01/2018,1233.24,1215.2,1237.83,1214.84,1.54,1227.1264285714285,1207.4558,60.318102170103806,6.615159710111357,6.883757958863699,12.52785714285715,1232.89,0
11/02/2018,1232.89,1234.04,1236.79,1229.85,-0.03,1227.5521428571428,1207.9942,54.54684162343613,6.7650893241991525,6.860024231930789,11.862857142857154,1231.3,0
11/05/2018,1231.3,1233.36,1235.46,1226.88,-0.13,1228.042857142857,1208.3932,55.31486925576352,6.67862290419157,6.8237439663829464,11.802857142857144,1226.8,0
11/06/2018,1226.8,1231.66,1236.31,1223.41,-0.37,1228.3371428571427,1208.904,53.057287028791855,6.175794536331296,6.694154080372616,12.03999999999998,1226.11,0
11/07/2018,1226.11,1227.24,1236.23,1223.31,-0.06,1228.362857142857,1209.293,50.276923076923,5.656418526910102,6.486606969680113,12.100714285714275,1223.54,0
11/08/2018,1223.54,1225.99,1227.05,1219.63,-0.21,1228.1642857142856,1209.7662,47.92537313432837,4.980025146002845,6.18529060494466,12.056428571428553,1209.6,0
11/09/2018,1209.6,1223.88,1223.97,1206.52,-1.14,1227.2664285714286,1209.9364,41.815340539132585,3.2813120966195584,5.604494903279639,12.597142857142833,1200.65,0
11/12/2018,1200.65,1209.46,1211.45,1200.18,-0.74,1225.135,1209.9264,30.72849392921728,1.1990575753466146,4.723407437693035,12.096428571428548,1202.35,1
11/13/2018,1202.35,1200.96,1205.57,1196.29,0.14,1222.8585714285714,1210.1464,28.863244462130083,-0.3103903552844258,3.7166478790975424,12.149999999999977,1210.91,1
11/14/2018,1210.91,1202.26,1216.33,1197.12,0.71,1221.3357142857144,1210.4296000000002,36.99365544167888,-0.8066200404764459,2.811994295182745,12.681428571428553,1213.0,1
11/15/2018,1213.0,1210.87,1216.36,1207.56,0.17,1219.865,1210.6868,37.54988511307295,-1.0194880839690086,2.045697819352394,12.314999999999973,1221.47,1
11/16/2018,1221.47,1213.02,1225.37,1212.48,0.7,1219.2742857142857,1211.199,45.26400183255069,-0.498977427628688,1.5367627699561777,12.425714285714255,1224.05,1
11/19/2018,1224.05,1221.76,1225.26,1217.52,0.21,1219.3178571428573,1211.7623999999998,50.36487618136134,0.12032838491859366,1.253475892948661,12.176428571428541,1221.55,0
11/20/2018,1221.55,1224.37,1229.17,1219.67,-0.2,1219.8185714285714,1212.2276,54.540743619639855,0.4047380285392137,1.0837283200667713,12.0135714285714,1226.02,1
11/21/2018,1226.02,1221.55,1230.15,1219.23,0.37,1219.302857142857,1212.6242,44.26620076238878,0.9795348942984674,1.0628896349131105,11.12999999999998,1227.45,1
11/22/2018,1227.45,1226.69,1229.8,1225.3,0.12,1218.9142857142856,1213.1444000000001,45.75265459088065,1.5327856022945525,1.156868828389399,10.955714285714262,1223.19,0
11/23/2018,1223.19,1227.33,1229.27,1220.53,-0.35,1218.3350000000003,1213.7340000000002,43.921451056813126,1.6089474321800026,1.2472845491475197,10.967142857142838,1222.37,0
11/26/2018,1222.37,1224.0,1228.13,1221.14,-0.07,1218.0185714285712,1214.1628,46.48580041250193,1.5848696928344452,1.314801577884905,10.544999999999991,1214.69,0
11/27/2018,1214.69,1222.65,1225.6,1211.74,-0.63,1217.202857142857,1214.4896,41.84518708940311,0.9352946014059853,1.2389001825891213,10.612142857142837,1221.11,1
11/28/2018,1221.11,1214.64,1226.32,1210.73,0.53,1217.0292857142856,1214.8319999999999,48.3552186273182,0.9278463719233514,1.1766894204559675,11.19571428571427,1223.99,1
11/29/2018,1223.99,1221.43,1229.35,1220.49,0.24,1218.0571428571427,1215.1602,61.455182295812904,1.1411807064093864,1.1695876776466512,10.58214285714283,1221.97,0
11/30/2018,1221.97,1223.97,1225.65,1216.24,-0.17,1219.58,1215.6086,69.07659269863993,1.1341784817882399,1.162505838474969,10.449285714285695,1231.08,1
12/03/2018,1231.08,1223.12,1234.94,1221.09,0.75,1221.6321428571428,1216.253,72.69710854795389,1.8424909441871478,1.2985028596174049,10.775714285714278,1238.55,1
12/04/2018,1238.55,1231.35,1242.24,1230.41,0.61,1223.6064285714285,1216.9978,72.21864951768485,2.972336993711224,1.6332696864361687,10.248571428571413,1237.56,0
12/05/2018,1237.56,1238.54,1239.35,1232.96,-0.08,1225.3607142857143,1217.8598000000002,70.09819967266775,3.7446968673418723,2.055555122617309,10.07642857142855,1237.99,1
12/06/2018,1237.99,1237.87,1244.7,1234.64,0.03,1226.5407142857143,1218.9636,65.56728232189974,4.341449510586926,2.512734000211233,9.8742857142857,1248.1,1
12/07/2018,1248.1,1238.32,1250.42,1237.49,0.82,1228.2585714285713,1220.0838,69.84650932497111,5.5660112736925385,3.1233894549074943,10.244999999999989,1244.59,0
12/10/2018,1244.59,1250.43,1250.62,1241.21,-0.28,1229.9042857142856,1221.2061999999999,68.7012987012987,6.181995432550821,3.7351106504361598,10.238571428571406,1242.94,0
12/11/2018,1242.94,1244.53,1249.62,1240.55,-0.13,1231.112857142857,1222.003,64.39265056141556,6.462530081997784,4.280594536748485,10.10642857142854,1245.8,1
12/12/2018,1245.8,1243.25,1247.56,1241.95,0.23,1232.4235714285714,1222.9716,65.23833250290653,6.836823267951559,4.791840282989099,10.185714285714246,1242.46,0
12/13/2018,1242.46,1246.02,1247.13,1240.23,-0.27,1233.8,1223.8275999999998,66.25063248439884,6.785721652753637,5.190616556942007,10.054285714285681,1238.21,0
12/14/2018,1238.21,1242.41,1243.11,1232.48,-0.34,1234.9314285714286,1224.5346,62.62755102040841,6.329323274433364,5.418357900440278,10.314285714285672,1245.91,1
12/17/2018,1245.91,1237.25,1248.18,1235.47,0.62,1237.1614285714288,1225.6926,74.88045903729699,6.5138621714822875,5.63745875464868,10.232142857142824,1249.38,1
12/18/2018,1249.38,1246.01,1250.36,1244.44,0.28,1239.1807142857142,1226.8878,73.64107710319479,6.86102099770028,5.882171203259,9.541428571428535,1243.39,0
12/19/2018,1243.39,1249.67,1258.41,1241.54,-0.48,1240.5664285714286,1227.86,65.42130365659793,6.576988499749177,6.021134662557036,10.113571428571406,1260.14,1
12/20/2018,1260.14,1243.7,1266.79,1242.89,1.35,1243.292857142857,1228.5762,74.58456782171857,7.615686816172001,6.340045093280029,11.14857142857139,1256.01,0
12/21/2018,1256.01,1260.1,1262.84,1253.37,-0.33,1245.0735714285715,1229.3378,67.15760495526504,8.013234650222103,6.674683004668443,10.835714285714241,1269.13,1
12/24/2018,1269.13,1259.09,1270.13,1258.34,1.04,1247.2578571428571,1230.1817999999998,69.52745849297584,9.27999452419067,7.195745308572889,10.999285714285682,1266.98,0
12/26/2018,1266.98,1270.33,1279.14,1264.34,-0.17,1249.3592857142855,1231.0328,68.51245909891773,9.995205314061195,7.755637309670551,11.59999999999999,1275.22,1
12/27/2018,1275.22,1266.89,1279.04,1266.09,0.65,1252.0185714285715,1232.0836,71.33035407356482,11.09897211166276,8.424304270068994,11.806428571428569,1280.75,1
12/28/2018,1280.75,1275.22,1282.17,1273.98,0.43,1254.3507142857143,1233.1836,69.74241141613258,12.278402256659092,9.195123867387014,11.46785714285714,1282.82,1
12/31/2018,1282.82,1280.08,1284.18,1277.09,0.16,1257.0814285714284,1234.3136,73.52615384615386,13.227660606651625,10.001631215239938,11.302142857142874,1282.62,0
01/01/2019,1282.62,1283.13,1283.24,1282.62,-0.02,1259.9157142857143,1235.5226,74.86215538847102,13.80468454916263,10.762241882024478,10.698571428571459,1284.77,1
01/02/2019,1284.77,1281.62,1288.69,1278.33,0.17,1262.6992857142857,1236.6082000000001,74.63649007459846,14.27096046367501,11.463985598354586,11.03785714285719,1293.99,1
01/03/2019,1293.99,1285.12,1295.27,1284.16,0.72,1266.3799999999999,1237.8036,80.32246675297145,15.209142898536129,12.213017058390896,11.338571428571461,1284.92,0
01/04/2019,1284.92,1294.06,1298.51,1276.49,-0.7,1269.7164285714287,1238.8573999999999,76.01069161376535,15.047329787404124,12.779879604193543,12.152142857142897,1288.67,1
01/07/2019,1288.67,1285.78,1295.14,1282.29,0.29,1272.7707142857141,1239.9589999999998,74.9068033550791,15.048218890791986,13.233547461513231,12.162142857142905,1285.35,0
01/08/2019,1285.35,1289.13,1290.69,1279.2,-0.26,1275.3400000000001,1241.0712,70.98844672657229,14.612582502953046,13.509354469801194,12.56000000000006,1293.13,1
01/09/2019,1293.13,1285.36,1293.95,1279.63,0.61,1278.8928571428573,1242.465,78.42935528120691,14.7253735665779,13.752558289156536,12.37785714285719,1286.38,0
01/10/2019,1286.38,1293.11,1297.14,1285.81,-0.52,1280.7671428571427,1243.9017999999999,66.93340216830134,14.107470570083706,13.823540745341969,11.480000000000066,1288.0,1
01/11/2019,1288.0,1286.72,1295.65,1286.25,0.13,1283.0521428571428,1244.997,71.33520074696533,13.591820409638785,13.777196678201332,11.47500000000007,1291.73,1
01/14/2019,1291.73,1287.16,1295.9,1287.16,0.29,1284.6664285714285,1246.1738,67.23086306800838,13.330478313453796,13.687853005251826,11.09071428571435,1289.31,0
01/15/2019,1289.31,1291.76,1294.7,1286.37,-0.19,1286.2614285714285,1247.3339999999998,66.95520121488215,12.780760394067102,13.506434483014882,10.62857142857149,1293.52,1
01/16/2019,1293.52,1289.13,1295.02,1287.59,0.33,1287.5685714285714,1248.6684,64.80103526366858,12.540260481225005,13.313199682656906,10.234285714285777,1291.9,0
01/17/2019,1291.9,1293.99,1295.84,1288.96,-0.13,1288.365,1249.9842,59.62700742531518,12.079694903001382,13.066498726725802,10.140714285714337,1281.49,0
01/18/2019,1281.49,1292.18,1292.86,1280.64,-0.81,1288.27,1251.1432,48.9962264150944,10.75076523455823,12.603352028292289,10.507142857142883,1280.28,0
01/21/2019,1280.28,1281.75,1284.29,1277.06,-0.09,1288.1028571428571,1252.5568,48.260481712756544,9.490540961737452,11.980789814981321,10.979285714285734,1285.04,1
01/22/2019,1285.04,1279.73,1285.84,1277.25,0.37,1288.1221428571428,1254.2446,50.193215972520385,8.774746548994699,11.339581161783997,10.852857142857147,1282.39,0
01/23/2019,1282.39,1285.34,1286.92,1278.38,-0.21,1287.2935714285716,1255.8454000000002,40.83728278041084,7.902545837598154,10.65217409694683,10.669285714285722,1280.94,0
01/24/2019,1280.94,1282.74,1285.15,1276.97,-0.11,1287.0092857142859,1257.246,46.42600574712643,7.013470683796413,9.924433414316747,9.6807142857143,1303.22,1
01/25/2019,1303.22,1280.94,1303.69,1279.39,1.74,1288.0485714285714,1259.0503999999999,59.803261016035506,8.014298176586408,9.54240636677068,10.498571428571429,1303.53,1
01/28/2019,1303.53,1303.49,1304.49,1297.26,0.02,1289.347142857143,1260.6916,62.766853932584304,8.73182059200235,9.380289211817013,10.194285714285716,1311.93,1
01/29/2019,1311.93,1303.53,1312.05,1302.12,0.64,1290.69,1262.4492,63.08827624617096,9.864559571692553,9.47714328379212,9.880714285714296,1319.91,1
01/30/2019,1319.91,1312.27,1323.74,1308.81,0.61,1293.0850000000003,1264.4164,72.95003422313484,11.276197694564644,9.836954165946626,10.137857142857147,1320.94,1
01/31/2019,1320.94,1320.18,1326.68,1317.55,0.08,1295.4378571428572,1266.3148,72.72978194866135,12.335843543600276,10.336732041477356,10.118571428571434,1318.0,0
02/01/2019,1318.0,1320.95,1323.58,1315.66,-0.22,1297.314285714286,1268.1258,68.32705455560203,12.790941077248135,10.827573848631513,10.059999999999993,1311.75,0
02/04/2019,1311.75,1317.55,1318.8,1308.26,-0.47,1298.9171428571428,1269.897,64.86092715231791,12.503157765123206,11.162690631929852,10.217857142857124,1315.01,1
02/05/2019,1315.01,1311.75,1316.86,1310.3,0.25,1300.452142857143,1271.7498,64.41314553990611,12.395257360864434,11.40920397771677,10.155714285714257,1306.22,0
02/06/2019,1306.22,1315.03,1315.88,1305.38,-0.67,1301.475,1273.5803999999998,58.761625061184496,11.46826693176331,11.42101656852608,10.414285714285695,1310.09,1
02/07/2019,1310.09,1305.87,1311.99,1302.17,0.3,1303.517857142857,1275.36,69.02101622772011,10.920017827119636,11.32081682024479,10.242857142857133,1314.07,1
02/08/2019,1314.07,1310.14,1315.72,1307.23,0.3,1305.9314285714286,1277.1616000000001,71.67415009621556,10.683526160209567,11.193358688237746,10.332857142857133,1308.33,0
02/11/2019,1308.33,1314.22,1314.88,1303.58,-0.44,1307.595,1278.8888,64.7535791207399,9.918599342428479,10.938406819075894,10.52642857142858,1310.89,1
02/12/2019,1310.89,1308.55,1315.12,1306.64,0.2,1309.6307142857145,1280.485,68.07458143074578,9.410481757643538,10.632821806789423,10.522142857142853,1306.19,0
02/13/2019,1306.19,1310.88,1318.19,1304.5,-0.36,1311.4342857142856,1281.8378,65.37946156657324,8.530213202525374,10.212300085936613,10.915714285714282,1312.55,1
02/14/2019,1312.55,1306.16,1314.43,1302.63,0.49,1312.1007142857145,1283.3375999999998,57.050022668883116,8.250684127119257,9.819976894173143,10.022857142857138,1321.41,1
02/15/2019,1321.41,1312.98,1322.98,1311.16,0.68,1313.3778571428572,1285.006,61.964668094218446,8.64443560220434,9.584868635779383,10.350714285714275,1326.9,1
02/18/2019,1326.9,1321.95,1328.39,1321.11,0.42,1314.4471428571428,1286.5819999999999,60.423339367776066,9.292366978955215,9.52636830441455,10.161428571428571,1341.16,1
02/19/2019,1341.16,1325.9,1341.87,1322.33,1.07,1315.965,1288.5134,63.60609553079777,10.83165945955534,9.787426535442709,10.490714285714278,1338.49,0
02/20/2019,1338.49,1341.25,1346.81,1336.63,-0.2,1317.2185714285715,1290.4244,61.005894895271474,11.701228674161484,10.170186963186465,10.56571428571426,1323.49,0
02/21/2019,1323.49,1338.89,1341.88,1322.24,-1.12,1317.6107142857143,1291.9782,52.99052184333805,11.052586563962222,10.346666883341616,11.402857142857133,1327.8,1
02/22/2019,1327.8,1323.52,1333.17,1321.16,0.33,1318.757142857143,1293.685,58.93155258764604,10.762253439857886,10.42978419464487,11.507857142857135,1327.12,0
02/25/2019,1327.12,1328.57,1332.59,1325.03,-0.05,1319.6221428571428,1295.4632000000001,56.938237653259925,10.357892690889003,10.415405893893698,11.579285714285707,1328.96,1
02/26/2019,1328.96,1327.44,1330.59,1323.61,0.14,1321.2464285714286,1297.1242,64.15587649402384,10.069827799920176,10.346290275098994,11.327857142857138,1319.88,0
02/27/2019,1319.88,1328.91,1329.63,1316.51,-0.68,1321.9457142857143,1298.5342,55.723138080205864,9.005049577082673,10.07804213549573,11.563571428571436,1313.05,0
02/28/2019,1313.05,1320.18,1327.42,1312.54,-0.52,1321.8728571428571,1299.9274,49.42294636795657,7.523356672271348,9.567105042850855,12.020000000000014,1293.56,0
03/01/2019,1293.56,1312.81,1315.33,1290.16,-1.48,1320.8178571428573,1300.5958,42.76901987662788,4.721992069672297,8.598082448215143,13.010714285714275,1286.66,0
03/04/2019,1286.66,1293.62,1297.11,1282.75,-0.53,1319.087142857143,1301.2088,38.621207851977104,1.92295151698454,7.263056261969022,13.430714285714284,1287.43,1
03/05/2019,1287.43,1286.67,1289.75,1280.95,0.06,1317.747142857143,1301.5748,40.852350302321064,-0.23051844899009666,5.764341319777199,13.081428571428562,1286.76,0
03/06/2019,1286.76,1287.62,1291.07,1283.45,-0.05,1315.9050000000002,1301.9704,36.68559628291178,-1.9685303203493731,4.217766991751885,12.782857142857129,1285.74,0
03/07/2019,1285.74,1286.71,1289.06,1281.16,-0.08,1313.357142857143,1302.1808,29.9629255139872,-3.3891546603560982,2.696382661330289,12.502857142857124,1298.39,1
03/08/2019,1298.39,1285.91,1300.99,1285.29,0.98,1311.3207142857143,1302.5336,35.177290215243886,-3.4544397739182386,1.4662181742805838,13.104285714285684,1294.25,0
03/11/2019,1294.25,1298.7,1299.27,1290.15,-0.32,1307.97,1302.7622000000001,22.742591516560225,-3.7964786546419873,0.41367880849606953,12.359999999999966,1302.01,1
03/12/2019,1302.01,1293.71,1302.19,1292.06,0.6,1305.3642857142856,1303.15,29.986833443054707,-3.402161781652012,-0.3494893095335468,12.356428571428555,1309.28,1
03/13/2019,1309.28,1302.01,1311.33,1300.56,0.56,1304.349285714286,1303.6402,41.48183671022661,-2.474509966270489,-0.7744934408809352,11.72285714285712,1296.28,0
03/14/2019,1296.28,1309.61,1310.46,1292.75,-0.99,1302.097857142857,1303.6860000000001,32.88816503800224,-2.7565547266835893,-1.170905698041466,12.12999999999998,1301.38,1
03/15/2019,1301.38,1295.74,1306.58,1293.66,0.39,1300.2592857142859,1304.0152,36.66597596353105,-2.5392786304068977,-1.4445802845145526,12.512857142857115,1303.7,1
03/18/2019,1303.7,1301.64,1306.78,1298.12,0.18,1298.455,1304.3158,36.979381443299005,-2.1550391973646583,-1.5866720670845738,12.63285714285712,1306.55,1
03/19/2019,1306.55,1303.45,1311.07,1302.45,0.22,1297.5028571428572,1304.7398,42.65726561639302,-1.6020876279171716,-1.5897551792510933,12.311428571428532,1312.48,1
03/20/2019,1312.48,1305.61,1316.83,1298.5,0.45,1297.462142857143,1305.1268,49.68287526427065,-0.6775576219065442,-1.4073156677821834,12.55785714285709,1309.45,0
03/21/2019,1309.45,1312.64,1320.47,1303.25,-0.23,1298.597142857143,1305.5882000000001,60.82277618853023,-0.18719869842948356,-1.1632922739116436,11.989999999999961,1313.38,1
03/22/2019,1313.38,1309.14,1315.08,1306.81,0.3,1300.5057142857142,1306.0958,68.96649630891534,0.512623235331148,-0.8281091720630853,11.554999999999966,1321.9,1
03/25/2019,1321.9,1313.05,1324.43,1310.8,0.65,1302.9678571428572,1306.6992,72.04246067272024,1.7347330326042538,-0.3155407311296175,11.899999999999977,1315.51,0
03/26/2019,1315.51,1321.51,1323.24,1312.51,-0.48,1305.0214285714285,1307.2232000000001,67.13145036348462,2.162713836363764,0.18011018236905885,12.122142857142844,1309.87,0
03/27/2019,1309.87,1315.81,1319.57,1308.07,-0.43,1306.7450000000001,1307.5502000000001,63.62814865017495,2.0234655904619103,0.5487812639876292,12.379285714285711,1290.55,0
03/28/2019,1290.55,1309.85,1312.63,1288.7,-1.47,1306.185,1307.5231999999999,45.88235294117641,0.350111943781485,0.5090473999464004,12.967142857142855,1292.15,1
03/29/2019,1292.15,1290.14,1299.82,1286.6,0.12,1306.0349999999999,1307.7364,48.866824951435405,-0.8372746676493534,0.23978298642724963,13.260000000000007,1287.66,0
04/01/2019,1287.66,1291.33,1297.04,1286.5,-0.35,1305.01,1307.884,41.97337509788575,-2.1161983698514177,-0.23141328482848383,13.289285714285711,1293.15,1
04/02/2019,1293.15,1287.55,1293.15,1285.16,0.43,1303.857857142857,1308.0462,40.794429859605174,-2.656139180752234,-0.716358464013234,13.090714285714284,1289.9,0
04/03/2019,1289.9,1292.21,1294.67,1288.2,-0.25,1303.402142857143,1308.1964,45.90290264577456,-3.308159597489066,-1.2347186907084007,12.28785714285714,1292.38,1
04/04/2019,1292.38,1289.95,1294.36,1280.84,0.19,1302.7592857142856,1308.4252,44.01913875598088,-3.583467222026684,-1.7044683969720573,12.330714285714294,1291.7,0
04/05/2019,1291.7,1292.46,1293.77,1284.46,-0.05,1301.902142857143,1308.1948000000002,41.84782608695656,-3.8125718598039384,-2.126089089538434,12.377142857142855,1297.41,1
04/08/2019,1297.41,1291.65,1303.86,1291.35,0.44,1301.2492857142856,1308.0724,44.02301857180237,-3.493123107523161,-2.3994958931353794,12.655000000000005,1304.13,1
04/09/2019,1304.13,1297.24,1306.34,1296.55,0.52,1300.652857142857,1307.9164,44.595469255663524,-2.66696669924022,-2.4529900543563476,12.045000000000007,1308.05,1
04/10/2019,1308.05,1303.96,1310.75,1300.89,0.3,1300.552857142857,1307.6792,49.10417199897614,-1.676593824383417,-2.2977108083617614,11.519285714285713,1292.6,0
04/11/2019,1292.6,1307.95,1309.36,1289.45,-1.18,1299.0685714285717,1307.1124,38.411777827347684,-2.1140328104713717,-2.2609752087836834,12.350714285714275,1290.4,0
04/12/2019,1290.4,1292.3,1296.05,1290.11,-0.17,1296.8185714285714,1306.5603999999998,31.10151187904971,-2.6081626963180042,-2.3304127062905478,11.801428571428557,1287.88,0
04/15/2019,1287.88,1290.45,1292.01,1282.21,-0.2,1294.845,1306.083,32.616081540203936,-3.1666044849864647,-2.497651062029731,11.734999999999982,1276.57,0
04/16/2019,1276.57,1287.91,1289.0,1273.1,-0.88,1292.4664285714284,1305.3142,30.443974630021188,-4.470265664313729,-2.8921739824865305,12.049285714285702,1274.14,0
04/17/2019,1274.14,1276.86,1280.06,1272.93,-0.19,1291.2942857142857,1304.6726,37.97802197802208,-5.63455558356668,-3.4406503027025606,10.849285714285688,1275.39,1
04/18/2019,1275.39,1273.38,1277.95,1271.02,0.1,1290.097142857143,1303.9786,37.658321060382896,-6.382821980889503,-4.029084638339949,10.399999999999977,1274.92,0
04/22/2019,1274.92,1275.83,1279.96,1273.45,-0.04,1289.1871428571428,1303.1956,40.02817783343767,-6.933824748240568,-4.610032660320073,10.112142857142837,1272.4,0
04/23/2019,1272.4,1275.26,1276.66,1266.15,-0.2,1287.7050000000002,1302.4769999999999,32.96667213922177,-7.487529768264949,-5.185532081909049,10.292142857142835,1275.36,1
04/24/2019,1275.36,1272.31,1278.74,1268.55,0.23,1286.6664285714285,1301.7664,38.00725833058373,-7.599890911950524,-5.668403847917344,10.557857142857122,1277.35,1
04/25/2019,1277.35,1275.6,1282.78,1273.5,0.16,1285.5928571428572,1301.1896000000002,37.50207882920315,-7.442568264844567,-6.023236731302789,10.25499999999998,1286.25,1
04/26/2019,1286.25,1277.42,1288.99,1276.05,0.7,1285.2035714285716,1300.6636,46.01316752011699,-6.524522677911364,-6.1234939206245045,10.514285714285702,1279.8,0
04/29/2019,1279.8,1286.4,1286.81,1277.78,-0.5,1283.9457142857143,1299.8314,37.25575336517571,-6.245432572161235,-6.1478816509318515,10.265714285714271,1283.6,1
04/30/2019,1283.6,1279.98,1286.39,1279.54,0.3,1282.4792857142857,1298.9654,34.48692761069947,-5.652465308999126,-6.048798382545307,10.055714285714284,1276.61,0
05/01/2019,1276.61,1283.46,1287.21,1272.99,-0.54,1280.2335714285714,1297.6744,27.296360485268522,-5.681081096447542,-5.975254925325754,10.367142857142865,1270.54,0
05/02/2019,1270.54,1276.81,1278.18,1266.1,-0.48,1278.657857142857,1296.3154000000002,31.573671901102514,-6.122975732238274,-6.004799086708259,9.807857142857172,1279.19,1
05/03/2019,1279.19,1270.61,1282.67,1268.81,0.68,1277.857142857143,1295.4294,41.547277936962715,-5.709383486977458,-5.945715966762099,10.373571428571463,1280.33,1
05/06/2019,1280.33,1281.06,1285.76,1276.6,0.09,1277.3178571428573,1294.48,44.18604651162775,-5.229339608360533,-5.802440695081786,10.327857142857185,1285.15,1
05/07/2019,1285.15,1281.55,1286.74,1278.5,0.38,1277.9307142857142,1293.6406,57.34086242299811,-4.40914181618632,-5.523780919302693,9.780714285714323,1280.93,0
05/08/2019,1280.93,1284.16,1291.79,1279.35,-0.33,1278.4157142857143,1292.68,55.63672588411087,-4.05292825461197,-5.2296103863645484,10.16000000000005,1284.14,1
05/09/2019,1284.14,1280.49,1288.52,1279.41,0.25,1279.0407142857146,1291.9652,57.03489306962534,-3.471587962727426,-4.878005901637124,10.315714285714323,1286.0,1
05/10/2019,1286.0,1284.36,1289.73,1283.21,0.14,1279.832142857143,1291.4242,58.713431896822854,-2.828183597715679,-4.468041440852835,10.316428571428608,1299.9,1
05/13/2019,1299.9,1286.56,1301.35,1281.6,1.08,1281.7964285714284,1291.5510000000002,68.34311632870863,-1.183029937405081,-3.8110391401632837,10.97642857142861,1297.03,0
05/14/2019,1297.03,1300.11,1303.51,1293.33,-0.22,1283.3442857142857,1291.7584,64.47175103512754,-0.10955593075209435,-3.070742498281046,10.975714285714323,1296.66,0
05/15/2019,1296.66,1297.17,1301.02,1292.7,-0.03,1284.7235714285714,1291.943,63.18088737201373,0.7032177887706439,-2.315950440870708,10.907142857142892,1286.65,0
05/16/2019,1286.65,1296.75,1298.92,1283.95,-0.77,1284.7521428571429,1291.9408,50.2689618074234,0.5334739190091113,-1.7460655688947442,11.052142857142892,1277.55,0
05/17/2019,1277.55,1286.5,1289.29,1274.91,-0.71,1284.5914285714284,1291.777,48.53915075964161,-0.3315216931289342,-1.4631567937415824,11.43428571428574,1277.74,1
05/20/2019,1277.74,1277.8,1279.14,1273.47,0.01,1284.1728571428573,1291.364,46.00817438692107,-0.9902900879023946,-1.3685834525737448,11.350000000000023,1274.97,0
05/21/2019,1274.97,1277.95,1278.06,1269.22,-0.22,1284.0557142857144,1290.9784,48.81468632552771,-1.7161024759680004,-1.438087257252596,10.9657142857143,1273.62,0
05/22/2019,1273.62,1274.61,1277.42,1272.15,-0.11,1284.2757142857142,1290.4106000000002,52.38907849829344,-2.3728944896838584,-1.6250487037388486,10.479285714285718,1283.45,1
05/23/2019,1283.45,1273.8,1287.63,1272.58,0.77,1284.5800000000002,1289.894,53.244972577696494,-2.0762740504048907,-1.715293773072057,10.56428571428572,1284.89,1
05/24/2019,1284.89,1283.4,1285.42,1280.45,0.11,1284.9057142857143,1289.6662,53.457688808007376,-1.705346081734433,-1.7133042348045324,10.265000000000002,1285.2,1
05/27/2019,1285.2,1285.8,1287.72,1283.8,0.02,1284.909285714286,1289.3426000000002,50.04069672798304,-1.3705695127564468,-1.6447572903949153,9.956428571428578,1279.49,0
05/28/2019,1279.49,1285.59,1286.86,1276.07,-0.44,1284.8064285714286,1288.8584,48.85568976478064,-1.5481597277992023,-1.6254377778757727,9.838571428571429,1279.6,1
05/29/2019,1279.6,1279.71,1285.77,1278.87,0.01,1284.482142857143,1288.3194,46.20528251420916,-1.6608795859915517,-1.6325261394989286,9.6807142857143,1288.85,1
05/30/2019,1288.85,1279.71,1289.22,1274.79,0.72,1284.685714285714,1287.8468,52.120220205326504,-0.9923737246210749,-1.504495656523358,10.245714285714305,1305.65,1
05/31/2019,1305.65,1288.35,1307.04,1288.09,1.3,1285.0964285714288,1287.7708,54.10069890172582,0.8828644713203175,-1.027023630954623,10.188571428571452,1325.17,1
06/03/2019,1325.17,1307.55,1328.3,1306.7,1.5,1287.1064285714285,1288.0066,66.21715076071919,3.8991580496638107,-0.04178729483093624,11.079285714285723,1325.28,1
06/04/2019,1325.28,1325.05,1329.38,1319.98,0.01,1289.150714285714,1288.0742,66.54335260115592,6.2266911033557335,1.2119083848063978,11.156428571428592,1330.18,1
06/05/2019,1330.18,1325.5,1344.26,1324.6,0.37,1292.26,1288.3676,76.7416144489493,8.370180634272629,2.6435628346996443,11.491428571428596,1335.55,1
06/06/2019,1335.55,1332.36,1340.43,1327.8,0.4,1296.4028571428573,1288.8812,87.34226113829499,10.38254216836117,4.19135870143195,11.366428571428612,1340.7,1
06/07/2019,1340.7,1335.6,1348.48,1330.08,0.39,1300.8999999999999,1289.8842,88.10215444202359,12.251685339873575,5.803424029120276,12.275714285714328,1328.13,0
06/10/2019,1328.13,1335.96,1337.84,1324.9,-0.94,1304.6971428571428,1290.6038,78.76000865613499,12.573758362114177,7.1574908957190555,12.772857142857188,1326.91,0
06/11/2019,1326.91,1328.26,1330.06,1319.6,-0.09,1308.5035714285714,1291.3888,78.8709502654676,12.585482144643038,8.243089145503852,13.143571428571477,1333.55,1
06/12/2019,1333.55,1326.78,1338.62,1326.18,0.5,1312.0821428571428,1292.1968000000002,78.11447811447809,12.980929756087107,9.190657267620503,12.95714285714288,1342.35,1
06/13/2019,1342.35,1334.0,1343.43,1332.27,0.66,1316.1864285714287,1293.2458,79.78436657681937,13.844816861850177,10.121489186466437,13.39928571428574,1341.58,0
06/14/2019,1341.58,1341.55,1358.29,1337.83,-0.06,1320.2135714285712,1294.2298,79.08584399504744,14.30245129671448,10.957681608516046,14.58071428571431,1339.54,0
06/17/2019,1339.54,1341.91,1343.38,1332.7,-0.15,1324.5028571428572,1295.1866,82.19839142091158,14.33527085341234,11.633199457495305,14.572857142857174,1346.48,1
06/18/2019,1346.48,1340.09,1354.6,1338.65,0.52,1329.28,1296.1680000000001,83.41326938449248,14.751237504917299,12.256807066979704,15.219285714285727,1360.27,1
06/19/2019,1360.27,1346.56,1362.5,1341.15,1.02,1334.3814285714286,1297.2908,84.13305295354624,16.00908901245066,13.007263456073895,15.713571428571429,1388.18,1
06/20/2019,1388.18,1360.36,1393.24,1357.8,2.05,1340.2764285714286,1298.8934000000002,85.65626890175413,19.03858419342464,14.213527603544046,16.891428571428573,1399.05,1
06/21/2019,1399.05,1388.22,1411.18,1382.4,0.78,1345.5535714285713,1301.0223999999998,84.49757190885323,22.06227888856438,15.783277860548115,17.329285714285724,1419.55,1
06/24/2019,1419.55,1401.35,1421.3,1400.48,1.47,1352.287142857143,1303.6054000000001,86.97732799874485,25.815176112522295,17.789657510942952,18.247142857142858,1423.25,1
06/25/2019,1423.25,1419.17,1439.03,1412.3,0.26,1358.935,1306.3128,86.85356775164335,28.756446859355265,19.983015380625417,18.752142857142854,1408.75,0
06/26/2019,1408.75,1423.91,1424.06,1402.38,-1.02,1364.1635714285712,1308.9564,77.03101920236341,29.576457309331317,21.901703766366598,19.398571428571408,1409.68,1
06/27/2019,1409.68,1409.56,1412.0,1400.25,0.07,1369.0907142857143,1311.6672,76.29211770086907,29.956050028721847,23.51257301883765,18.9235714285714,1409.5,0
06/28/2019,1409.5,1409.56,1424.64,1406.81,-0.01,1374.902857142857,1314.3494,84.24951595252122,29.89771327008225,24.789601069086572,19.068571428571413,1384.31,0
07/01/2019,1384.31,1392.83,1397.56,1381.76,-1.79,1379.0028571428572,1316.5372,70.1036704959372,27.501834461802673,25.332047747629794,20.30285714285713,1418.44,1
07/02/2019,1418.44,1383.4,1419.72,1383.4,2.47,1385.0664285714286,1319.4579999999999,74.9309838472834,28.033931299055894,25.872424457915017,22.008571428571422,1418.94,1
07/03/2019,1418.94,1419.95,1436.39,1412.48,0.04,1390.537142857143,1322.3296,73.64618709478235,28.171227324834945,26.332185031299005,22.919285714285706,1415.64,0
07/04/2019,1415.64,1419.8,1422.0,1410.59,-0.23,1395.827142857143,1325.0954000000002,72.51337548638135,27.69450794531872,26.60464961410295,22.272857142857138,1399.95,0
07/05/2019,1399.95,1415.81,1424.36,1386.92,-1.11,1400.142142857143,1327.3694,66.95671700443495,25.753778996178426,26.434475490518047,24.184285714285693,1395.5,0
07/08/2019,1395.5,1399.95,1407.9,1391.75,-0.32,1403.6435714285715,1329.6834,63.9546800273286,23.58478874832008,25.864538142078455,24.198571428571427,1397.9,1
07/09/2019,1397.9,1395.3,1399.9,1386.21,0.17,1406.3314285714284,1331.9694,61.455098934550996,21.808117884632793,25.053254090589324,23.65142857142858,1419.0,1
07/10/2019,1419.0,1397.8,1419.2,1389.75,1.51,1408.532857142857,1334.8172,59.787855691056876,21.850804610978685,24.412764194667197,23.223571428571436,1404.0,0
07/11/2019,1404.0,1419.4,1426.4,1401.6,-1.06,1408.8864285714285,1337.4863999999998,51.53184378288049,20.43865541240666,23.617942438215092,22.939285714285738,1415.74,1
07/12/2019,1415.74,1403.85,1416.88,1403.06,0.84,1408.6142857142859,1340.2174,48.75335383809963,20.035875779195976,22.90152910641127,22.33714285714289,1414.08,0
07/15/2019,1414.08,1415.9,1419.75,1407.76,-0.12,1407.9592857142857,1342.8924,46.95894408701996,19.35955696936776,22.193134679002572,21.284285714285748,1406.33,0
07/16/2019,1406.33,1414.69,1418.43,1401.18,-0.55,1407.7864285714288,1345.316,49.159838911262305,17.99082220987998,21.352672185178054,20.967857142857188,1426.8,1
07/17/2019,1426.8,1406.41,1427.0,1399.95,1.46,1409.0092857142859,1348.2334000000003,55.23355343604789,18.34636252982682,20.751410254107807,22.06071428571433,1446.3,1
07/18/2019,1446.3,1426.9,1448.3,1414.66,1.37,1411.6378571428572,1351.4765999999997,60.06124234470688,19.971399959644714,20.595408195215192,23.190000000000023,1425.3,0
07/19/2019,1425.3,1446.38,1452.98,1420.29,-1.45,1414.5657142857142,1354.2625999999998,61.46958419609378,19.341769456400698,20.344680447452294,23.543571428571454,1425.12,0
07/22/2019,1425.12,1425.15,1429.83,1422.35,-0.01,1415.0428571428572,1356.767,52.307586016305045,18.613691205068108,19.99848259897546,21.48357142857146,1417.39,0
07/23/2019,1417.39,1425.15,1429.25,1414.2,-0.54,1414.9321428571427,1359.1742000000002,49.49003092715669,17.21449951294062,19.441685981768494,20.850714285714307,1425.9,1
07/24/2019,1425.9,1417.26,1429.3,1416.2,0.6,1415.6649999999997,1361.759,53.263774017050515,16.6009504719525,18.873538879805295,20.971428571428582,1414.53,0
07/25/2019,1414.53,1426.6,1433.86,1411.17,-0.8,1416.7064285714284,1364.3166,54.769069737014235,15.024056488591896,18.103642401562617,19.91785714285715,1418.69,1
07/26/2019,1418.69,1414.59,1424.8,1413.77,0.29,1418.362857142857,1367.1394,57.59979026020844,13.949235772413886,17.272761075732873,19.552142857142858,1426.94,1
07/29/2019,1426.94,1419.04,1428.25,1416.86,0.58,1420.437142857143,1370.1234,59.16550940537809,13.606293778001827,16.539467616186666,19.387857142857147,1430.85,1
07/30/2019,1430.85,1426.71,1433.03,1421.91,0.27,1421.2835714285716,1373.2409999999998,54.195284288040746,13.494458383200481,15.93046576958943,18.078571428571422,1413.8,0
07/31/2019,1413.8,1430.91,1432.94,1411.35,-1.19,1421.9835714285714,1376.0446,53.41987716359574,11.892941098006531,15.12296083527285,17.849285714285706,1445.31,1
08/01/2019,1445.31,1411.21,1445.81,1400.56,2.23,1424.0957142857144,1379.2818,59.06777062250841,13.016277229572097,14.7016241141327,20.094285714285693,1440.7,0
08/02/2019,1440.7,1445.66,1448.05,1430.08,-0.32,1425.9971428571428,1382.398,58.01807228915666,13.38030095396607,14.437359482099374,20.52142857142855,1463.8,1
08/05/2019,1463.8,1440.6,1469.8,1436.9,1.6,1430.1021428571428,1385.97,65.84505100634136,15.355757707221073,14.621039127123714,21.639285714285684,1474.27,1
08/06/2019,1474.27,1464.2,1475.21,1456.65,0.72,1433.4928571428572,1389.8656,63.851765392471584,17.56369952008754,15.209571205716479,21.032857142857114,1501.2,1
08/07/2019,1501.2,1474.25,1510.4,1472.36,1.83,1437.4142857142856,1394.2975999999999,65.354066450386,21.24167445016724,16.41599185460663,21.34714285714285,1500.95,0
08/08/2019,1500.95,1501.95,1510.35,1490.74,-0.02,1442.8178571428573,1398.5395999999998,73.93532873505038,23.861265356068316,17.905046554898966,20.412857142857124,1497.24,0
08/09/2019,1497.24,1501.4,1508.4,1494.62,-0.25,1447.9692857142857,1402.3713999999998,72.31988115870273,25.345773725579647,19.393191989035103,20.862857142857138,1511.4,1
08/12/2019,1511.4,1497.51,1517.71,1487.68,0.95,1454.6842857142856,1406.0959999999998,77.9808321923924,27.349582006814444,20.984469992590974,21.932857142857138,1501.39,0
08/13/2019,1501.39,1510.61,1534.56,1481.31,-0.66,1460.0764285714288,1409.6182000000001,72.26975042775385,27.809322603145574,22.349440514701893,24.80071428571429,1516.34,1
08/14/2019,1516.34,1501.38,1524.1,1494.25,1.0,1467.3485714285712,1413.3414000000002,79.41295429594965,29.0451954623436,23.688591504230235,25.312142857142867,1523.2,1
08/15/2019,1523.2,1516.74,1526.76,1508.25,0.45,1474.8135714285713,1417.0944,79.7291915571486,30.22970900772839,24.996815004929864,25.846428571428582,1514.15,0
08/16/2019,1514.15,1524.0,1527.8,1504.2,-0.59,1481.042857142857,1420.5634,74.69558815200776,30.091311255449,26.015714255033693,26.718571428571426,1495.3,0
08/19/2019,1495.3,1511.0,1512.9,1492.4,-1.24,1485.6464285714285,1423.9068,66.82679755626339,28.13625533835875,26.439822471698704,27.477857142857147,1507.1,1
08/20/2019,1507.1,1495.55,1508.39,1492.75,0.79,1492.310714285714,1427.5106,75.04563513368409,27.225185826810957,26.596895142721156,27.052857142857142,1502.3,0
08/21/2019,1502.3,1507.7,1508.4,1496.1,-0.32,1496.3814285714286,1430.8856000000003,67.85960513945473,25.818220416603253,26.441160197497577,24.69928571428573,1498.8,0
08/22/2019,1498.8,1502.1,1504.6,1491.7,-0.23,1500.5314285714285,1434.0146,68.33501640999744,24.142470076222935,25.98142217324265,24.337142857142858,1526.85,1
08/23/2019,1526.85,1499.55,1530.43,1493.45,1.87,1505.0349999999999,1437.72,69.29432645816755,24.792039238874167,25.743545586368953,24.62857142857144,1526.35,0
08/26/2019,1526.35,1539.25,1554.91,1524.55,-0.03,1508.7549999999999,1441.4562000000003,66.9730152522487,24.978544545921295,25.590545378279423,25.471428571428596,1542.64,1
08/27/2019,1542.64,1526.25,1544.63,1524.75,1.07,1511.7150000000001,1445.3794,64.51183639165149,26.139498338668545,25.700335970357248,24.174285714285734,1539.1,0
08/28/2019,1539.1,1541.69,1547.1,1531.5,-0.23,1514.44,1448.9560000000001,63.05880742109939,26.46879833767366,25.854028443820532,23.887857142857165,1527.7,0
08/29/2019,1527.7,1539.2,1550.7,1519.4,-0.74,1516.6157142857141,1451.7463999999998,59.90504682622269,25.51575647549612,25.78637405015565,25.139285714285716,1520.25,0
08/30/2019,1520.25,1527.6,1533.4,1517.51,-0.49,1517.2478571428571,1454.1703999999997,53.009180550833015,23.88399140996694,25.40589752211791,24.129285714285725,1530.59,1
09/02/2019,1530.59,1520.05,1533.77,1519.05,0.68,1519.3335714285713,1456.3912000000003,59.90636449993208,23.158204063355925,24.956358830365517,21.37714285714287,1547.0,1
09/03/2019,1547.0,1529.6,1549.8,1521.4,1.07,1521.5235714285716,1458.8662000000002,60.29965063155066,23.634715924975808,24.692030249287576,21.27357142857144,1552.6,1
09/04/2019,1552.6,1547.05,1557.25,1533.68,0.36,1523.6235714285715,1461.7432000000001,59.96069928174544,24.185433583794975,24.59071091618906,21.63500000000001,1519.35,0
09/05/2019,1519.35,1552.45,1553.25,1509.28,-2.14,1523.9950000000001,1463.9366,51.513563860752065,21.68886840385221,24.01034241372169,23.090000000000014,1506.95,0
09/06/2019,1506.95,1519.25,1527.7,1502.75,-0.82,1524.827142857143,1465.8856,53.52325651726852,18.496529662827697,22.907579863542896,23.31857142857145,1498.95,0
09/09/2019,1498.95,1507.1,1515.5,1497.6,-0.53,1524.2450000000001,1468.1784,47.47724880827095,15.146446265582426,21.3553531439508,23.480000000000018,1486.4,0
09/10/2019,1486.4,1499.6,1501.9,1484.8,-0.84,1523.1092857142855,1469.5376,45.3036389413989,11.347988375825025,19.353880190325647,23.822857142857156,1497.6,1
09/11/2019,1497.6,1486.45,1498.41,1484.9,0.75,1523.0235714285714,1471.1108,49.66097864165441,9.13611409324244,17.310326970909006,23.866428571428596,1498.95,1
09/12/2019,1498.95,1497.45,1523.86,1488.65,0.09,1521.0307142857143,1472.7769999999998,40.71732765504396,7.406741204116543,15.329609817550514,23.74000000000001,1488.7,0
09/13/2019,1488.7,1498.45,1509.06,1485.51,-0.68,1518.3414285714284,1474.5520000000001,38.23658064112983,5.149748300053716,13.293637514051156,23.253571428571426,1498.8,1
09/16/2019,1498.8,1503.59,1512.81,1496.2,0.68,1515.2099999999998,1476.618,35.751430057202214,4.128460431627673,11.460602097566461,23.555714285714267,1503.1,1
09/17/2019,1503.1,1499.45,1507.9,1493.9,0.29,1512.6385714285716,1478.7220000000002,38.35705045278134,3.624278079651276,9.893337293983425,23.44142857142856,1493.9,0
09/18/2019,1493.9,1501.4,1511.25,1484.41,-0.61,1510.2242857142858,1480.22,38.910761154855614,2.4540579682206953,8.405481428830878,23.12285714285713,1499.2,1
09/19/2019,1499.2,1493.6,1504.2,1488.8,0.35,1508.7207142857144,1482.1240000000003,42.99500831946754,1.9320443997983148,7.110794023024366,23.08785714285713,1517.15,1
09/20/2019,1517.15,1499.6,1517.21,1498.0,1.2,1507.7607142857144,1484.1522,45.74306347396431,2.932950642204787,6.27522534686045,23.408571428571413,1522.12,1
09/23/2019,1522.12,1516.65,1527.05,1511.35,0.33,1505.9835714285714,1486.3129999999999,41.503892910804446,4.080179742184555,5.836216225925272,22.50142857142857,1532.3,1
09/24/2019,1532.3,1522.5,1536.1,1515.95,0.67,1504.5335714285716,1488.8324,43.27814569536422,5.74458795735768,5.817890572211754,22.25714285714285,1504.15,0
09/25/2019,1504.15,1531.6,1535.4,1501.41,-1.84,1503.4478571428572,1490.3794,44.79095270733382,4.737562052352359,5.601824868239875,21.544285714285706,1505.8,1
09/26/2019,1505.8,1503.89,1512.6,1501.74,0.11,1503.3657142857141,1491.5694,49.57454679985199,4.0262162629339855,5.286703147178697,20.537857142857124,1496.94,0
09/27/2019,1496.94,1506.18,1507.79,1486.98,-0.59,1503.222142857143,1493.0022,49.26108374384236,2.716230630051541,4.772608643753266,20.745714285714257,1472.25,0
09/30/2019,1472.25,1497.08,1500.5,1464.24,-1.65,1502.2114285714285,1493.9447999999998,45.22443469456627,-0.3106382348000807,3.755959268042597,22.114285714285675,1478.98,1
10/01/2019,1478.98,1472.3,1487.42,1458.9,0.46,1500.8814285714286,1495.1765999999998,43.52032293986638,-2.1417105564382837,2.576425303146421,23.186428571428532,1499.51,1
10/02/2019,1499.51,1479.19,1504.98,1474.25,1.39,1500.9214285714286,1496.6488,50.1719268083016,-1.9141836226056057,1.6783035179960155,22.866428571428546,1505.0,1
10/03/2019,1505.0,1499.55,1518.75,1495.85,0.37,1502.0857142857144,1498.4582,55.15496521189122,-1.2761590035333938,1.0874110136901338,22.819999999999986,1504.6,0
10/04/2019,1504.6,1505.19,1510.94,1497.01,-0.03,1502.5,1500.1763999999998,51.95417789757411,-0.7936478745905333,0.7111992360340004,22.092857142857138,1493.6,0
10/07/2019,1493.6,1504.76,1509.47,1489.94,-0.73,1501.8214285714287,1501.5095999999999,46.93745970341714,-1.284060547075569,0.3121472794120865,22.487857142857138,1505.51,1
10/08/2019,1505.51,1493.4,1508.56,1487.49,0.8,1502.6507142857142,1503.0028,53.678474114441386,-0.7035683611643435,0.1090041512968005,22.07571428571428,1505.7,1
10/09/2019,1505.7,1506.06,1511.6,1499.7,0.01,1503.115,1504.8408000000002,52.128356254093,-0.22559222278755442,0.04208487647992951,21.825714285714266,1494.3,0
10/10/2019,1494.3,1505.6,1517.07,1491.4,-0.76,1501.482857142857,1505.8206,42.182689018132,-0.757940351149955,-0.11792016904604738,22.287142857142822,1489.85,0
10/11/2019,1489.85,1494.46,1503.49,1474.3,-0.3,1499.177857142857,1506.8036,38.92055208404863,-1.5213704762070392,-0.3986102304782458,23.250714285714253,1492.9,1
10/14/2019,1492.9,1488.6,1497.1,1482.6,0.2,1496.3635714285715,1507.3856,35.776173285198624,-1.858857092975768,-0.6906596029777503,22.847142857142835,1481.17,0
10/15/2019,1481.17,1493.25,1497.99,1477.46,-0.79,1494.7221428571427,1507.5235999999998,40.58813892529491,-3.0378126235727905,-1.1600902070967585,21.88571428571426,1489.77,1
10/16/2019,1489.77,1481.28,1491.6,1477.05,0.58,1493.5771428571427,1507.295,43.78826629466018,-3.2408368982730735,-1.5762395453320215,22.149285714285693,1491.89,1
10/17/2019,1491.89,1490.4,1497.43,1483.35,0.14,1493.2164285714284,1507.1138,47.93523591462919,-3.193852077616384,-1.899762051788894,21.668571428571422,1490.1,0
10/18/2019,1490.1,1492.32,1494.33,1484.8,-0.12,1494.4914285714287,1506.971,58.97977663748857,-3.2634354565591366,-2.1724967327429425,19.759285714285706,1484.5,0
10/21/2019,1484.5,1492.02,1495.31,1481.75,-0.38,1494.8857142857144,1506.4330000000002,52.8088744148178,-3.7274858479638624,-2.483494555787127,18.690714285714275,1488.05,1
10/22/2019,1488.05,1484.66,1489.17,1480.84,0.24,1494.0671428571427,1506.1662,42.950295275590584,-3.765388737549074,-2.739873392139516,17.090714285714284,1492.1,1
10/23/2019,1492.1,1488.2,1496.24,1487.49,0.27,1493.1457142857141,1505.6814,41.92134268537074,-3.429097397622627,-2.8777181932361384,16.07999999999999,1503.65,1
10/24/2019,1503.65,1492.3,1504.21,1488.02,0.77,1493.077857142857,1505.2904,49.47796461149588,-2.2051757222086508,-2.7432096990306407,16.241428571428564,1504.73,1
10/25/2019,1504.73,1504.75,1518.1,1500.55,0.07,1493.872857142857,1505.102,56.864438139879134,-1.134978674836475,-2.421563494191808,16.09999999999999,1492.69,0
10/28/2019,1492.69,1504.21,1508.36,1489.65,-0.8,1492.957142857143,1505.0498,42.10591133004935,-1.2440268152161025,-2.1860561583966667,15.931428571428553,1487.6,0
10/29/2019,1487.6,1492.64,1495.0,1483.71,-0.34,1491.6642857142856,1504.6598,39.48896631823461,-1.721326334713467,-2.093110193660027,15.887857142857131,1495.4,1
10/30/2019,1495.4,1487.6,1496.8,1481.02,0.52,1491.7428571428572,1504.5218,50.66666666666675,-1.453440472955208,-1.9651762495190632,15.181428571428569,1513.36,1
10/31/2019,1513.36,1496.39,1514.39,1493.64,1.2,1493.422142857143,1504.813,62.243516300385316,0.20571158936741085,-1.5309986817417685,14.578571428571422,1513.95,1
11/01/2019,1513.95,1513.53,1515.81,1503.3,0.04,1494.9257142857143,1504.555,61.250668091929384,1.5503382867500477,-0.9147312880434053,14.436428571428564,1509.63,0
11/04/2019,1509.63,1513.8,1514.93,1504.46,-0.29,1496.9585714285715,1504.2205999999999,66.51961922451818,2.241537684565401,-0.2834774935216441,13.71785714285714,1484.1,0
11/05/2019,1484.1,1509.64,1509.9,1479.35,-1.69,1496.5535714285713,1503.0497999999998,47.24944212670999,0.7209498887277732,-0.08259201707176064,14.860714285714298,1490.46,1
11/06/2019,1490.46,1484.1,1494.3,1482.21,0.43,1496.4514285714288,1502.0770000000002,49.333706085173766,0.028740648242774114,-0.060325484008853694,14.718571428571424,1468.07,0
11/07/2019,1468.07,1490.29,1492.32,1461.0,-1.5,1494.8778571428572,1500.8844,41.38847627237906,-2.3000129236274915,-0.5082629719325813,16.274999999999995,1458.66,0
11/08/2019,1458.66,1468.01,1473.25,1456.05,-0.64,1493.0321428571428,1499.6526000000001,40.1913149104161,-4.848979250037019,-1.3764062275534688,16.535,1455.9,0
11/11/2019,1455.9,1458.96,1466.59,1448.14,-0.19,1490.7357142857143,1498.1587999999997,37.722447109142394,-7.010944557052653,-2.503313893453306,17.25785714285712,1457.19,1
11/12/2019,1457.19,1455.79,1460.32,1445.43,0.09,1488.242142857143,1496.3625999999997,36.38136849496773,-8.52198923283936,-3.707048961330517,17.696428571428537,1463.19,1
11/13/2019,1463.19,1457.19,1467.14,1455.9,0.41,1485.3521428571428,1494.5744,33.50187571358671,-9.130106979021548,-4.791660564868723,17.342857142857106,1471.2,1
11/14/2019,1471.2,1463.18,1474.48,1460.76,0.55,1482.957142857143,1493.6113999999998,37.05905055962953,-8.863531344502917,-5.606034720795561,17.069285714285684,1467.37,0
11/15/2019,1467.37,1471.2,1471.43,1462.05,-0.26,1481.1485714285714,1492.8198000000002,39.5665073347618,-8.859193951709358,-6.256666566978321,16.402857142857133,1470.85,1
11/18/2019,1470.85,1467.51,1474.1,1455.97,0.24,1479.952142857143,1492.2578,43.00509479662577,-8.477229396652092,-6.700779132913076,16.891428571428555,1472.38,1
11/19/2019,1472.38,1470.85,1475.5,1464.3,0.1,1478.307857142857,1491.9774,39.855455667195535,-7.959311532756374,-6.952485612881736,16.564285714285706,1471.25,0
11/20/2019,1471.25,1472.39,1478.9,1465.66,-0.08,1475.3,1491.4504000000002,28.21070061057665,-7.55297347377541,-7.072583185060471,16.027857142857133,1464.4,0
11/21/2019,1464.4,1471.4,1475.85,1462.43,-0.47,1471.7607142857144,1490.7594,25.92088638351653,-7.69498241931683,-7.1970630319117435,16.092857142857124,1462.29,0
11/22/2019,1462.29,1464.4,1473.15,1461.0,-0.14,1468.3792857142857,1490.2312,26.489868891537654,-7.886869970162024,-7.335024419561799,16.21285714285713,1454.97,0
11/25/2019,1454.97,1462.14,1462.14,1453.5,-0.5,1466.2985714285714,1489.3546000000001,32.33903237540942,-8.531261983272543,-7.574271932303948,14.658571428571397,1461.6,1
11/26/2019,1461.6,1455.28,1463.06,1450.7,0.46,1464.2371428571428,1488.5246,32.55982596084117,-8.410016272937355,-7.74142080043063,14.67785714285711,1454.35,0
11/27/2019,1454.35,1461.35,1461.82,1452.2,-0.5,1463.2571428571428,1487.7336000000003,39.85207100591715,-8.797530132100064,-7.952642666764517,13.127857142857108,1458.34,1
11/28/2019,1458.34,1456.85,1458.45,1454.19,0.27,1463.2342857142855,1486.9163999999998,49.74268253457691,-8.682590504582095,-8.098632234328033,12.20357142857139,1464.8,1
11/29/2019,1464.8,1456.7,1467.21,1453.38,0.44,1463.8700000000001,1485.8694,56.75470552519719,-7.978263554195337,-8.074558498301494,11.873571428571397,1462.44,0
12/02/2019,1462.44,1466.73,1466.73,1453.7,-0.16,1464.2450000000001,1484.6758000000002,53.92083644510828,-7.523782170796267,-7.964403232800448,11.740714285714262,1477.34,1
12/03/2019,1477.34,1462.5,1481.9,1458.87,1.02,1465.2557142857145,1483.5766,59.32762030322995,-5.893361916899266,-7.550194969620213,12.582857142857133,1474.35,0
12/04/2019,1474.35,1477.21,1484.25,1471.21,-0.2,1465.4807142857142,1482.9805999999999,52.223634053367114,-4.787324830034777,-6.997620941703126,12.5342857142857,1475.7,1
12/05/2019,1475.7,1474.06,1480.5,1472.6,0.09,1466.0757142857144,1482.3786000000002,56.0936356986102,-3.7585228408388502,-6.349801321530271,12.428571428571413,1459.76,0
12/06/2019,1459.76,1475.85,1477.15,1458.42,-1.08,1465.2835714285713,1481.635,43.138225467145226,-4.181216178752493,-5.916084292974716,12.471428571428564,1461.99,1
12/09/2019,1461.99,1459.19,1465.5,1458.55,0.15,1464.5414285714287,1481.4298000000001,43.62654888970672,-4.286845247730525,-5.590236483925878,12.167857142857136,1464.21,1
12/10/2019,1464.21,1462.08,1469.24,1459.55,0.15,1464.0385714285715,1481.1344,45.73849878934626,-4.143656110915799,-5.300920409323862,11.914285714285711,1474.85,1
12/11/2019,1474.85,1464.04,1478.9,1462.14,0.73,1464.7849999999999,1480.6412,56.048153721495446,-3.1354748087285316,-4.867831289204797,12.15285714285715,1469.43,0
12/12/2019,1469.43,1474.85,1486.9,1464.45,-0.37,1465.2949999999998,1479.9298,53.979933110367966,-2.742221938824059,-4.44270941912865,12.888571428571433,1475.81,1
12/13/2019,1475.81,1469.62,1478.0,1462.41,0.43,1466.7835714285716,1479.3540000000003,61.739522307345666,-1.8939215770606097,-3.9329518507150416,13.374285714285715,1476.25,1
12/16/2019,1476.25,1475.45,1479.86,1472.8,0.03,1467.83,1479.007,58.87126074845594,-1.1726159195304717,-3.3808846644781276,12.995714285714289,1476.45,1
12/17/2019,1476.45,1476.25,1480.61,1474.06,0.01,1469.4085714285716,1478.4258000000002,64.63188559322047,-0.5781728440347251,-2.820342300389447,12.77642857142858,1475.44,0
12/18/2019,1475.44,1476.45,1479.39,1470.1,-0.07,1470.6299999999999,1477.8206,61.786600496278055,-0.1864220259792546,-2.2935582455074086,13.13571428571431,1479.15,1
12/19/2019,1479.15,1475.29,1481.9,1472.6,0.25,1471.6550000000002,1477.5176000000001,60.280842527582884,0.4185841366108889,-1.7511297690837493,12.812142857142899,1478.2,0
12/20/2019,1478.2,1479.29,1481.06,1475.5,-0.06,1472.7807142857143,1477.2846,61.523837379350695,0.8120381484795871,-1.238496185571082,12.278571428571468,1485.52,1
12/23/2019,1485.52,1478.2,1486.16,1477.5,0.5,1473.365,1477.1370000000002,56.72697368421058,1.6949774666277335,-0.6518014551313189,11.252142857142887,1499.56,1
12/24/2019,1499.56,1486.07,1501.08,1484.96,0.95,1475.1657142857143,1477.5048000000002,67.54349338900492,3.4874230581494885,0.17604344752484258,11.472142857142883,1499.55,0
12/25/2019,1499.55,1499.55,1499.55,1499.55,0.0,1476.8692857142855,1477.7004000000002,66.91249468160544,4.851220338593748,1.1110788257386237,10.908571428571447,1511.55,1
12/26/2019,1511.55,1499.41,1512.55,1497.45,0.8,1480.5685714285714,1478.0936000000002,88.89890340994457,6.821702876393601,2.2532036358696192,10.649285714285725,1510.67,0
12/27/2019,1510.67,1511.55,1515.34,1506.73,-0.06,1484.0457142857142,1478.505,87.31984053971203,8.217588592603079,3.446080627216311,10.767857142857142,1515.22,1
12/30/2019,1515.22,1511.49,1516.3,1509.96,0.3,1487.689285714286,1479.1194,87.75721687638813,9.580546477466669,4.672973797266383,10.52857142857142,1517.39,1
12/31/2019,1517.39,1515.51,1525.59,1514.79,0.14,1490.7278571428574,1479.7061999999999,86.00203114421159,10.71231637042274,5.880842311897656,10.10285714285713,1517.3,0
01/01/2020,1517.3,1517.26,1517.48,1517.2,-0.01,1494.1471428571429,1480.2102000000002,94.53023255813943,11.469773507406444,6.998628550999413,8.519285714285697,1528.94,1
01/02/2020,1528.94,1517.13,1531.3,1517.09,0.77,1497.9421428571427,1480.7159999999997,95.01779359430597,12.861060170200972,8.171114874839725,8.420714285714277,1551.65,1
01/03/2020,1551.65,1529.11,1553.45,1527.95,1.49,1503.327857142857,1481.6544000000001,96.38287401574797,15.616158721732745,9.66012364421833,9.737857142857138,1565.96,1
01/06/2020,1565.96,1560.59,1582.69,1560.59,0.92,1509.7214285714285,1483.1197999999997,96.91791592410101,18.73828825673081,11.475756566720827,11.487142857142853,1573.99,1
01/07/2020,1573.99,1565.93,1577.38,1555.1,0.51,1516.7607142857144,1484.8476,98.11541841617023,21.61142919433064,13.502891092242791,12.414999999999996,1555.81,0
01/08/2020,1555.81,1573.99,1611.0,1551.97,-1.16,1522.2364285714284,1486.0557999999999,82.7943189596166,22.16592503781385,15.235497881357004,15.967142857142838,1552.37,0
01/09/2020,1552.37,1555.76,1561.33,1539.88,-0.22,1527.534285714286,1486.836,81.06726983329135,22.073340014471114,16.603066307979827,17.10214285714283,1562.28,1
01/10/2020,1562.28,1552.26,1563.19,1545.32,0.64,1533.017142857143,1487.8026,81.46933420793695,22.5397951669579,17.790412079775443,17.759999999999973,1548.3,0
01/13/2020,1548.3,1562.29,1562.3,1546.52,-0.89,1536.4985714285715,1488.5759999999998,69.99179655455286,21.533174045208625,18.53896447286208,17.735714285714266,1546.37,0
01/14/2020,1546.37,1548.31,1548.8,1535.88,-0.12,1539.8428571428572,1489.8214,68.90647714424155,20.345158362410984,18.90020325077186,18.657857142857114,1556.19,1
01/15/2020,1556.19,1546.26,1558.23,1546.01,0.64,1543.0314285714287,1491.136,68.34922722788552,19.965885011359887,19.113339602889468,18.452142857142835,1552.79,0
01/16/2020,1552.79,1556.17,1558.14,1547.85,-0.22,1546.0399999999997,1492.8304,66.96198453608233,19.169977001147572,19.12466708254109,18.572142857142858,1556.61,1
01/17/2020,1556.61,1552.9,1561.3,1549.26,0.25,1548.9964285714284,1494.7894000000001,66.76658834967172,18.6326704176347,19.026267749559814,18.979285714285716,1561.58,1
01/20/2020,1561.58,1558.56,1562.81,1556.35,0.32,1552.152857142857,1496.9030000000002,67.5037629723519,18.395832833200075,18.900180766287868,18.669285714285724,1558.02,0
01/21/2020,1558.02,1560.85,1568.65,1546.25,-0.23,1555.0614285714287,1498.9196000000002,65.69776407093286,17.716648596584037,18.663474332347104,20.24928571428573,1558.91,1
01/22/2020,1558.91,1558.03,1559.35,1549.81,0.06,1557.202142857143,1500.8339999999998,62.5977301387137,17.053622216368012,18.341503909151285,19.915714285714298,1563.33,1
01/23/2020,1563.33,1558.93,1567.94,1551.29,0.28,1558.0364285714284,1502.6766,55.801708722431854,16.692406423135026,18.011684411948035,19.283571428571445,1570.65,1
01/24/2020,1570.65,1563.29,1575.76,1556.16,0.47,1558.3714285714286,1504.7422,52.503469627415406,16.80310736663455,17.76996900288534,18.466428571428587,1581.95,1
01/27/2020,1581.95,1579.99,1586.72,1575.59,0.72,1558.94,1506.9642000000001,54.105632349907154,17.59977497346017,17.735930197000307,18.022857142857138,1566.24,0
01/28/2020,1566.24,1582.05,1583.17,1565.64,-0.99,1559.685,1508.8413999999998,55.520270985498044,16.770158141503316,17.54277578590091,15.058571428571424,1577.12,1
01/29/2020,1577.12,1566.21,1577.96,1563.1,0.69,1561.4528571428568,1510.9588,62.14306741242269,16.796980758728296,17.393616780466388,14.58785714285716,1574.22,0
01/30/2020,1574.22,1576.98,1585.97,1572.49,-0.18,1562.3057142857142,1513.1552000000001,56.290832455216034,16.395238014289134,17.193941027230938,14.274285714285725,1590.2,1
01/31/2020,1590.2,1574.27,1590.2,1570.84,1.02,1565.2985714285714,1515.7133999999999,71.62022703818371,17.168399818340504,17.188832785452853,14.53000000000002,1576.45,0
02/03/2020,1576.45,1589.85,1591.86,1571.26,-0.86,1567.447142857143,1518.1429999999998,63.833701250919866,16.481635991676285,17.04739342669754,15.078571428571454,1552.55,0
02/04/2020,1552.55,1576.3,1579.54,1548.99,-1.52,1567.1871428571428,1519.9620000000002,48.51791530944622,13.849195546379178,16.407753850633867,16.387857142857165,1556.7,1
02/05/2020,1556.7,1552.57,1562.31,1547.2,0.27,1567.4664285714287,1522.009,51.58235532173213,11.95997074682873,15.518197229872841,16.732142857142858,1566.85,1
02/06/2020,1566.85,1556.88,1568.29,1552.24,0.65,1568.1978571428572,1524.1792,53.94210040036958,11.153199513598565,14.645197686617987,17.018571428571427,1570.29,1
02/07/2020,1570.29,1566.96,1574.05,1562.38,0.22,1568.82,1526.289,53.393065835605775,10.668427755214907,13.849843700337372,17.39071428571427,1572.3,1
02/10/2020,1572.3,1569.94,1577.16,1568.01,0.13,1569.84,1528.4862,55.630914826498405,10.32738517807411,13.14535199588472,16.4442857142857,1567.72,0
02/11/2020,1567.72,1572.01,1573.96,1562.18,-0.29,1570.4692857142857,1530.2938000000001,53.37573760441412,9.577139453213704,12.431709487350519,16.6042857142857,1565.63,0
02/12/2020,1565.63,1567.73,1570.48,1561.46,-0.13,1570.6335714285717,1532.1194,50.8973158551811,8.713475259055713,11.688062641691559,16.059285714285693,1576.39,1
02/13/2020,1576.39,1565.62,1578.11,1565.43,0.69,1571.0435714285716,1534.1332,52.18085106382979,8.795863992874274,11.109622911928103,15.564999999999973,1584.7,1
02/14/2020,1584.7,1576.29,1585.04,1573.15,0.53,1571.24,1536.632,51.069123707332245,9.423081787257615,10.772314686994006,15.26642857142854,1581.1,0
02/17/2020,1581.1,1584.75,1584.86,1578.4,-0.23,1572.3014285714287,1539.0141999999998,56.37768240343345,9.519926705509533,10.521837090697112,14.475714285714243,1601.91,1
02/18/2020,1601.91,1583.31,1605.35,1582.96,1.32,1574.0721428571428,1541.7682,59.803844024361375,11.147370140544353,10.646943700666561,15.146428571428519,1611.64,1
02/19/2020,1611.64,1601.8,1612.91,1599.49,0.61,1576.7450000000001,1544.504,64.0402221221672,13.07157943989614,11.131870848512477,15.14214285714281,1619.7,1
02/20/2020,1619.7,1611.71,1623.74,1603.89,0.5,1578.8521428571428,1547.5094,61.76799106430507,15.073149922978928,11.920126663405767,15.177142857142794,1643.7,1
02/21/2020,1643.7,1619.79,1649.14,1618.99,1.48,1583.6557142857143,1550.8672,74.7990264768788,18.38408805162817,13.212918941050248,15.859285714285663,1660.72,1
02/24/2020,1660.72,1658.96,1688.96,1652.3,1.04,1591.3821428571428,1554.5565999999997,92.02082200295239,22.126343416790633,14.995603836198326,16.90999999999995,1635.38,0
02/25/2020,1635.38,1660.72,1660.85,1629.01,-1.53,1597.0021428571429,1557.7351999999998,76.2441627751835,22.78473330782367,16.553429730523394,18.104999999999954,1639.96,1
02/26/2020,1639.96,1635.46,1655.07,1625.72,0.28,1602.2242857142858,1561.0256,75.32737476616094,23.406266888458276,17.92399716211037,19.05499999999995,1642.35,1
02/27/2020,1642.35,1640.56,1660.44,1635.66,0.15,1607.3714285714286,1564.2895999999998,75.14656616415414,23.81714058395869,19.102625846480038,19.991428571428532,1585.12,0
02/28/2020,1585.12,1642.14,1649.49,1565.86,-3.48,1608.287142857143,1566.428,53.22921914357681,19.302273643579383,19.14255540589991,25.311428571428532,1590.73,1
03/02/2020,1590.73,1590.99,1610.78,1579.54,0.35,1609.9307142857142,1568.5322,55.76605021801233,15.992537167286855,18.5125517581773,26.701428571428533,1639.77,1
03/03/2020,1639.77,1590.78,1649.5,1587.79,3.08,1615.2264285714284,1571.3364000000001,65.03975981824081,17.129210444638602,18.23588349546956,30.464999999999968,1635.83,0
03/04/2020,1635.83,1639.85,1651.68,1631.99,-0.24,1619.472142857143,1574.0620000000001,62.40090127680877,17.510259759433893,18.09075874826243,30.965714285714267,1670.61,1
03/05/2020,1670.61,1635.83,1674.66,1634.92,2.13,1625.6085714285712,1577.2432,66.14060797354674,20.383728484593348,18.549352695528615,32.95499999999999,1674.23,1
03/06/2020,1674.23,1670.66,1692.11,1647.98,0.22,1632.2607142857144,1580.5144,67.49577306030434,22.691503372002217,19.377782830823335,35.645714285714284,1680.2,1
03/09/2020,1680.2,1694.6,1703.16,1657.96,0.36,1637.8528571428571,1583.8139999999999,65.57637977000518,24.71723579521995,20.445673423702658,37.14214285714286,1649.36,0
03/10/2020,1649.36,1678.9,1680.36,1642.11,-1.84,1640.547142857143,1586.4533999999999,56.923133396960544,23.562499251641384,21.069038589290404,38.91571428571428,1635.03,0
03/11/2020,1635.03,1649.69,1670.97,1632.9,-0.87,1641.6421428571427,1588.808,52.75036779217049,21.246138720329327,21.10445861549819,40.21714285714285,1577.09,0
03/12/2020,1577.09,1634.69,1650.13,1560.96,-3.54,1636.8842857142856,1589.771,39.34683171800529,14.567210797274583,19.79700905185347,44.43285714285714,1529.7,0
03/13/2020,1529.7,1576.83,1597.72,1506.73,-3.0,1627.525714285714,1589.3319999999999,30.900874635568513,5.388025549328177,16.915212351348412,47.699285714285715,1514.61,0
03/16/2020,1514.61,1550.59,1573.49,1451.68,-0.99,1618.8992857142857,1588.305,31.852742299023262,-3.0688064887986,12.91840858331901,54.12571428571429,1528.58,1
03/17/2020,1528.58,1512.05,1553.11,1465.6,0.92,1610.9435714285714,1587.3968,33.723037353130294,-8.54514148745875,8.62569856916346,58.28000000000001,1486.3,0
03/18/2020,1486.3,1527.3,1546.05,1472.6,-2.77,1599.797142857143,1586.0066,29.576211292306922,-16.111100344101942,3.6783387865103796,61.75642857142858,1471.0,0
03/19/2020,1471.0,1486.1,1501.61,1464.75,-1.03,1591.6457142857143,1584.3791999999999,33.222581593648954,-23.075756424445217,-1.6724802556807399,58.41571428571428,1498.24,1
03/20/2020,1498.24,1470.39,1516.43,1460.49,1.85,1585.0392857142856,1583.0983999999999,37.215602797666776,-26.096432767455326,-6.557270758035658,60.18,1553.81,1
03/23/2020,1553.81,1508.25,1561.76,1485.4,3.71,1578.8992857142857,1583.2086000000002,38.328898061152444,-23.732729813774313,-9.992362569183388,61.22642857142856,1622.03,1
03/24/2020,1622.03,1565.36,1644.35,1564.77,4.39,1577.9135714285712,1584.7218,48.404771813011514,-16.168316048767565,-11.227553265100223,66.28714285714284,1613.79,0
03/25/2020,1613.79,1618.79,1636.29,1584.18,-0.51,1573.855,1585.8737999999998,43.00246305418721,-10.71484867106983,-11.125012346294145,67.17071428571425,1632.38,1
03/26/2020,1632.38,1620.16,1645.8,1595.81,1.15,1570.8657142857141,1587.4656,45.02933700738772,-4.837119544143206,-9.867433785863957,67.5892857142857,1623.5,0
03/27/2020,1623.5,1634.99,1640.76,1614.75,-0.54,1566.8157142857144,1588.8034,43.31178635462867,-0.8853133102934407,-8.071009690749854,66.21857142857141,1623.3,0
03/30/2020,1623.3,1617.38,1635.59,1607.63,-0.01,1564.9542857142858,1590.0378,46.68650188180247,2.2049657995351026,-6.015814592692863,65.4835714285714,1571.31,0
03/31/2020,1571.31,1612.25,1623.52,1562.25,-3.2,1560.4028571428573,1590.3036,42.60617312601532,0.45364640353727737,-4.721922393446835,67.14071428571425,1595.05,1
04/01/2020,1595.05,1569.45,1604.12,1568.91,1.51,1561.6857142857145,1591.0264000000002,52.263675321401564,0.9701494818464198,-3.5835080183881844,63.28642857142852,1613.79,1
04/02/2020,1613.79,1590.75,1621.27,1576.43,1.17,1567.692142857143,1592.0356,61.42371960331475,2.858690076169978,-2.295068399476552,59.989999999999945,1618.45,1
04/03/2020,1618.45,1609.99,1627.04,1607.0,0.29,1575.1092857142855,1592.9915999999998,64.51820367988368,4.6774761249857875,-0.900559494584084,52.72071428571423,1663.0,1
04/06/2020,1663.0,1596.8,1669.76,1596.8,2.75,1584.7107142857142,1594.6125999999997,67.31324059763008,9.602992532177723,1.2001509107682775,51.68142857142852,1648.95,0
04/07/2020,1648.95,1662.38,1671.88,1641.06,-0.84,1596.3285714285714,1596.2668000000003,72.59216045781592,12.231781825194957,3.4064770936536135,48.63642857142853,1646.52,0
04/08/2020,1646.52,1645.94,1657.06,1641.15,-0.15,1608.8657142857141,1597.6547999999998,75.28377989052143,13.958134897214677,5.516808654365827,47.13999999999995,1684.07,1
04/09/2020,1684.07,1644.28,1690.29,1642.34,2.28,1622.1392857142857,1599.8518,75.99675442768806,18.147065253957408,8.042859974284143,46.56928571428567,1689.9,1
04/10/2020,1689.9,1675.0,1696.5,1675.0,0.35,1631.8600000000001,1601.8457999999998,72.11622842656091,21.687257809764787,10.771739541380272,42.650714285714244,1714.32,1
04/13/2020,1714.32,1682.25,1722.36,1672.95,1.45,1638.452142857143,1604.6032,67.48777807253569,26.161798896966957,13.849751412497609,39.7128571428571,1729.7,1
04/14/2020,1729.7,1714.09,1748.5,1709.1,0.9,1646.7314285714288,1608.1462,71.38481974834875,30.59624790948169,17.199050711894426,38.804999999999964,1716.6,0
04/15/2020,1716.6,1729.43,1731.43,1706.99,-0.76,1652.7471428571428,1611.3442000000002,65.85944561614937,32.676841888979425,20.294608947311424,36.97999999999997,1718.4,1
04/16/2020,1718.4,1716.29,1738.74,1706.92,0.1,1659.5257142857142,1614.3752,68.36016096579475,34.078140968198795,23.0513153514889,37.39499999999997,1684.69,0
04/17/2020,1684.69,1713.49,1718.69,1678.52,-1.96,1663.9107142857142,1616.6632,60.51378660729577,32.09855317022857,24.860762915236833,38.267142857142844,1694.12,1
04/20/2020,1694.12,1691.44,1703.02,1671.74,0.56,1672.682857142857,1619.0996,74.62207787000277,30.934049303782103,26.07542019294589,36.124999999999986,1687.02,0
04/21/2020,1687.02,1694.22,1698.48,1660.99,-0.42,1679.2521428571429,1621.4856,69.75725026852845,29.102782179885025,26.68089259033372,36.28785714285714,1714.82,1
04/22/2020,1714.82,1686.47,1719.66,1680.05,1.65,1686.4685714285713,1624.4693999999997,70.89036847111366,29.5540369155226,27.2555214553715,35.914285714285725,1731.59,1
04/23/2020,1731.59,1713.0,1738.84,1704.05,0.98,1694.55,1627.5734,72.27867044738497,30.908563709363534,27.98612990616991,36.967857142857156,1729.43,0
04/24/2020,1729.43,1733.32,1737.89,1710.63,-0.12,1699.295,1630.4679999999998,65.70226445421454,31.445260613832943,28.67795604770252,33.703571428571436,1715.57,0
04/27/2020,1715.57,1724.86,1727.82,1705.82,-0.8,1704.0535714285713,1633.1574000000003,65.7613324500804,30.401758067604533,29.022716451682925,33.188571428571436,1708.63,0
04/28/2020,1708.63,1716.19,1716.19,1691.8,-0.4,1708.49,1635.2918,64.38730599953675,28.68412207762367,28.954997576871076,33.79428571428574,1712.38,1
04/29/2020,1712.38,1708.72,1717.52,1697.72,0.22,1710.512142857143,1637.3066000000001,57.77533644603136,27.31065659171145,28.626129379839153,31.783571428571445,1685.05,0
04/30/2020,1685.05,1715.22,1726.14,1684.16,-1.6,1710.1657142857143,1638.6136000000001,48.808646524195495,23.743176150136833,27.64953873389869,33.24642857142859,1700.41,1
05/01/2020,1700.41,1685.24,1706.21,1669.82,0.91,1709.172142857143,1639.7478,46.423980667386544,21.902863255454122,26.500203638209776,32.31642857142861,1701.69,1
05/04/2020,1701.69,1697.26,1712.0,1690.96,0.08,1707.1714285714284,1640.5672,42.236265868396266,20.313525651296004,25.262868040827023,31.005000000000027,1707.17,1
05/05/2020,1707.17,1701.78,1712.6,1691.13,0.32,1706.4978571428571,1642.0030000000002,47.270938241592916,19.27397595400612,24.065089623462843,30.79285714285715,1685.88,0
05/06/2020,1685.88,1705.77,1707.85,1681.34,-1.25,1704.1749999999997,1642.9214,41.54270259024237,16.541519912494095,22.560375681269097,30.41357142857144,1717.94,1
05/07/2020,1717.94,1686.08,1722.02,1681.96,1.9,1706.55,1644.4332000000002,58.72199779654794,16.769692302620115,21.4022390055393,30.40571428571429,1702.65,0
05/08/2020,1702.65,1717.46,1724.56,1701.61,-0.89,1707.1592857142857,1646.7837999999997,52.170814882679345,15.537637140438164,20.229318632519075,29.810714285714294,1697.35,0
05/11/2020,1697.35,1703.76,1713.67,1691.56,-0.31,1707.8971428571429,1648.9162,52.6532079930138,13.972492644250678,18.977953434865398,28.712142857142876,1702.72,1
05/12/2020,1702.72,1696.25,1711.04,1692.28,0.32,1707.032857142857,1650.1752,46.487459359033934,13.015385216818686,17.785439791256056,27.22285714285715,1715.99,1
05/13/2020,1715.99,1701.21,1718.33,1697.92,0.78,1705.9185714285716,1651.7784,45.37750385208016,13.175766745562214,16.863505182117287,26.195714285714285,1730.65,1
05/14/2020,1730.65,1715.01,1737.34,1710.39,0.85,1706.0057142857145,1652.9792000000002,50.33657029353345,14.320729290924874,16.354950003878805,26.173571428571417,1743.0,1
05/15/2020,1743.0,1731.13,1753.25,1728.52,0.71,1707.9650000000001,1654.3546,57.630890780615374,16.03976570919008,16.29191314494106,26.25357142857141,1732.32,0
05/18/2020,1732.32,1742.93,1764.81,1726.26,-0.61,1709.6571428571428,1655.3970000000002,56.4560963645282,16.351833949036518,16.303897305760152,27.26499999999997,1745.11,1
05/19/2020,1745.11,1733.37,1748.77,1725.83,0.74,1711.9950000000001,1657.3120000000001,58.50085709833248,17.43027107200396,16.529172059008914,27.489285714285693,1749.5,1
05/20/2020,1749.5,1744.44,1754.08,1740.91,0.25,1716.5985714285714,1659.6014000000002,69.00395117060798,18.42676430427764,16.90869050806266,25.431428571428537,1726.34,0
05/21/2020,1726.34,1750.18,1750.64,1717.56,-1.32,1718.4507142857142,1662.5864000000001,57.309578846479056,17.149979636637,16.95694833377753,25.19499999999997,1736.07,1
05/22/2020,1736.07,1725.26,1741.51,1724.29,0.56,1720.9064285714287,1666.7138,59.25088795608648,16.730390741629435,16.91163681534791,24.92214285714283,1729.57,0
05/25/2020,1729.57,1734.73,1735.57,1720.47,-0.37,1722.5064285714286,1671.0130000000001,55.99443374009843,15.692474761305675,16.667804404539467,24.502857142857124,1712.45,0
05/26/2020,1712.45,1729.65,1736.29,1708.31,-0.99,1724.4042857142856,1674.6904000000002,57.2726775058849,13.334763098529947,16.001196143337566,24.607857142857124,1709.25,0
05/27/2020,1709.25,1712.03,1715.77,1693.6,-0.19,1723.7835714285713,1679.1494,47.17508614524412,11.080319338822164,15.017020782434486,23.32999999999999,1719.4,1
05/28/2020,1719.4,1709.68,1727.69,1707.19,0.59,1724.98,1684.1173999999999,55.63328176498283,9.997432412113085,14.013103108370206,23.15499999999999,1728.3,1
05/29/2020,1728.3,1721.7,1738.99,1713.79,0.52,1727.1907142857142,1688.7186,60.16286858869115,9.745057385066048,13.159493963709375,23.37571428571427,1740.34,1
06/01/2020,1740.34,1736.42,1744.52,1727.03,0.7,1729.877857142857,1692.4491999999998,61.834654586636425,10.396728718461645,12.60694091465983,23.284999999999986,1727.97,0
06/02/2020,1727.97,1740.93,1745.54,1721.52,-0.71,1730.7335714285714,1694.568,53.79017970134144,9.802035561224784,12.045959843972822,23.542857142857137,1698.63,0
06/03/2020,1698.63,1728.97,1732.92,1690.01,-1.7,1728.4464285714287,1696.2648000000002,40.73066234367762,6.8838909444584715,11.013546064069953,24.682857142857156,1711.84,1
06/04/2020,1711.84,1699.11,1722.22,1697.4,0.78,1726.2207142857144,1697.854,41.024311556630906,5.57293557867888,9.925423966991739,24.68928571428572,1685.83,0
06/05/2020,1685.83,1711.2,1716.39,1670.75,-1.52,1722.8999999999999,1699.1006,37.69519877190194,2.407452764137588,8.421829726420908,25.195714285714303,1695.47,1
06/08/2020,1695.47,1684.16,1701.27,1677.61,0.57,1719.3542857142857,1700.5439999999999,36.63867355727823,0.6689411258028031,6.871252006297287,25.247142857142876,1714.57,1
06/09/2020,1714.57,1700.25,1720.75,1691.92,1.13,1716.8592857142855,1703.4092,41.28797326283231,0.8228828208307277,5.661578169203976,26.36571428571431,1737.1,1
06/10/2020,1737.1,1714.33,1740.29,1708.83,1.31,1717.6278571428572,1706.2502,52.69215372297838,2.7313797862136653,5.075538492605913,26.250000000000018,1727.51,0
06/11/2020,1727.51,1737.11,1744.72,1721.34,-0.55,1717.0164285714286,1708.5246000000002,47.85678517776665,3.4304998612433337,4.7465307663333975,26.690000000000023,1730.8,1
06/12/2020,1730.8,1728.32,1743.59,1723.12,0.19,1717.1042857142857,1710.7716,50.31299302763501,4.201599636708352,4.637544540408388,27.037857142857174,1725.53,0
06/15/2020,1725.53,1732.35,1734.78,1704.76,-0.3,1718.0385714285715,1712.0222,53.54202772963604,4.3374572996885945,4.57752709226443,27.183571428571458,1727.46,1
06/16/2020,1727.46,1725.79,1733.06,1715.93,0.11,1719.3392857142858,1713.5924,54.96537056225121,4.548428889776233,4.571707451766791,26.823571428571444,1727.04,0
06/17/2020,1727.04,1727.34,1730.62,1713.37,-0.02,1719.885,1715.2028,52.199953927666414,4.628381800645229,4.583042321542479,26.591428571428587,1722.99,0
06/18/2020,1722.99,1725.57,1736.87,1717.28,-0.23,1719.5057142857145,1715.9812,48.427039516559056,4.315200955307091,4.529474048295401,26.19071428571429,1743.62,1
06/19/2020,1743.62,1723.16,1745.68,1721.36,1.2,1719.74,1717.0556,50.92456872251663,5.666353273571531,4.756849893350627,26.678571428571445,1755.44,1
06/22/2020,1755.44,1749.0,1763.82,1743.78,0.68,1721.7021428571427,1717.878,57.76734716959793,7.603280551145417,5.3261360249095855,26.405714285714307,1767.54,1
06/23/2020,1767.54,1756.03,1771.69,1747.9,0.69,1726.6242857142856,1718.6348,71.58969860266933,9.999411260912666,6.260791072110202,25.040000000000013,1762.43,0
06/24/2020,1762.43,1769.09,1780.06,1761.09,-0.29,1730.237857142857,1719.5513999999998,66.6974717803156,11.35513291373968,7.279659440436098,24.622142857142876,1761.82,0
06/25/2020,1761.82,1759.76,1768.84,1755.23,-0.03,1735.6657142857143,1720.4198000000001,80.13323816321677,12.239243805114256,8.27157631337173,22.33428571428572,1771.47,1
06/26/2020,1771.47,1762.35,1772.36,1748.04,0.55,1741.0942857142857,1722.1554,80.1348136399683,13.562245286332427,9.32971010796387,22.381428571428565,1772.28,1
06/29/2020,1772.28,1773.27,1775.86,1766.07,0.05,1745.2164285714284,1723.7186000000002,76.76467860124296,14.50884479114643,10.365537044600382,21.02142857142857,1781.66,1
06/30/2020,1781.66,1771.77,1786.46,1765.77,0.53,1748.3992857142857,1725.6113999999998,73.53686879357709,15.833401727497403,11.459109981179786,20.252142857142854,1770.32,0
07/01/2020,1770.32,1780.91,1789.27,1759.02,-0.64,1751.4571428571428,1726.7214000000001,72.20205372886619,15.786106999823915,12.324509384908612,20.742857142857133,1776.13,1
07/02/2020,1776.13,1769.6,1780.21,1757.85,0.33,1754.695,1727.6122,72.91013848175473,16.0326298542127,13.06613347876943,20.877857142857142,1775.05,0
07/03/2020,1775.05,1774.03,1777.01,1772.03,-0.06,1758.232142857143,1728.5246,76.13468439940871,15.956912662019022,13.64428931541935,19.089285714285715,1783.9,1
07/06/2020,1783.9,1776.24,1786.98,1770.09,0.5,1762.2635714285716,1729.8912,77.75919732441453,16.42172782298394,14.19977701693227,19.07214285714287,1795.26,1
07/07/2020,1795.26,1784.57,1797.93,1774.37,0.64,1767.1364285714285,1731.6238,80.29307282415616,17.504967874190243,14.860815188383866,19.52285714285717,1810.78,1
07/08/2020,1810.78,1794.93,1818.37,1791.82,0.86,1773.4071428571426,1733.5918,85.3792214072699,19.392236086682942,15.767099368043683,20.02000000000003,1803.19,0
07/09/2020,1803.19,1810.68,1815.99,1795.76,-0.42,1777.662142857143,1735.9546,76.82608304061957,20.044400799186633,16.622559654272273,19.727857142857165,1798.89,0
07/10/2020,1798.89,1801.71,1810.94,1794.47,-0.24,1780.7657142857145,1737.9242,70.98831030818272,19.983909895317083,17.294829702481234,19.46142857142859,1803.39,1
07/13/2020,1803.39,1798.69,1813.65,1797.94,0.25,1783.3264285714286,1739.9582,68.6893963090397,20.067754231085246,17.84941460820204,18.88428571428574,1807.78,1
07/14/2020,1807.78,1802.77,1810.94,1791.02,0.24,1786.5657142857144,1741.9703999999997,73.82077949364412,20.2549513120307,18.33052194896777,18.952142857142885,1811.9,1
07/15/2020,1811.9,1808.14,1815.0,1802.91,0.23,1790.142857142857,1744.4908000000003,75.36980749746701,20.499451004372077,18.764307760048634,18.843571428571458,1797.05,0
07/16/2020,1797.05,1811.72,1813.41,1795.1,-0.82,1791.9699999999998,1746.0729999999999,62.30991337824822,19.27278323051587,18.86600285414208,18.41428571428576,1809.9,1
07/17/2020,1809.9,1797.3,1812.59,1795.11,0.72,1794.6571428571428,1748.218,66.22390891840601,19.11715710307294,18.916233703928256,18.963571428571477,1816.09,1
07/20/2020,1816.09,1809.28,1820.76,1805.7,0.34,1797.1164285714287,1750.5928,65.2682926829267,19.271157634528436,18.987218490048292,18.561428571428614,1842.22,1
07/21/2020,1842.22,1815.53,1843.75,1815.44,1.44,1802.252142857143,1753.3828,78.18723537713653,21.256643433993077,19.44110347883725,18.42285714285718,1872.07,1
07/22/2020,1872.07,1841.89,1872.41,1840.25,1.62,1809.105,1756.5044,81.6466552315608,24.95117910669046,20.543118604407894,19.12285714285718,1887.44,1
07/23/2020,1887.44,1871.97,1898.49,1862.38,0.82,1817.1328571428571,1759.6401999999998,83.87894133960332,28.787511282089326,22.19199713994418,21.346428571428596,1901.46,1
07/24/2020,1901.46,1886.83,1906.47,1881.58,0.74,1825.53,1762.8094,84.36623012160896,32.58352639065447,24.270302990086243,21.91785714285717,1942.42,1
07/27/2020,1942.42,1899.29,1945.71,1899.29,2.15,1836.0414285714287,1767.0113999999999,86.67264752791068,38.45375445131799,27.106993282332592,23.550714285714303,1959.5,1
07/28/2020,1959.5,1942.22,1981.14,1907.69,0.88,1846.6642857142858,1771.2992,86.77546983184965,43.977223678888095,30.481039361643695,26.90071428571431,1970.73,1
07/29/2020,1970.73,1959.71,1980.67,1944.96,0.57,1858.6314285714286,1775.7237999999998,90.69665759813444,48.69940357309383,34.124712203933726,28.006428571428597,1960.5,0
07/30/2020,1960.5,1970.89,1972.25,1940.17,-0.52,1870.175,1780.407,88.15696274259804,51.028069831254015,37.505383729397785,29.12142857142859,1975.89,1
07/31/2020,1975.89,1960.96,1981.11,1955.99,0.79,1882.4964285714286,1785.2033999999999,88.73618970627858,53.498699294698554,40.70404684245794,29.793571428571436,1977.25,1
08/03/2020,1977.25,1980.43,1985.22,1960.15,0.07,1894.6014285714284,1790.157,88.58079497336425,54.933195890904926,43.54987665214734,30.16142857142857,2018.52,1
08/04/2020,2018.52,1976.45,2019.96,1968.38,2.09,1909.3600000000001,1796.2784,90.23288418101093,58.72326364131277,46.584554049980426,32.982142857142854,2040.4,1
08/05/2020,2040.4,2018.98,2056.1,2010.33,1.08,1926.742142857143,1802.9014000000002,96.12220916568742,62.768892065235605,49.821421653031464,34.94357142857142,2063.81,1
08/06/2020,2063.81,2040.03,2069.84,2034.83,1.15,1944.8785714285714,1809.7896000000003,96.27145824980865,67.09069334249443,53.27527599092406,36.19571428571429,2035.03,0
08/07/2020,2035.03,2064.52,2072.9,2015.48,-1.39,1960.517142857143,1815.9242000000002,86.86355064655173,67.4163132224835,56.103483437235944,39.22142857142858,2027.77,0
08/10/2020,2027.77,2033.71,2050.1,2019.42,-0.36,1973.7707142857141,1821.6728,83.36150167212054,66.32400614016751,58.14758797782226,39.39071428571429,1911.64,0
08/11/2020,1911.64,2027.11,2031.59,1901.57,-5.73,1976.597142857143,1825.3462000000002,55.42992013612538,55.44844923931987,57.607760230121784,46.380714285714284,1918.07,1
08/12/2020,1918.07,1911.26,1949.26,1863.92,0.34,1978.785,1829.735,54.30886531806543,46.80875708920462,55.44795960193835,49.89714285714285,1954.0,1
08/13/2020,1954.0,1920.87,1966.83,1913.42,1.87,1982.5378571428573,1834.5782000000002,56.9618911326655,42.37254520989268,52.83287672352922,51.93428571428569,1944.29,0
08/14/2020,1944.29,1953.98,1962.62,1932.46,-0.5,1982.6714285714284,1839.7474,50.27016094079573,37.63941572940735,49.794184524704846,50.772857142857106,1986.2,1
08/17/2020,1986.2,1946.22,1990.91,1929.74,2.16,1984.5785714285714,1845.5620000000001,53.59915884826917,36.84543205404793,47.204434030573466,49.89571428571425,2001.2,1
08/18/2020,2001.2,1985.47,2015.23,1977.56,0.76,1986.7549999999999,1851.2946,54.0660279164109,37.00005530493104,45.163558285444985,50.035714285714256,1929.82,0
08/19/2020,1929.82,2001.22,2006.51,1924.63,-3.57,1984.5635714285713,1855.149,46.480359765051396,31.00541477152092,42.33192958266017,53.592857142857106,1943.6,1
08/20/2020,1943.6,1929.28,1955.99,1925.47,0.71,1982.2571428571428,1859.4707999999998,46.281924325818096,27.054680282137042,39.27647972255555,53.9785714285714,1940.16,0
08/21/2020,1940.16,1946.96,1956.37,1911.76,-0.18,1979.6078571428573,1863.6580000000001,45.74958171941969,23.376644083535666,36.09651259475157,55.37428571428568,1933.09,0
08/24/2020,1933.09,1938.63,1962.04,1924.28,-0.36,1973.5057142857145,1867.8092000000001,39.37728482256098,19.664602684818874,32.810130612765036,54.38714285714283,1928.19,0
08/25/2020,1928.19,1932.66,1937.55,1914.31,-0.25,1965.4907142857141,1871.8238000000001,35.432191727468634,16.14132691448731,29.47636987310949,52.777857142857115,1954.03,1
08/26/2020,1954.03,1928.66,1955.15,1902.81,1.34,1957.6492857142857,1876.3636000000001,35.83703168541645,15.258289465772123,26.632753791642017,54.01571428571425,1929.2,0
08/27/2020,1929.2,1953.35,1976.32,1909.96,-1.27,1950.09,1880.4877999999999,36.20604259534423,12.411826627424944,23.788568358798603,54.65428571428567,1964.89,1
08/28/2020,1964.89,1929.44,1973.81,1923.71,1.85,1945.5985714285714,1884.9132,42.36967284729639,12.887312134390186,21.608317113916918,56.04142857142853,1970.15,1
08/31/2020,1970.15,1965.39,1976.53,1954.55,0.27,1949.777857142857,1889.2074000000002,59.71378291330478,13.532580698145011,19.993169830762536,48.32428571428568,1970.49,1
09/01/2020,1970.49,1967.58,1992.26,1963.22,0.02,1953.5221428571426,1893.2663999999997,58.88233699335775,13.911038054954133,18.776743475600856,44.302857142857114,1942.98,0
09/02/2020,1942.98,1969.71,1974.41,1932.75,-1.4,1952.7350000000001,1896.8773999999999,48.07786227586688,11.854489966357733,17.39229277375223,43.46357142857141,1930.85,0
09/03/2020,1930.85,1943.0,1951.15,1921.95,-0.62,1951.775,1900.2579999999998,47.67538397675383,9.140505111003222,15.74193524120243,43.394999999999996,1932.85,1
09/04/2020,1932.85,1931.51,1942.25,1916.64,0.1,1947.9642857142858,1903.4856,39.29445759922941,7.069542559246656,14.007456704811277,40.85499999999998,1929.18,0
09/07/2020,1929.18,1930.35,1941.45,1924.43,-0.19,1942.82,1906.6236,34.85956945845946,5.073665431126983,12.22069845007442,39.37999999999998,1931.26,1
09/08/2020,1931.26,1929.14,1940.8,1906.57,0.11,1942.9228571428573,1909.6156000000003,50.42719829120684,3.6180504113051484,10.500168842320566,35.97642857142856,1946.66,1
09/09/2020,1946.66,1932.26,1950.95,1920.2,0.8,1943.1414285714286,1913.1424,50.89915373765873,3.6648699779827894,9.13310906945301,35.99285714285713,1954.07,1
09/10/2020,1954.07,1946.06,1966.5,1941.42,0.38,1944.135,1916.7012,53.99414230747139,4.250898185744518,8.156666892711312,34.59785714285714,1941.5,0
09/11/2020,1941.5,1955.2,1957.95,1937.42,-0.64,1944.7357142857145,1920.0302000000001,52.3409230084062,3.658858768056689,7.257105267780388,33.367142857142845,1956.37,1
09/14/2020,1956.37,1941.05,1962.52,1937.46,0.77,1946.7485714285715,1923.4796,57.4314345991561,4.339524651428974,6.673589144510105,33.49714285714284,1955.52,0
09/15/2020,1955.52,1957.31,1972.35,1948.64,-0.04,1946.855,1926.6848,50.45258489763684,4.755550347501867,6.289981385108458,31.45214285714282,1959.32,1
09/16/2020,1959.32,1956.19,1973.63,1949.89,0.19,1949.0064285714286,1929.6556,60.48892603426662,5.330436002858278,6.0980723086584225,28.407857142857114,1942.6,0
09/17/2020,1942.6,1959.99,1963.48,1932.99,-0.85,1947.4142857142856,1932.4438,41.056095016451216,4.386310108874113,5.755719868701561,27.007142857142835,1949.69,1
09/18/2020,1949.69,1943.87,1960.2,1941.79,0.37,1945.952857142857,1935.4598,41.909205947484935,4.162207939981727,5.437017482957595,26.75214285714284,1912.57,0
09/21/2020,1912.57,1949.55,1955.75,1883.21,-1.9,1941.8157142857144,1937.6434,32.257076338683945,0.978057147374102,4.545225415840896,29.859285714285697,1899.28,0
09/22/2020,1899.28,1912.8,1919.99,1894.93,-0.69,1938.6942857142858,1939.4733999999999,35.335570469798625,-2.587964780137554,3.1185873766452064,28.6735714285714,1863.55,0
09/23/2020,1863.55,1900.2,1905.56,1855.77,-1.88,1933.8871428571426,1940.5063999999998,30.504055619930455,-8.202620537816074,0.8543457937529504,30.14428571428568,1868.04,1
09/24/2020,1868.04,1863.42,1877.3,1848.45,0.24,1929.2578571428571,1941.9262000000003,31.49237534982008,-12.14991356120754,-1.746506077239148,30.375714285714253,1860.05,0
09/25/2020,1860.05,1868.61,1875.28,1852.59,-0.43,1924.32,1942.9291999999998,30.734072794158593,-15.741440419292303,-4.545492945649779,30.780714285714257,1880.85,1
09/28/2020,1880.85,1859.0,1883.39,1849.19,1.12,1920.7192857142857,1944.2244,37.278554484429385,-16.71666584463742,-6.9797275254473075,30.778571428571404,1897.69,1
09/29/2020,1897.69,1881.4,1899.24,1875.56,0.9,1917.2214285714285,1945.3338,37.73112191211103,-15.946866210994585,-8.773155262556763,30.273571428571408,1885.44,0
09/30/2020,1885.44,1897.81,1902.39,1881.31,-0.65,1912.3192857142856,1945.6012,33.21266082872661,-16.139224148043695,-10.24636903965415,29.987857142857138,1905.05,1
10/01/2020,1905.05,1885.8,1912.09,1884.48,1.04,1909.715714285714,1945.9534000000003,41.38094112083234,-14.541678666836788,-11.105430965090678,30.493571428571418,1898.7,0
10/02/2020,1898.7,1905.65,1917.28,1889.57,-0.33,1905.5964285714285,1945.8982,35.79066673237081,-13.630876040058183,-11.610519980084181,30.682857142857138,1912.9,1
10/05/2020,1912.9,1902.24,1918.74,1886.81,0.75,1902.5521428571428,1945.3078,40.14703162567045,-11.629183086997273,-11.6142526014668,31.270000000000014,1877.13,0
10/06/2020,1877.13,1913.28,1921.1,1874.57,-1.87,1896.6814285714286,1943.6604,33.446122860020196,-12.781826122781467,-11.847767305729734,32.897857142857156,1887.22,1
10/07/2020,1887.22,1878.84,1898.31,1873.05,0.54,1892.7257142857143,1941.9902000000002,38.539855972187766,-12.734331907253363,-12.025080226034461,32.524285714285725,1893.09,1
10/08/2020,1893.09,1887.4,1900.73,1881.86,0.31,1888.682857142857,1940.642,38.22795341098166,-12.083738639734065,-12.036811908774382,32.55714285714287,1929.43,1
10/09/2020,1929.43,1894.19,1930.83,1893.32,1.92,1889.8871428571426,1939.7128,53.5180702779401,-8.53739076757779,-11.336927680535064,30.071428571428587,1921.95,0
10/12/2020,1921.95,1930.5,1933.45,1918.19,-0.39,1891.5064285714286,1938.6068000000002,54.8479534664899,-6.2583160441784,-10.321205353263732,29.37142857142859,1890.82,0
10/13/2020,1890.82,1922.42,1925.73,1886.59,-1.62,1893.4542857142858,1936.0528,55.948693337986995,-6.8847011920088335,-9.633904521012752,28.610714285714316,1900.89,1
10/14/2020,1900.89,1891.9,1913.03,1882.44,0.53,1895.8007142857143,1933.2625999999998,56.99561310106906,-6.49369580991538,-9.00586277879328,28.73500000000003,1907.82,1
10/15/2020,1907.82,1900.31,1909.22,1889.46,0.36,1899.212857142857,1930.1428,60.21905617592949,-5.560529817564202,-8.316796186547464,28.52571428571431,1898.97,0
10/16/2020,1898.97,1907.95,1914.06,1897.59,-0.46,1900.5071428571428,1927.4216000000001,54.085129407520995,-5.472031905407903,-7.747843330319552,27.25928571428574,1904.27,1
10/19/2020,1904.27,1899.94,1918.59,1897.09,0.28,1900.9771428571428,1924.9516,51.56487823439877,-4.917544573600026,-7.181783578975647,27.10357142857145,1906.39,1
10/20/2020,1906.39,1904.24,1914.2,1894.74,0.11,1902.4735714285714,1924.8465999999999,55.23462095847285,-4.257959973766447,-6.597018857933808,26.987857142857155,1924.49,1
10/21/2020,1924.49,1908.65,1931.41,1907.94,0.95,1903.862142857143,1924.975,54.894259818731136,-2.2487930083839274,-5.727373688023833,26.80285714285716,1904.04,0
10/22/2020,1904.04,1924.34,1926.0,1894.8,-1.06,1904.2435714285714,1923.9758,51.25528913963327,-2.2803711066351298,-5.037973171746092,27.052142857142876,1900.79,0
10/23/2020,1900.79,1904.24,1914.3,1894.54,-0.17,1903.3785714285714,1923.1058000000003,46.99876084262698,-2.5383839060443734,-4.538055318605748,26.182857142857156,1901.69,1
10/26/2020,1901.69,1902.34,1908.55,1890.9,0.05,1905.1328571428571,1921.4156,57.35858101629911,-2.639808362492431,-4.158405927383085,24.120000000000005,1906.83,1
10/27/2020,1906.83,1902.19,1911.34,1897.47,0.27,1906.5335714285716,1919.5282,56.05508553078488,-2.2791601917610933,-3.782556780258687,23.30642857142857,1877.06,0
10/28/2020,1877.06,1908.05,1911.03,1869.59,-1.56,1905.3885714285716,1918.4730000000002,45.68691815099824,-4.345442562934522,-3.8951339367938544,24.918571428571422,1867.13,0
10/29/2020,1867.13,1876.94,1885.42,1859.67,-0.53,1900.9385714285713,1916.9435999999998,30.460419018943668,-6.706940801740529,-4.45749530978319,24.06214285714285,1877.95,1
10/30/2020,1877.95,1868.24,1889.85,1864.64,0.58,1897.7957142857142,1915.6994,36.483165396903395,-7.61755120762291,-5.089506489351134,24.772857142857124,1895.1,1
11/02/2020,1895.1,1878.59,1896.12,1873.21,0.91,1898.1014285714286,1914.9396,51.438365371689734,-6.876091540349762,-5.4468234995508595,23.61357142857139,1908.36,1
11/03/2020,1908.36,1895.8,1910.71,1886.81,0.7,1898.635,1914.543,52.45772191879971,-5.159038051285734,-5.389266409897835,23.13571428571426,1903.21,0
11/04/2020,1903.21,1908.59,1916.68,1883.15,-0.27,1898.3057142857144,1913.5266000000001,48.46527731540051,-4.16580197807275,-5.144573523532818,24.119285714285688,1948.56,1
11/05/2020,1948.56,1903.65,1952.95,1902.43,2.38,1901.847857142857,1913.9138,63.28137554234295,0.2775117770434008,-4.060156463417575,26.55142857142854,1951.51,1
11/06/2020,1951.51,1949.24,1960.77,1935.4,0.15,1905.222142857143,1913.6462,62.81327980904853,3.990905610515938,-2.449944048630872,26.827857142857106,1861.86,0
11/09/2020,1861.86,1954.65,1965.92,1850.36,-4.59,1902.0414285714287,1911.4803999999997,41.810424099753504,-0.29678760383490044,-2.019312759671678,33.69214285714283,1876.5,1
11/10/2020,1876.5,1862.15,1890.6,1860.3,0.79,1898.6135714285715,1909.6006,41.06031816996385,-2.4848459614736385,-2.1124194000320697,34.069285714285684,1864.71,0
11/11/2020,1864.71,1877.34,1884.93,1856.05,-0.63,1895.804285714286,1908.0351999999998,42.42925890279114,-5.111332185133506,-2.712201957052357,33.903571428571404,1875.76,1
11/12/2020,1875.76,1865.3,1883.88,1862.46,0.59,1894.0164285714286,1906.9334,45.322369650532615,-6.2293902556918965,-3.4156396167802647,34.02214285714284,1888.04,1
11/13/2020,1888.04,1876.44,1897.16,1873.76,0.65,1893.0414285714285,1906.0372,47.55314953572579,-6.0547703365487,-3.943465760733952,34.43285714285714,1888.52,1
11/16/2020,1888.52,1888.74,1899.35,1864.74,0.03,1891.7335714285714,1905.224,46.66204834651986,-5.810669028541724,-4.316906414295507,35.91428571428571,1878.6,0
11/17/2020,1878.6,1889.15,1893.9,1877.69,-0.52,1891.8435714285713,1904.1707999999999,50.30264916280166,-6.3445421458748115,-4.722433560611368,34.11214285714285,1871.41,0
11/18/2020,1871.41,1878.6,1884.92,1863.94,-0.38,1892.1492857142857,1902.6658000000002,50.8502860775588,-7.26407758371829,-5.230762365232752,33.771428571428565,1867.37,0
11/19/2020,1867.37,1871.44,1874.34,1852.48,-0.22,1891.3935714285715,1900.9317999999998,47.839934667211075,-8.224009022670089,-5.82941169672022,33.53214285714286,1870.49,1
11/20/2020,1870.49,1867.59,1879.98,1860.66,0.17,1889.6357142857141,1899.5116,44.670160696495884,-8.63348226945368,-6.390225811266912,33.275714285714294,1835.85,0
11/23/2020,1835.85,1869.84,1876.72,1830.85,-1.85,1884.4564285714284,1897.1012,35.62735381565909,-11.61921222326464,-7.436023093666458,34.84500000000001,1807.51,0
11/24/2020,1807.51,1836.65,1839.26,1800.69,-1.54,1877.6207142857143,1894.141,32.627795527156565,-16.08678740390542,-9.166175955714252,35.205000000000005,1805.3,0
11/25/2020,1805.3,1807.69,1817.98,1801.33,-0.12,1867.3878571428572,1891.0606,19.164873009040093,-19.579995452511184,-11.248939855073639,32.7857142857143,1810.57,1
11/26/2020,1810.57,1805.74,1818.78,1805.31,0.29,1857.320714285714,1888.42,19.964197425624448,-21.673306653527106,-13.333813214764334,31.936428571428596,1788.13,0
11/27/2020,1788.13,1811.09,1813.81,1773.93,-1.24,1852.0542857142857,1885.1888000000001,27.97921271130764,-24.85646150727416,-15.6383428732663,26.53071428571429,1777.02,0
11/30/2020,1777.02,1789.05,1789.99,1764.69,-0.62,1844.9485714285713,1882.4778,19.64852330973885,-27.953389537904968,-18.101352206194033,26.17357142857143,1814.87,1
12/01/2020,1814.87,1777.4,1817.55,1775.52,2.13,1841.3885714285714,1880.7896000000003,36.88006738970198,-27.04182728796718,-19.889447222548664,27.112857142857138,1831.01,1
12/02/2020,1831.01,1815.19,1832.65,1806.99,0.89,1838.192142857143,1880.1388,38.527406040096416,-24.73195000054625,-20.857947778148183,27.41571428571428,1840.36,1
12/03/2020,1840.36,1831.34,1844.45,1823.6,0.51,1834.7864285714284,1879.5852,37.589796980739195,-21.894502553130224,-21.065258733144592,27.233571428571427,1837.61,0
12/04/2020,1837.61,1841.05,1848.26,1829.3,-0.15,1831.1499999999999,1879.1364,36.90384318567679,-19.641294409962484,-20.780465868508173,26.115714285714294,1863.69,1
12/07/2020,1863.69,1837.99,1868.76,1822.99,1.42,1830.0850000000003,1878.7932,46.45893696860309,-15.571672139275734,-19.738707122661687,28.227142857142862,1871.36,1
12/08/2020,1871.36,1863.55,1875.79,1859.83,0.41,1830.0814285714284,1878.2666,49.98815222027388,-11.593914837293141,-18.10974866558798,27.868571428571435,1839.11,0
12/09/2020,1839.11,1871.19,1871.37,1825.71,-1.72,1828.062857142857,1877.34,44.09330323551543,-10.917963505685066,-16.671391633607396,29.56857142857143,1835.31,0
12/10/2020,1835.31,1839.59,1850.4,1828.48,-0.21,1825.55,1875.9452,42.667778240933714,-10.56708467316389,-15.450530241518695,29.754285714285725,1839.03,1
12/11/2020,1839.03,1835.55,1847.89,1824.23,0.2,1825.7771428571427,1874.7518,50.7608383577376,-9.875004850839105,-14.335425163382778,28.16785714285715,1827.17,0
12/14/2020,1827.17,1839.3,1839.86,1819.92,-0.64,1827.1814285714286,1873.0372,55.106493506493536,-10.166338268096524,-13.501607784325529,26.837142857142858,1853.46,1
12/15/2020,1853.46,1827.8,1855.76,1825.29,1.44,1830.6214285714286,1872.5638000000001,61.118293471234686,-8.181527261467863,-12.437591679753996,27.82428571428571,1864.15,1
12/16/2020,1864.15,1853.94,1866.2,1844.75,0.58,1834.4485714285713,1872.1024,62.067567567567615,-5.680475592326275,-11.086168462268452,28.393571428571427,1885.87,1
12/17/2020,1885.87,1864.26,1896.26,1861.83,1.17,1841.43,1871.9579999999999,72.08514099783078,-1.923577839097561,-9.253650337634275,28.004285714285725,1880.66,0
12/18/2020,1880.66,1885.8,1889.88,1876.97,-0.28,1848.8328571428572,1870.9826,74.05980128145612,0.6261691509146203,-7.277686439924496,27.119285714285734,1876.21,0
12/21/2020,1876.21,1883.2,1906.93,1856.69,-0.24,1853.2142857142858,1870.0678,66.85350038465774,2.261712585813939,-5.369806634776809,27.70571428571431,1859.56,0
12/22/2020,1859.56,1876.65,1884.61,1858.73,-0.89,1855.2535714285714,1869.4426,57.822346429941376,2.1891416292726262,-3.858016981966922,27.721428571428582,1872.08,1
12/23/2020,1872.08,1859.99,1878.59,1858.59,0.67,1857.5192857142858,1868.8664,58.54249703759564,3.1060829980308426,-2.4651969859673692,27.660714285714285,1876.56,1
12/24/2020,1876.56,1872.74,1882.55,1869.52,0.24,1860.3014285714287,1868.2412,60.392763754736144,4.146466315456337,-1.1428643256826283,27.237142857142853,1875.82,0
12/25/2020,1875.82,1877.07,1877.07,1877.07,-0.04,1861.167857142857,1867.7781999999997,53.742672014810225,4.855296933776117,0.056767926209120745,24.00428571428571,1871.19,0
12/28/2020,1871.19,1885.93,1900.53,1869.21,-0.25,1861.1557142857143,1867.1166,49.94654424250052,4.9859728092828846,1.0426089028238736,25.10142857142856,1877.99,1
12/29/2020,1877.99,1872.24,1886.91,1870.99,0.36,1863.9328571428573,1866.5486,64.55525606469013,5.573984132722217,1.9488839488035423,22.977142857142862,1893.37,1
12/30/2020,1893.37,1878.34,1894.06,1875.66,0.82,1868.08,1865.9261999999999,70.00137797988155,7.198050165243103,2.998717192091455,22.725714285714275,1896.49,1
12/31/2020,1896.49,1893.55,1901.26,1884.77,0.16,1872.1842857142858,1865.7752000000003,69.87685069876859,8.63732639966588,4.12643903360634,22.213571428571413,1898.1,1
01/01/2021,1898.1,1897.69,1899.12,1897.39,0.09,1877.2507142857141,1865.7214,76.40926353414255,9.79496645341942,5.260144517568957,20.977142857142844,1942.28,1
01/04/2021,1942.28,1906.05,1944.65,1905.36,2.33,1883.5949999999998,1866.5331999999999,79.18254698383498,14.114656336520738,7.031046881359314,22.125714285714285,1949.35,1
01/05/2021,1949.35,1942.65,1953.17,1934.08,0.36,1889.6807142857144,1867.3836,78.67528271405496,17.90216657158294,9.20527081940404,21.957142857142863,1918.81,0
01/06/2021,1918.81,1950.3,1959.6,1901.11,-1.57,1892.0335714285713,1868.2186,60.46511627906981,18.22933650991854,11.010083957506941,23.67571428571429,1912.5,0
01/07/2021,1912.5,1919.4,1927.97,1906.86,-0.33,1894.307857142857,1869.126,60.0454316002019,17.774562683714976,12.362979702748548,24.261428571428578,1848.26,0
01/08/2021,1848.26,1912.9,1917.85,1828.74,-3.36,1892.3114285714287,1868.5322,43.59737939249551,12.091140880464991,12.308611938291838,27.037857142857142,1844.66,0
01/11/2021,1844.66,1849.34,1857.05,1817.14,-0.19,1891.2471428571428,1867.5234,46.36974953708218,7.213347263896139,11.289559003412698,28.039999999999996,1855.63,1
01/12/2021,1855.63,1845.34,1864.08,1837.41,0.59,1890.072142857143,1866.4688,45.96160455639028,4.1846104159988045,9.86856928592992,28.516428571428555,1843.41,0
01/13/2021,1843.41,1856.19,1863.26,1843.34,-0.66,1887.7042857142858,1865.2728,42.159784305378196,0.7891657583468259,8.052688580413303,29.008571428571422,1846.37,1
01/14/2021,1846.37,1843.94,1857.59,1833.21,0.16,1885.6007142857143,1863.229,43.107241492299735,-1.6439508909058986,6.113360686149463,30.713571428571413,1826.59,0
01/15/2021,1826.59,1846.8,1856.85,1823.21,-1.07,1882.4150000000002,1860.7305999999999,40.25264446192845,-5.109396118771656,3.868809325165239,30.879285714285693,1836.89,1
01/18/2021,1836.89,1828.94,1840.95,1810.46,0.56,1879.4792857142857,1860.2312,41.15291889099364,-6.944609375717391,1.7061255849887127,31.919999999999977,1839.34,1
01/19/2021,1839.34,1838.09,1845.98,1833.06,0.13,1875.6200000000001,1859.4880000000003,37.68406656029176,-8.10787207701992,-0.25667394741301375,31.528571428571418,1870.91,1
01/20/2021,1870.91,1840.05,1872.03,1832.46,1.72,1873.792857142857,1859.6119999999999,44.83857949959646,-6.408458272319422,-1.4870308123942952,33.17714285714284,1869.91,0
01/21/2021,1869.91,1871.07,1875.45,1858.16,-0.05,1871.7792857142856,1859.495,44.297908491443856,-5.083749926502151,-2.2063746352158664,34.224285714285706,1852.55,0
01/22/2021,1852.55,1870.09,1871.17,1837.09,-0.93,1865.3700000000001,1858.7851999999998,29.641058220265904,-5.372781850132242,-2.8396560781991416,33.33357142857142,1854.99,1
01/25/2021,1854.99,1855.75,1868.45,1847.3,0.13,1858.6299999999999,1858.1146,28.13108371187542,-5.34335920511171,-3.3403967035816553,33.48071428571427,1850.31,0
01/26/2021,1850.31,1855.55,1861.86,1848.36,-0.25,1853.7371428571428,1857.5488,31.96229197387825,-5.632747626191076,-3.7988668881035395,30.26714285714284,1843.99,0
01/27/2021,1843.99,1850.65,1853.58,1831.29,-0.34,1848.8435714285715,1857.0004,31.960608773500468,-6.2994451341455715,-4.298982537311947,30.351428571428546,1840.36,0
01/28/2021,1840.36,1844.34,1864.26,1833.81,-0.2,1848.2792857142856,1856.4602,46.94461633663363,-7.039570587567141,-4.847100147362985,26.161428571428555,1846.09,1
01/29/2021,1846.09,1840.9,1876.03,1839.56,0.31,1848.3814285714286,1855.9722,50.544098622631395,-7.08212391332404,-5.294104900555197,25.91571428571428,1860.16,1
02/01/2021,1860.16,1863.05,1871.84,1849.04,0.76,1848.705,1856.4584,51.68388967363019,-5.912362286343523,-5.417756377712862,25.850000000000005,1837.35,0
02/02/2021,1837.35,1860.84,1864.26,1829.46,-1.23,1848.2721428571426,1857.0551999999998,47.91178497587865,-6.7481061707735535,-5.683826336325001,26.912857142857142,1833.76,0
02/03/2021,1833.76,1837.49,1845.29,1829.49,-0.2,1847.3714285714286,1857.6244,45.673505798394345,-7.612371536970841,-6.069535376454169,26.300000000000004,1792.26,0
02/04/2021,1792.26,1834.34,1835.13,1785.15,-2.26,1844.9192857142857,1857.2582,39.749178859361066,-11.513293159638579,-7.158286933091052,27.46714285714287,1811.62,1
02/05/2021,1811.62,1792.49,1815.32,1791.8,1.08,1843.1142857142856,1857.7279999999998,42.84176533907423,-12.893977699795414,-8.305425086431924,26.969285714285725,1830.16,1
02/08/2021,1830.16,1815.44,1839.15,1807.48,1.02,1842.4585714285713,1858.7908000000002,47.6168224299066,-12.349796325846455,-9.11429933431483,28.30857142857144,1837.06,1
02/09/2021,1837.06,1830.59,1849.15,1828.63,0.38,1840.0407142857143,1859.2346,39.921395819686765,-11.232277627443864,-9.537894992940638,26.947857142857156,1842.22,1
02/10/2021,1842.22,1837.55,1855.7,1833.91,0.28,1838.0628571428572,1859.4588,41.95479109768146,-9.817101694194434,-9.593736333191398,27.26928571428573,1825.36,0
02/11/2021,1825.36,1842.65,1847.95,1820.63,-0.91,1836.1207142857143,1859.1588000000002,42.07704411679004,-9.941427083310145,-9.663274483215147,26.78642857142857,1823.46,0
02/12/2021,1823.46,1825.9,1830.8,1810.33,-0.1,1833.8685714285714,1858.8757999999998,40.78339666764107,-10.077107350186452,-9.746041056609409,26.737857142857138,1818.51,0
02/15/2021,1818.51,1825.34,1827.59,1815.71,-0.27,1831.597142857143,1857.9722,40.71912211067013,-10.463442518249849,-9.889521348937498,26.622142857142844,1794.31,0
02/16/2021,1794.31,1819.34,1826.75,1789.19,-1.33,1828.0485714285714,1856.4312,36.871035940803395,-12.577369587037538,-10.427090996557506,27.71285714285713,1776.26,0
02/17/2021,1776.26,1794.65,1795.45,1769.27,-1.01,1823.4699999999998,1855.1742,34.259895884490774,-15.530134446207057,-11.447699686487416,27.40785714285713,1775.49,0
02/18/2021,1775.49,1776.69,1789.88,1767.98,-0.04,1818.4271428571428,1853.9778,32.23094734722646,-17.727997119958445,-12.703759173181622,26.36714285714285,1782.31,1
02/19/2021,1782.31,1776.19,1791.7,1760.13,0.38,1812.8664285714283,1852.8434,29.664071887571154,-18.70389525899509,-13.903786390344317,26.78285714285713,1808.66,1
02/22/2021,1808.66,1782.24,1812.76,1780.46,1.48,1810.8171428571427,1852.4732000000001,42.641703000769475,-17.153343712553806,-14.553697854786215,26.6042857142857,1805.06,0
02/23/2021,1805.06,1809.09,1816.27,1795.78,-0.2,1808.7671428571427,1851.5051999999998,42.639515798112434,-16.030223911637677,-14.84900306615651,26.939285714285706,1804.36,0
02/24/2021,1804.36,1805.34,1813.99,1783.3,-0.04,1809.6314285714286,1850.3094,53.92449403217433,-15.023446587140597,-14.883891770353328,25.561428571428564,1769.88,0
02/25/2021,1769.88,1804.8,1806.06,1765.44,-1.91,1806.65,1847.9896,37.671313799622006,-16.81399487607132,-15.269912391496927,26.78285714285713,1733.49,0
02/26/2021,1733.49,1770.49,1776.1,1717.26,-2.06,1799.7450000000001,1845.0462,24.170362849356067,-20.928139605278147,-16.401557834253172,28.723571428571404,1723.84,0
03/01/2021,1723.84,1733.4,1760.02,1719.52,-0.56,1791.657857142857,1841.9987999999998,20.186433536970767,-24.68277562268804,-18.057801391940146,30.150714285714262,1738.09,1
03/02/2021,1738.09,1724.1,1738.89,1707.18,0.83,1784.2199999999998,1839.5694,23.83273860380963,-26.206404689060946,-19.687522051364308,30.859285714285697,1710.95,0
03/03/2021,1710.95,1738.59,1740.85,1701.94,-1.56,1776.0478571428573,1836.3468,22.661887694145804,-29.266496924093417,-21.60331702591013,31.687142857142835,1697.19,0
03/04/2021,1697.19,1711.84,1723.34,1690.64,-0.8,1767.0285714285712,1832.7594,21.44633892632629,-32.428147570638885,-23.76828313485588,32.56071428571425,1700.86,1
03/05/2021,1700.86,1698.59,1707.76,1687.12,0.22,1758.625,1829.2602000000002,23.24068598462445,-34.242909215987765,-25.86320835108226,33.18642857142855,1681.24,0
03/08/2021,1681.24,1702.8,1714.45,1676.7,-1.15,1750.5485714285714,1825.4612,23.73519163763065,-36.839626639369726,-28.058492008739755,33.19999999999998,1715.36,1
03/09/2021,1715.36,1682.55,1720.83,1679.8,2.03,1746.1985714285713,1822.2086,36.83641708455816,-35.73244369028862,-29.593282345049527,34.26071428571426,1726.05,1
03/10/2021,1726.05,1715.94,1726.76,1707.99,0.62,1742.6671428571428,1818.8622,39.75294312717623,-33.60502179354103,-30.39563023474783,34.037142857142825,1721.41,0
03/11/2021,1721.41,1726.55,1739.99,1719.38,-0.27,1738.317142857143,1815.3606,37.26261189659501,-31.925417495022884,-30.701587686802842,33.25428571428568,1726.41,1
03/12/2021,1726.41,1721.59,1728.42,1698.85,0.29,1732.442142857143,1811.9268000000002,31.11019245785674,-29.846805380856267,-30.53063122561353,33.05928571428569,1731.84,1
03/15/2021,1731.84,1727.74,1734.99,1721.31,0.31,1727.212142857143,1807.718,33.32422337615007,-27.444966198750308,-29.913498220240886,32.572857142857124,1730.94,0
03/16/2021,1730.94,1730.57,1741.4,1725.8,-0.05,1721.9678571428572,1803.3498000000002,33.293892782379146,-25.322215087997847,-28.99524159379228,31.494999999999987,1744.44,1
03/17/2021,1744.44,1730.61,1751.81,1724.14,0.78,1720.150714285714,1799.8624,43.6003219963775,-22.29359566973835,-27.654912408981495,30.569999999999986,1736.41,0
03/18/2021,1736.41,1745.09,1755.59,1719.05,-0.46,1720.3592857142855,1796.3406,50.856807511737124,-20.307257428426965,-26.18538141287059,28.977142857142844,1744.74,1
03/19/2021,1744.74,1735.9,1746.88,1728.04,0.48,1721.8521428571428,1794.2702,56.18050626922172,-17.85508635699034,-24.519322401694545,27.43,1738.69,0
03/22/2021,1738.69,1745.74,1747.18,1727.4,-0.35,1721.895,1792.1508000000001,50.186474390850364,-16.21301402059953,-22.858060725475546,26.577857142857138,1727.11,0
03/23/2021,1727.11,1739.05,1742.85,1724.42,-0.67,1723.0492857142856,1789.5804,55.56014313239744,-15.665487101540293,-21.419546000688495,25.11499999999999,1734.19,1
03/24/2021,1734.19,1727.8,1738.56,1723.85,0.41,1725.692142857143,1787.396,63.343912290825216,-14.493202625336608,-20.034277325618117,23.83000000000001,1726.82,0
03/25/2021,1726.82,1735.65,1745.95,1721.84,-0.42,1727.5464285714286,1785.005,59.11901081916542,-13.997501652523624,-18.82692219099922,24.07785714285715,1731.97,1
03/26/2021,1731.97,1727.3,1737.01,1721.23,0.3,1731.1699999999998,1783.1126000000002,69.83655274888561,-13.038790045305632,-17.669295761860504,22.508571428571436,1711.99,0
03/29/2021,1711.99,1732.15,1733.34,1705.58,-1.15,1730.929285714286,1780.6146,48.51842082124334,-13.732918671612651,-16.882020343810932,21.560714285714294,1684.8,0
03/30/2021,1684.8,1712.55,1714.74,1678.85,-1.59,1727.982857142857,1777.5237999999997,34.16263533747984,-16.28925399226182,-16.76346707350111,22.783571428571445,1707.01,1
03/31/2021,1707.01,1685.59,1715.28,1677.93,1.32,1726.9542857142858,1774.2458000000001,45.12855209742894,-16.33471039456822,-16.677715737714536,23.979285714285734,1730.18,1
04/01/2021,1730.18,1708.09,1730.8,1705.42,1.36,1727.2235714285712,1771.4512,51.13574742423329,-14.335854750853287,-16.209343540342285,23.68,1728.84,0
04/02/2021,1728.84,1730.47,1732.55,1728.67,-0.08,1727.0092857142856,1768.9769999999999,49.07338769458859,-12.71332278212094,-15.510139388698018,22.979999999999986,1728.44,0
04/05/2021,1728.44,1728.74,1733.75,1721.22,-0.02,1726.8307142857143,1766.4459999999997,49.22543066055274,-11.329135937306546,-14.673938698419725,22.76071428571426,1743.57,1
04/06/2021,1743.57,1728.49,1745.68,1726.82,0.88,1726.7685714285715,1764.3111999999999,49.73314520581556,-8.90860053538836,-13.520871065813452,22.131428571428565,1737.28,0
04/07/2021,1737.28,1742.96,1744.57,1730.13,-0.36,1726.830714285714,1762.1770000000001,50.26973398648226,-7.412413533482322,-12.299179559347227,20.55285714285713,1755.94,1
04/08/2021,1755.94,1737.84,1759.13,1732.99,1.07,1727.6307142857145,1760.4886000000001,53.26340326340327,-4.66716829229108,-10.772777305936,21.074285714285697,1743.1,0
04/09/2021,1743.1,1756.54,1757.47,1731.09,-0.73,1727.9457142857143,1758.4287999999997,51.236055832726,-3.4874215273432583,-9.315706150217453,21.545714285714276,1732.51,0
04/12/2021,1732.51,1743.8,1745.36,1727.18,-0.61,1728.3314285714284,1755.8758000000003,51.52198421645999,-3.368162135690909,-8.126197347312145,21.527857142857133,1743.83,1
04/13/2021,1743.83,1732.59,1749.23,1723.27,0.65,1729.02,1754.0054,52.653600528517906,-2.333321733276989,-6.967622224505114,22.331428571428564,1736.0,0
04/14/2021,1736.0,1744.3,1749.58,1732.13,-0.45,1729.6757142857143,1752.0502000000001,52.52059308072489,-2.1205741617759486,-5.998212611959281,21.855714285714253,1763.21,1
04/15/2021,1763.21,1737.1,1769.91,1734.1,1.57,1731.9071428571428,1751.4691999999998,57.650862068965516,0.24087278640058685,-4.750395532287308,23.286428571428555,1776.31,1
04/16/2021,1776.31,1763.84,1784.07,1759.79,0.74,1736.5014285714285,1750.763,66.30170316301701,3.133278540254878,-3.173660717778871,23.037857142857124,1769.31,0
04/19/2021,1769.31,1779.5,1790.54,1765.98,-0.39,1742.537857142857,1749.5459999999998,73.86074877181096,4.805296968029552,-1.5778691806171865,22.2285714285714,1777.25,1
04/20/2021,1777.25,1770.3,1780.77,1763.18,0.45,1747.5549999999998,1748.3497999999997,71.56983171600541,6.693912010097847,0.0764870575258203,20.81714285714283,1793.46,1
04/21/2021,1793.46,1778.64,1797.98,1775.95,0.91,1752.075,1747.3745999999999,70.30026947260362,9.39041767542085,1.9392731811048263,20.57785714285712,1783.94,0
04/22/2021,1783.94,1794.15,1798.29,1776.83,-0.53,1756.0107142857144,1746.5462,66.79468422336024,10.63662105793378,3.6787427564706174,21.833571428571418,1777.18,0
04/23/2021,1777.18,1784.33,1796.06,1770.05,-0.38,1759.4921428571429,1745.6206,64.30164319248829,10.952516915367823,5.133497588250059,22.79642857142856,1780.19,1
04/26/2021,1780.19,1776.34,1783.69,1768.7,0.17,1762.107857142857,1744.8541999999998,61.568107151882785,11.315312622299416,6.36986059505993,22.519999999999982,1776.69,0
04/27/2021,1776.69,1780.42,1785.9,1773.52,-0.2,1764.9228571428573,1744.5018,62.67284069715097,11.191402562233861,7.334168988494717,22.372857142857146,1781.32,1
04/28/2021,1781.32,1776.8,1782.85,1762.56,0.26,1766.7357142857143,1744.603,58.9707337763325,11.336129409051637,8.134561072606102,21.95499999999999,1771.24,0
04/29/2021,1771.24,1780.9,1790.43,1756.19,-0.57,1768.7457142857143,1744.5179999999998,60.14419610670518,10.516230164717172,8.610894891028316,22.516428571428555,1768.59,0
04/30/2021,1768.59,1772.9,1773.98,1763.73,-0.15,1771.3228571428572,1744.2435999999998,63.796267971856835,9.542619871695024,8.797239887161659,21.949999999999996,1792.36,1
05/03/2021,1792.36,1768.49,1798.22,1765.91,1.34,1774.7892857142856,1743.9175999999998,66.94364918650933,10.567254315945775,9.151242772918483,22.403571428571418,1778.48,0
05/04/2021,1778.48,1792.29,1799.38,1770.84,-0.77,1777.8235714285713,1743.386,64.23020233150211,10.142369572086182,9.349468132752023,23.195714285714303,1786.44,1
05/05/2021,1786.44,1778.91,1788.35,1769.95,0.45,1779.4828571428573,1743.0276000000001,58.933928159372385,10.328885860263426,9.545351678254304,21.952142857142853,1815.18,1
05/06/2021,1815.18,1787.09,1818.21,1781.67,1.61,1782.2592857142856,1743.9335999999998,63.34363199450743,12.649958326951946,10.166273007993833,22.827857142857138,1830.48,1
05/07/2021,1830.48,1815.48,1843.45,1812.9,0.84,1786.6285714285716,1745.8734,69.86683988307897,15.544816147554684,11.241981635906004,23.25571428571428,1835.44,1
05/10/2021,1835.44,1833.24,1845.53,1830.09,0.27,1790.785,1748.1054000000001,69.27204080280855,18.031387760305506,12.599862860785905,23.102142857142862,1836.94,1
05/11/2021,1836.94,1834.58,1842.32,1817.68,0.08,1793.890714285714,1750.0824,65.9547923088214,19.893728622029812,14.058636013034688,23.288571428571426,1815.44,0
05/12/2021,1815.44,1837.4,1843.69,1813.0,-1.17,1796.1407142857145,1752.1722,60.62466270912036,19.411018714582724,15.129112553344296,23.947857142857142,1826.57,1
05/13/2021,1826.57,1815.9,1828.81,1808.78,0.61,1799.6685714285716,1754.7597999999998,66.18177052617784,19.69948224903783,16.043186492483002,23.520714285714284,1842.19,1
05/14/2021,1842.19,1826.49,1845.55,1819.79,0.86,1804.097142857143,1757.5864,68.76286163902678,20.947030804533597,17.023955354893122,24.289999999999996,1866.13,1
05/17/2021,1866.13,1843.84,1868.8,1841.24,1.3,1810.4857142857143,1761.2842,74.08704082731879,23.59548587445738,18.338261458805974,25.374285714285698,1868.22,1
05/18/2021,1868.22,1866.59,1875.4,1862.94,0.11,1816.6928571428573,1764.3414000000002,73.72761031017916,25.568315506170165,19.784272268278812,24.81499999999999,1869.57,1
05/19/2021,1869.57,1869.59,1890.15,1851.94,0.07,1823.7164285714287,1767.2118,78.19255691266702,26.930295240347505,21.213476862692552,25.09857142857142,1876.69,1
05/20/2021,1876.69,1869.74,1884.12,1863.53,0.38,1831.4378571428572,1770.3174,80.21916582802197,28.25845263618089,22.622472017390223,25.837142857142844,1880.3,1
05/21/2021,1880.3,1876.84,1889.85,1870.01,0.19,1837.7192857142857,1773.3952,77.70636420919979,29.264975352162082,23.950972684344595,24.946428571428555,1881.07,1
05/24/2021,1881.07,1882.34,1887.44,1875.19,0.04,1845.047142857143,1776.3797999999997,85.23250223229617,29.781482034458804,25.11707455436744,23.782857142857114,1899.26,1
05/25/2021,1899.26,1880.69,1900.63,1872.73,0.97,1853.1057142857142,1779.7462,86.20202798100371,31.297816534441154,26.353222950382186,24.46142857142856,1896.44,0
05/26/2021,1896.44,1899.49,1913.15,1890.34,-0.15,1858.91,1782.7862000000002,81.27790608160126,31.90420035597208,27.463418431500166,23.48071428571429,1896.08,0
05/27/2021,1896.08,1896.49,1903.87,1888.22,-0.02,1863.5957142857144,1785.9796000000001,78.5316631871955,31.986988816077883,28.36813250841571,22.416428571428565,1902.64,1
05/28/2021,1902.64,1897.05,1905.9,1881.84,0.35,1868.3957142857143,1789.1376,78.82635552505145,32.21063232395454,29.136632471523477,23.032142857142862,1906.36,1
05/31/2021,1906.36,1903.69,1911.13,1901.56,0.2,1873.3542857142859,1792.491,79.22209126115501,32.315531000223245,29.772412177263433,21.95571428571431,1900.19,0
06/01/2021,1900.19,1907.53,1916.84,1892.28,-0.32,1879.407857142857,1795.9525999999998,90.96181730304502,31.53725468105813,30.125380678022374,21.51785714285716,1907.94,1
06/02/2021,1907.94,1900.05,1909.34,1894.05,0.41,1885.2199999999998,1799.4275999999998,90.65654042170489,31.186328736628866,30.337570289743674,21.17928571428573,1870.57,0
06/03/2021,1870.57,1908.09,1909.89,1865.11,-1.96,1887.2471428571428,1802.3026,61.648333606961046,27.574904378609972,29.785037107516935,22.537857142857174,1889.97,1
06/04/2021,1889.97,1871.32,1896.6,1856.09,1.04,1888.95,1805.4626,60.163710777626164,25.978775273283418,29.023784740670234,23.462857142857178,1899.0,1
06/07/2021,1899.0,1888.49,1900.41,1880.88,0.48,1891.1485714285714,1809.2028,62.3893092899694,25.152534233232245,28.249534639182638,23.967857142857174,1892.82,0
06/08/2021,1892.82,1898.99,1903.95,1883.38,-0.33,1892.8092857142856,1813.3632,59.00813638124757,23.72556436728655,27.344740584803425,22.707857142857165,1888.3,0
06/09/2021,1888.3,1893.49,1899.4,1886.58,-0.24,1893.6385714285714,1816.989,54.59074733096081,21.976621431092326,26.271116754061207,22.152857142857183,1898.14,1
06/10/2021,1898.14,1888.57,1900.09,1869.84,0.52,1894.9128571428573,1820.3482000000001,56.7229424178475,21.14087843058587,25.245069089366144,22.89642857142862,1876.64,0
06/11/2021,1876.64,1898.42,1903.3,1874.07,-1.13,1894.5964285714288,1823.3042,48.55615670425662,18.530072621863155,23.902069795865547,24.10928571428576,1865.99,0
06/14/2021,1865.99,1874.59,1878.21,1844.57,-0.57,1892.2199999999998,1826.0552000000002,38.59601014602046,15.423827927030516,22.20642142209854,24.51928571428576,1858.69,0
06/15/2021,1858.69,1866.26,1869.67,1851.28,-0.39,1889.5235714285716,1828.3576,37.44595942800136,12.232054129916378,20.211547963662106,24.203571428571472,1811.95,0
06/16/2021,1811.95,1858.96,1862.43,1804.19,-2.51,1883.5142857142855,1829.851,28.61790270929707,5.863433016736735,17.341924974277035,27.24571428571434,1773.31,0
06/17/2021,1773.31,1812.18,1825.58,1766.88,-2.13,1874.2764285714286,1830.1984,21.738560377605864,-2.2754403114436172,13.418451917132906,29.720000000000027,1763.34,0
06/18/2021,1763.34,1772.73,1797.24,1761.04,-0.56,1864.060714285714,1830.6032,19.577980090189783,-9.421447160457546,8.850472101614816,31.622142857142876,1782.95,1
06/21/2021,1782.95,1764.44,1786.75,1764.44,1.11,1855.6864285714287,1831.6119999999999,26.410462776660026,-13.348473071674107,4.4106830669570325,31.540000000000028,1778.51,0
06/22/2021,1778.51,1783.23,1790.42,1771.99,-0.25,1846.4414285714286,1832.3056,23.60618296015342,-16.627271457138022,0.20309216213802195,31.76428571428575,1778.73,1
06/23/2021,1778.73,1778.8,1795.18,1773.13,0.01,1839.8814285714286,1833.1601999999998,27.92732166890991,-18.989096158488564,-3.6353455019872953,30.140714285714303,1775.18,0
06/24/2021,1775.18,1779.01,1788.56,1772.67,-0.2,1831.6821428571427,1833.3996,20.13632342993921,-20.906319543780228,-7.089540310345882,28.382142857142867,1780.34,1
06/25/2021,1780.34,1775.46,1790.6,1773.27,0.29,1823.2064285714284,1833.4802000000002,18.495114698385777,-21.758545050276325,-10.023341258331971,28.225000000000005,1778.18,0
06/28/2021,1778.18,1781.24,1785.9,1770.69,-0.12,1815.017857142857,1833.6576,18.8985349972871,-22.350590161630407,-12.48879103899166,27.84214285714287,1761.09,0
06/29/2021,1761.09,1778.44,1779.24,1750.11,-0.96,1805.9314285714286,1833.3344,17.69187788896231,-23.923040432216794,-14.77564091763669,29.007142857142867,1769.8,1
06/30/2021,1769.8,1761.35,1774.72,1752.78,0.49,1796.7642857142855,1832.8612,17.216716051905593,-24.18757508373369,-16.658027750856093,28.41357142857144,1776.6,1
07/01/2021,1776.6,1770.06,1783.07,1765.47,0.38,1789.6185714285714,1832.7144,22.37074679628809,-23.576739553340985,-18.04177011135307,27.582857142857147,1786.79,1
07/02/2021,1786.79,1776.83,1795.4,1773.73,0.57,1783.9614285714285,1832.9066,28.070661202791015,-22.016606422083896,-18.836737373499236,26.727857142857147,1791.61,1
07/05/2021,1791.61,1787.69,1795.69,1784.09,0.27,1779.1699999999998,1833.135,31.1678832116788,-20.158876972556754,-19.101165293310743,26.24285714285715,1796.69,1
07/06/2021,1796.69,1791.88,1815.34,1789.91,0.28,1778.0800000000002,1833.535,44.4077982996189,-18.06841797965012,-18.89461583057862,23.899285714285707,1803.41,1
07/07/2021,1803.41,1796.96,1810.13,1793.64,0.37,1780.23,1833.9768,64.39915805587451,-15.688617709086202,-18.253416206280136,20.88428571428572,1802.56,0
07/08/2021,1802.56,1803.67,1818.7,1794.28,-0.05,1783.0314285714285,1834.6032,70.5555555555555,-13.713120429196124,-17.345357050863335,20.04285714285715,1807.98,1
07/09/2021,1807.98,1802.89,1812.71,1796.09,0.3,1784.8192857142858,1835.391,65.41066371136553,-11.576726601029122,-16.191630960896493,19.557857142857156,1805.88,0
07/12/2021,1805.88,1807.94,1811.04,1791.21,-0.12,1786.7742857142857,1835.6614000000002,67.35133764422471,-9.938506631940754,-14.941006095105347,19.657857142857146,1807.44,1
07/13/2021,1807.44,1806.17,1817.51,1798.54,0.09,1788.8250000000003,1836.2406,67.89677097618753,-8.417297178872104,-13.6362643118587,19.43785714285715,1827.06,1
07/14/2021,1827.06,1807.72,1830.32,1804.21,1.09,1792.5307142857143,1837.0529999999999,76.94225176568337,-5.564414591096238,-12.021894367706208,20.16785714285715,1829.19,1
07/15/2021,1829.19,1827.35,1833.99,1820.07,0.12,1796.0200000000002,1837.3332,76.19302949061662,-3.0959235084671946,-10.236700195858406,19.924285714285734,1810.89,0
07/16/2021,1810.89,1829.45,1832.2,1808.65,-1.0,1798.3564285714288,1836.9414000000002,64.95109242161072,-2.5864684037467214,-8.706653837436068,20.520000000000014,1812.34,1
07/19/2021,1812.34,1811.65,1817.56,1794.66,0.08,1802.017142857143,1836.4794,77.33333333333334,-2.0421777273561474,-7.373758615420085,20.074999999999996,1810.03,0
07/20/2021,1810.03,1812.61,1825.27,1805.06,-0.13,1804.8907142857145,1835.9412,73.02804808242705,-1.7767399868523626,-6.254354889706541,19.95142857142857,1803.31,0
07/21/2021,1803.31,1810.32,1814.02,1794.18,-0.37,1806.7985714285714,1835.6986,65.30308238799131,-2.084596572077544,-5.420403226180742,20.11142857142857,1806.69,1
07/22/2021,1806.69,1803.58,1808.34,1792.11,0.19,1808.2199999999998,1835.3010000000002,62.36639323887651,-2.0324090354640703,-4.742804388037408,19.722857142857134,1801.34,0
07/23/2021,1801.34,1806.95,1810.56,1790.45,-0.3,1808.9150000000002,1834.484,56.006914433880716,-2.395140634579093,-4.273271637345745,20.33071428571426,1797.27,0
07/26/2021,1797.27,1802.65,1811.97,1795.68,-0.23,1808.9564285714284,1833.1068,50.362590647661875,-2.9767093730929446,-4.013959184495185,19.67785714285713,1798.73,1
07/27/2021,1798.73,1797.53,1805.6,1792.83,0.08,1808.6221428571428,1831.7169999999999,46.86830835117769,-3.2819645457393563,-3.86756025674402,19.41214285714284,1806.88,1
07/28/2021,1806.88,1799.0,1809.9,1792.6,0.45,1808.9307142857144,1830.4632000000001,52.633504023409024,-2.8335808257816097,-3.6607643705515382,18.903571428571418,1827.95,1
07/29/2021,1827.95,1807.15,1833.05,1806.29,1.17,1810.3571428571431,1829.4884,60.2232005733593,-0.76919379930996,-3.082450256303223,19.627857142857124,1813.58,0
07/30/2021,1813.58,1828.21,1831.63,1809.48,-0.79,1810.9071428571428,1828.154,53.50191013279962,-0.2893556013700618,-2.523831325316591,19.793571428571422,1813.39,0
08/02/2021,1813.39,1814.34,1819.94,1805.12,-0.01,1811.3321428571428,1826.8004,52.74016763378468,0.07472681127660508,-2.004119697997952,19.497142857142858,1809.94,0
08/03/2021,1809.94,1813.64,1815.18,1806.73,-0.19,1810.109285714286,1825.014,40.73593073593081,0.08391130196787344,-1.586513498004787,18.235714285714298,1811.41,1
08/04/2021,1811.41,1810.6,1832.1,1806.54,0.08,1808.8392857142858,1823.3134,40.30957052539788,0.20741583111953332,-1.227727632179923,19.067142857142862,1804.01,0
08/05/2021,1804.01,1811.69,1815.45,1797.74,-0.41,1808.347857142857,1821.4719999999998,45.74468085106377,-0.2884984646289013,-1.0398817986697186,18.65000000000001,1762.69,0
08/06/2021,1762.69,1804.28,1804.93,1758.33,-2.29,1804.8014285714287,1818.6729999999998,29.434181095186915,-3.9699299104190686,-1.6258914210195887,20.342857142857174,1729.46,0
08/09/2021,1729.46,1763.34,1764.65,1684.77,-1.89,1799.0464285714286,1815.135,23.432038514805853,-9.459827141047526,-3.1926785650251763,24.605000000000036,1728.71,0
08/10/2021,1728.71,1729.74,1738.49,1717.17,-0.04,1793.7178571428572,1811.7054,24.39242070575321,-13.713053436941209,-5.296753539408384,24.71071428571432,1751.56,1
08/11/2021,1751.56,1729.01,1754.63,1723.54,1.32,1789.7800000000002,1808.5778,33.30709138254706,-15.066287105382571,-7.250660252603222,25.772142857142903,1752.44,1
08/12/2021,1752.44,1751.66,1758.62,1741.29,0.05,1786.287142857143,1806.2151999999999,34.78152620440686,-15.884617904242532,-8.977451782931084,25.573571428571476,1779.15,1
08/13/2021,1779.15,1752.72,1780.53,1751.27,1.52,1784.9928571428572,1803.9988,45.05728314238956,-14.21402673065154,-10.024766772475175,26.50000000000005,1787.24,1
08/16/2021,1787.24,1778.44,1789.51,1770.38,0.45,1784.172142857143,1801.7635999999998,46.975201389985784,-12.097819666092619,-10.439377351198665,26.954285714285756,1785.96,0
08/17/2021,1785.96,1787.51,1795.77,1780.28,-0.07,1782.677857142857,1799.6264,44.28602643941875,-10.404064049517046,-10.432314690862343,26.825000000000028,1787.59,1
08/18/2021,1787.59,1786.21,1794.31,1777.31,0.09,1779.7949999999998,1797.6122,37.66654443222095,-8.82845421830234,-10.111542596350343,26.127857142857174,1780.18,0
08/19/2021,1780.18,1788.05,1792.56,1774.2,-0.41,1777.4092857142857,1795.253,39.33997191369847,-8.084504017569543,-9.706134880594185,25.857142857142872,1780.87,1
08/20/2021,1780.87,1780.44,1788.85,1777.96,0.04,1775.0864285714288,1793.3376,39.653855942987946,-7.354463216225213,-9.235800547720391,25.57642857142857,1805.2,1
08/23/2021,1805.2,1780.55,1806.92,1776.03,1.37,1774.747857142857,1792.1218,48.668838463266674,-4.757827679944512,-8.340205974165215,27.179285714285715,1802.61,0
08/24/2021,1802.61,1805.61,1810.03,1799.73,-0.14,1774.1192857142855,1791.0002,47.54409466398745,-2.8758160469046743,-7.247327988713107,26.089285714285715,1790.68,0
08/25/2021,1790.68,1802.86,1803.57,1782.45,-0.66,1773.1671428571428,1790.5747999999999,46.37160433338779,-2.3202135874355463,-6.261905108457595,26.332857142857133,1792.16,1
08/26/2021,1792.16,1791.09,1798.61,1779.48,0.08,1775.2721428571429,1790.9517999999998,60.24330900243312,-1.7404086566557453,-5.357605818097226,24.370714285714257,1816.67,1
08/27/2021,1816.67,1792.6,1819.38,1787.66,1.37,1781.5014285714285,1792.0184,82.26892621919643,0.6889018578485775,-4.148304282908065,20.930714285714252,1810.17,0
08/30/2021,1810.17,1817.55,1823.38,1807.28,-0.36,1787.32,1792.5628,78.91113003975022,2.0658385645647286,-2.905475713413507,20.557857142857124,1813.43,1
08/31/2021,1813.43,1810.26,1819.43,1801.47,0.18,1791.7392857142856,1793.2612,75.50498804518108,3.381149789888468,-1.648150612753112,19.619999999999973,1813.66,1
09/01/2021,1813.66,1813.57,1820.21,1808.18,0.01,1796.1121428571428,1793.9598,75.37301061007966,4.391480239473822,-0.4402244423077253,19.241428571428546,1809.4,0
09/02/2021,1809.4,1813.92,1817.53,1804.48,-0.23,1798.2728571428572,1794.6442000000002,65.4038089418475,4.793175261348779,0.6064554984235755,18.0835714285714,1826.19,1
09/03/2021,1826.19,1809.98,1834.55,1808.53,0.93,1801.055,1795.5611999999999,68.21966507624668,6.392643722802177,1.763693143299296,18.575714285714266,1823.1,0
09/06/2021,1823.1,1828.66,1830.6,1820.58,-0.17,1803.7078571428574,1796.4596000000001,67.08371665133392,7.326442161572913,2.8762429469540196,18.184999999999977,1794.13,0
09/07/2021,1794.13,1823.27,1827.39,1792.33,-1.59,1804.175,1797.1204,52.4037047927081,5.663561255634477,3.433706608690111,19.47499999999999,1788.93,0
09/08/2021,1788.93,1794.41,1802.6,1781.98,-0.29,1804.8,1797.5030000000002,53.269072704176935,3.881377511601613,3.523240789272412,19.63642857142856,1794.69,1
09/09/2021,1794.69,1789.19,1801.19,1783.83,0.32,1805.787142857143,1797.8648,54.97480201583879,2.9003346635802245,3.3986595641339745,20.098571428571436,1787.34,0
09/10/2021,1787.34,1794.61,1804.15,1786.53,-0.41,1804.5114285714287,1797.8758000000003,42.67552493438315,1.5123343164002563,3.021394514587231,19.150714285714294,1793.49,1
09/13/2021,1793.49,1788.55,1798.66,1783.73,0.34,1803.8600000000001,1797.9134,46.365954733822164,0.8982333684227797,2.596762285354341,19.481428571428587,1804.27,1
09/14/2021,1804.27,1793.77,1808.99,1781.89,0.6,1804.8307142857143,1798.065,55.46529397570977,1.2668068893133295,2.3307712061461388,19.908571428571445,1792.59,0
09/15/2021,1792.59,1804.53,1807.3,1790.28,-0.65,1804.8614285714286,1797.8485999999998,50.15981565450079,0.6094008798761479,1.9864971408921406,19.75785714285717,1753.39,0
09/16/2021,1753.39,1794.34,1796.71,1745.04,-2.19,1800.3414285714284,1796.8652,28.79640798820536,-3.039671074866419,0.9812634977404286,21.18285714285717,1754.16,1
09/17/2021,1754.16,1753.67,1768.22,1747.07,0.04,1796.3407142857143,1795.7888,30.482960485051223,-5.802565955933915,-0.37550239299444,21.543571428571454,1763.88,1
09/20/2021,1763.88,1754.3,1767.31,1742.24,0.55,1792.8014285714287,1794.9488000000001,33.47782594198068,-7.125716464395282,-1.7255452072746085,22.05142857142859,1774.25,1
09/21/2021,1774.25,1764.19,1782.07,1757.61,0.59,1789.9864285714286,1794.285,37.69129864451243,-7.253931632399144,-2.8312224922995157,22.939285714285738,1767.91,0
09/22/2021,1767.91,1774.51,1787.51,1764.84,-0.36,1787.0228571428572,1793.102,37.20786828636614,-7.777474209810407,-3.820472835801694,23.6264285714286,1742.57,0
09/23/2021,1742.57,1768.4,1776.6,1737.84,-1.43,1781.05,1791.3696,25.50960637300841,-10.120449457528139,-5.080468160146983,24.536428571428605,1749.86,1
09/24/2021,1749.86,1742.82,1758.08,1739.6,0.42,1775.8185714285714,1790.149,29.064715298422115,-11.259242606508906,-6.316223049419368,25.14071428571432,1749.85,0
09/27/2021,1749.85,1751.24,1761.29,1744.19,0.0,1772.6557142857143,1788.8992,34.83146067415724,-12.023946724867073,-7.45776778450891,23.85785714285716,1733.68,0
09/28/2021,1733.68,1750.45,1754.8,1727.18,-0.92,1768.7092857142857,1787.3722,32.39660995348244,-13.775963379137693,-8.721406903434668,24.35785714285716,1726.11,0
09/29/2021,1726.11,1733.97,1746.11,1721.07,-0.44,1763.810714285714,1785.8282000000002,28.39863928436432,-15.595509608220027,-10.09622744439174,24.906428571428574,1756.66,1
09/30/2021,1756.66,1726.4,1764.53,1721.67,1.77,1761.6192857142855,1784.8276,41.56864900516659,-14.406316373361506,-10.958245230185694,26.709285714285702,1760.36,1
10/01/2021,1760.36,1756.91,1764.4,1749.36,0.21,1759.2528571428572,1784.0080000000003,40.77107359741486,-13.015281031254972,-11.369652390399551,26.717142857142854,1769.51,1
10/04/2021,1769.51,1762.15,1771.06,1747.23,0.52,1756.77,1783.4528,40.22826942539076,-11.04720170588621,-11.305162253496883,26.483571428571427,1759.96,0
10/05/2021,1759.96,1769.75,1771.03,1748.56,-0.54,1754.439285714286,1782.6774000000003,40.71587093837138,-10.14118853978971,-11.072367510755448,26.872857142857146,1762.48,1
10/06/2021,1762.48,1760.45,1765.78,1745.45,0.14,1755.0885714285716,1781.7894000000001,53.26860841423945,-9.114754423448858,-10.680844893294132,24.634285714285706,1755.29,0
10/07/2021,1755.29,1762.74,1767.45,1751.38,-0.41,1755.1692857142857,1780.3362,50.388396232900206,-8.780257558242056,-10.300727426283718,24.27142857142855,1756.67,1
10/08/2021,1756.67,1755.89,1781.6,1753.03,0.08,1754.6542857142856,1779.198,47.37110770801428,-8.308041979424615,-9.902190336911897,24.52142857142855,1753.86,0
10/11/2021,1753.86,1757.34,1761.36,1749.68,-0.16,1753.1978571428572,1778.0074000000002,42.13166628077486,-8.06755351192487,-9.535262971914491,23.608571428571395,1759.93,1
10/12/2021,1759.93,1754.12,1769.78,1750.47,0.35,1752.6278571428572,1777.0072,46.91415313225059,-7.302982165456797,-9.088806810622954,23.368571428571386,1792.65,1
10/13/2021,1792.65,1760.05,1796.31,1757.89,1.86,1756.205,1776.6319999999998,68.32016388645009,-4.010591712634778,-8.07316379102532,23.34428571428566,1795.56,1
10/14/2021,1795.56,1792.75,1800.91,1786.22,0.16,1759.4692857142857,1776.4630000000002,67.27135298563866,-1.1532420221035409,-6.689179437240964,23.073571428571377,1767.26,0
10/15/2021,1767.26,1795.81,1796.89,1764.48,-1.58,1760.712857142857,1776.5544,55.420636403262975,-1.1589852329736914,-5.583140596387509,24.167142857142817,1764.6,0
10/18/2021,1764.6,1767.74,1772.3,1759.68,-0.15,1762.9214285714286,1777.2572,60.51128637476194,-1.362470822880823,-4.739006641686172,23.095714285714248,1768.87,1
10/19/2021,1768.87,1764.99,1785.53,1762.48,0.24,1765.9757142857143,1778.0604,64.86994018639584,-1.1657433412085538,-4.024353981590648,22.95357142857139,1781.83,1
10/20/2021,1781.83,1769.28,1788.68,1766.5,0.73,1767.7735714285716,1778.6658000000002,59.973056502099915,0.035518854873544115,-3.21237941429781,21.476428571428546,1782.76,1
10/21/2021,1782.76,1782.1,1789.61,1776.07,0.05,1769.3735714285715,1779.2722,59.07470426187003,1.0504619560217634,-2.3598111402338953,21.36928571428567,1792.48,1
10/22/2021,1792.48,1782.89,1814.22,1782.46,0.55,1771.0142857142857,1779.5387999999998,59.26284377772399,2.6090588363399547,-1.3660371449191253,21.935714285714248,1807.47,1
10/25/2021,1807.47,1794.0,1810.18,1791.95,0.84,1774.407857142857,1779.9433999999999,68.35355018156525,4.996232359821988,-0.09358324397090256,21.6328571428571,1792.63,0
10/26/2021,1792.63,1807.9,1808.5,1781.98,-0.82,1776.5614285714287,1780.0767999999998,60.63492063492063,5.625770221697394,1.0502874491627567,22.074999999999964,1796.69,1
10/27/2021,1796.69,1793.04,1799.38,1782.83,0.23,1779.5185714285715,1780.2588,64.93291011398065,6.378761193574746,2.1159821980451547,22.109285714285697,1798.62,1
10/28/2021,1798.62,1796.78,1810.49,1792.34,0.11,1782.5149999999999,1780.6276,65.07149529352583,7.04997906392191,3.102781571220506,21.36499999999999,1782.81,0
10/29/2021,1782.81,1799.03,1801.49,1771.7,-0.88,1784.5828571428572,1780.6663999999998,59.51238746139189,6.234323787824451,3.729090014541295,22.65857142857143,1793.05,1
11/01/2021,1793.05,1783.24,1796.2,1778.89,0.57,1786.9485714285713,1780.4234,60.59229883587053,6.341097303271681,4.2514914722873725,22.51571428571429,1787.28,0
11/02/2021,1787.28,1793.61,1796.91,1785.78,-0.32,1786.565,1780.1168,47.92487827498256,5.892203649525072,4.579633907734912,20.56642857142859,1769.52,0
11/03/2021,1769.52,1787.71,1788.42,1758.45,-0.99,1784.705,1779.6936,40.973377703826955,4.056606585768577,4.475028443341645,21.65785714285716,1791.7,1
11/04/2021,1791.7,1769.98,1799.26,1769.13,1.25,1786.4507142857144,1779.6844,58.847379090645845,4.3415763325604075,4.448338021185398,21.495000000000005,1816.73,1
11/05/2021,1816.73,1792.14,1818.61,1785.17,1.4,1790.1742857142856,1779.6856,66.2408872826968,6.512061731527865,4.861082763253892,22.982142857142858,1824.26,1
11/08/2021,1824.26,1818.44,1826.93,1812.08,0.41,1794.1307142857145,1779.9674000000002,66.9129770992367,8.739056710986006,5.636677552800315,22.396428571428583,1831.48,1
11/09/2021,1831.48,1824.74,1833.08,1817.7,0.4,1797.6771428571428,1780.3283999999999,65.71103094740845,10.960217373399473,6.701385516920146,21.910714285714285,1849.57,1
11/10/2021,1849.57,1831.9,1868.7,1821.6,0.99,1802.4492857142857,1781.0466000000001,69.07004624079468,14.018617124596403,8.164831838455399,24.307857142857156,1861.52,1
11/11/2021,1861.52,1849.69,1866.35,1842.66,0.65,1807.3807142857145,1782.089,69.45885005636981,17.20831929861538,9.973529330487395,23.731428571428573,1864.04,1
11/12/2021,1864.04,1861.99,1868.69,1844.78,0.14,1811.4214285714284,1782.846,67.14969987267327,19.712293146651746,11.921282093720265,24.137142857142862,1862.46,0
11/15/2021,1862.46,1868.15,1870.57,1855.73,-0.09,1816.4092857142857,1783.6331999999998,73.0203731786115,21.323414615664433,13.801708598109098,23.302857142857142,1849.91,0
11/16/2021,1849.91,1862.94,1877.4,1849.16,-0.67,1820.2107142857144,1784.7488,66.6146353646354,21.34154779377218,15.309676437241716,24.137857142857133,1866.96,1
11/17/2021,1866.96,1850.34,1868.32,1849.38,0.92,1825.092142857143,1786.3094,69.49452304883621,22.472660137944786,16.74227317738233,24.194285714285684,1858.46,0
11/18/2021,1858.46,1866.97,1871.29,1854.94,-0.46,1830.4957142857143,1787.5847999999999,72.51890218491403,22.42469789890106,17.878758121686076,23.23428571428568,1844.6,0
11/19/2021,1844.6,1858.9,1865.76,1842.98,-0.75,1834.177857142857,1788.73,65.02127163587622,21.025927507639835,18.50819199887683,23.624999999999968,1805.04,0
11/22/2021,1805.04,1846.74,1849.49,1801.95,-2.14,1835.4464285714287,1788.961,54.323692667250945,16.53462959417152,18.113479517935765,26.225714285714243,1789.73,0
11/23/2021,1789.73,1805.65,1812.5,1781.63,-0.85,1836.8899999999999,1788.6701999999998,54.979549598383684,11.606067073999384,16.81199702914849,26.289999999999946,1788.5,0
11/24/2021,1788.5,1790.34,1797.01,1778.44,-0.07,1836.6614285714284,1788.5883999999999,49.1207825035718,7.514275161340265,14.952452655586846,25.464285714285666,1788.45,0
11/25/2021,1788.45,1789.49,1795.65,1785.85,0.0,1834.6414285714286,1789.2896000000003,40.9936305732484,4.218833917389475,12.805728907947373,23.775714285714262,1791.81,1
11/26/2021,1791.81,1788.7,1815.78,1780.79,0.19,1832.3235714285715,1790.0426,39.38362886867758,1.856891815520612,10.615961489462022,25.214285714285683,1785.01,0
11/29/2021,1785.01,1790.05,1799.8,1781.23,-0.38,1829.0042857142855,1790.4651999999999,34.7549373400695,-0.557243926006322,8.381320406368353,25.44214285714283,1773.78,0
11/30/2021,1773.78,1785.34,1809.38,1769.43,-0.63,1823.5907142857143,1790.4558,23.964273445551328,-3.338150915225242,6.037426142049634,24.931428571428537,1782.66,1
12/01/2021,1782.66,1774.15,1794.8,1771.96,0.5,1817.9578571428572,1790.7507999999998,22.325940482874785,-4.7705065231295976,3.875839609013788,24.870714285714257,1768.64,0
12/02/2021,1768.64,1783.05,1783.58,1761.68,-0.79,1811.1435714285715,1791.2722,19.021950902714636,-6.9567622669503635,1.7093192338209577,24.727142857142812,1783.74,1
12/03/2021,1783.74,1768.84,1786.44,1765.63,0.85,1805.5207142857141,1791.9498,26.501492537313382,-7.385802952087033,-0.10970520336064049,25.153571428571386,1778.11,0
12/06/2021,1778.11,1784.79,1787.87,1775.91,-0.32,1800.3921428571427,1792.515,27.643542159671128,-8.086894053523565,-1.7051429733932255,23.99071428571423,1784.04,1
12/07/2021,1784.04,1778.08,1788.02,1771.93,0.33,1794.4692857142857,1793.5222,22.26013649136891,-8.07097518366868,-2.978309415448316,23.787142857142808,1782.06,0
12/08/2021,1782.06,1784.4,1793.6,1779.45,-0.11,1789.012142857143,1794.6412,23.275500209878246,-8.124474927415804,-4.007542517841814,23.629999999999946,1774.46,0
12/09/2021,1774.46,1782.49,1788.05,1772.8,-0.43,1784.0021428571429,1794.9972,24.341527655838462,-8.68007187847229,-4.942048389967909,23.092142857142807,1782.51,1
12/10/2021,1782.51,1774.94,1789.47,1769.43,0.45,1782.392857142857,1795.4402,39.28877056194732,-8.37428519478749,-5.628495750931826,21.127857142857092,1786.94,1
12/13/2021,1786.94,1782.94,1791.78,1781.51,0.25,1782.1935714285717,1795.7888,48.52052179446391,-7.68588497030737,-6.039973594806936,19.656428571428528,1770.18,0
12/14/2021,1770.18,1787.19,1789.74,1766.31,-0.94,1780.8850000000002,1795.9932000000001,41.659078492077974,-8.395931689357894,-6.5111652137171285,20.003571428571394,1777.06,1
12/15/2021,1777.06,1770.49,1781.04,1753.84,0.39,1780.0714285714287,1796.2848000000001,45.117873981997384,-8.307724056826373,-6.870476982338978,21.246428571428527,1799.03,1
12/16/2021,1799.03,1777.4,1799.53,1775.43,1.24,1780.587142857143,1797.1596000000002,52.668933905071725,-6.3913480022010845,-6.7746511863114005,20.468571428571376,1797.68,0
12/17/2021,1797.68,1799.55,1814.63,1795.67,-0.07,1781.4921428571429,1797.9797999999998,54.880209537015666,-4.9247702043930985,-6.404674989927741,20.496428571428527,1789.32,0
12/20/2021,1789.32,1799.4,1804.32,1787.98,-0.47,1782.6021428571428,1798.6889999999999,56.121002048211736,-4.386513864749759,-6.001042764892144,18.809999999999945,1788.36,0
12/21/2021,1788.36,1789.74,1800.85,1784.58,-0.05,1783.0092857142856,1799.2576000000001,52.39455553688448,-3.991395491926596,-5.599113310299035,18.340714285714235,1803.4,1
12/22/2021,1803.4,1788.94,1805.13,1785.41,0.84,1785.4921428571429,1799.4726,64.47850716427854,-2.4365717469290757,-4.966604997625043,18.184999999999963,1807.91,1
12/23/2021,1807.91,1803.69,1811.02,1798.88,0.25,1787.2185714285715,1799.7196,61.041571493832805,-0.8308657159830091,-4.139457141296637,17.565714285714243,1808.11,1
12/24/2021,1808.11,1808.19,1812.7,1801.61,0.01,1789.3614285714286,1800.5366000000001,64.42030378773313,0.45258904576621717,-3.2210479038840663,17.50357142857141,1810.9,1
12/27/2021,1810.9,1808.19,1813.74,1802.89,0.15,1791.28,1801.4625999999998,63.312846946867616,1.6755511634244158,-2.24172809042237,17.129285714285693,1805.37,0
12/28/2021,1805.37,1811.84,1820.7,1804.38,-0.31,1792.945,1802.1926,61.16058603849463,2.1734781654251947,-1.3586868392528573,17.284285714285698,1803.66,0
12/29/2021,1803.66,1805.59,1808.16,1788.94,-0.09,1795.0307142857143,1802.6291999999999,64.8163182463974,2.4024126750791766,-0.6064669363864506,17.56785714285713,1815.01,1
12/30/2021,1815.01,1803.99,1817.44,1795.78,0.63,1797.3521428571428,1803.2742,65.95640219952864,3.4598125025850095,0.20678895140784148,17.683571428571423,1828.39,1
12/31/2021,1828.39,1815.44,1830.58,1814.15,0.74,1800.312857142857,1803.9924,68.70656196407617,5.316182025530225,1.228667566232318,18.123571428571413,1800.85,0
01/03/2022,1800.85,1830.14,1832.06,1797.93,-1.51,1802.5035714285714,1803.86,62.61413177593146,4.513096244070994,1.8855533018000532,18.887857142857115,1814.56,1
01/04/2022,1814.56,1801.34,1816.83,1798.44,0.76,1805.1821428571427,1804.2985999999999,64.6028037383177,4.926141899690265,2.4936710213780957,18.25857142857139,1809.53,0
01/05/2022,1809.53,1814.9,1829.82,1807.97,-0.28,1805.9321428571427,1804.5554000000002,54.71020994078592,4.792361237856994,2.9534090646738758,18.0978571428571,1788.68,0
01/06/2022,1788.68,1809.94,1811.89,1786.03,-1.15,1805.2892857142858,1804.3566,46.56383628588884,2.9696856624850625,2.956664384236113,18.590714285714252,1795.63,1
01/07/2022,1795.63,1789.55,1799.2,1782.63,0.39,1805.74,1804.6130000000003,52.43535314550372,2.0622368708120575,2.7777788815513023,18.607142857142826,1801.41,1
01/10/2022,1801.41,1795.41,1802.57,1790.43,0.32,1806.672142857143,1804.7802,54.85599464166114,1.7888540639937673,2.5799939180397953,18.312142857142817,1822.01,1
01/11/2022,1822.01,1801.69,1823.35,1800.09,1.14,1808.0014285714285,1805.4748000000002,56.64975344815261,3.197584297238336,2.7035119938795034,18.56499999999996,1825.32,1
01/12/2022,1825.32,1822.49,1828.33,1814.2,0.18,1809.2450000000001,1806.5908,56.274778346428256,4.528896197390395,3.0685888345816816,18.707142857142816,1822.09,0
01/13/2022,1822.09,1825.94,1828.38,1811.83,-0.18,1810.2435714285714,1807.1986000000002,54.9308690744921,5.262671661071863,3.507405399879718,19.097142857142817,1817.22,0
01/14/2022,1817.22,1822.55,1829.66,1814.13,-0.27,1810.6950000000002,1807.2084000000002,52.196885428253594,5.3891034726621,3.8837450144361947,19.431428571428537,1818.99,1
01/17/2022,1818.99,1817.9,1823.72,1812.67,0.1,1811.667857142857,1807.1029999999998,54.86150770988013,5.567942031911798,4.220584417931316,19.054999999999968,1813.54,0
01/18/2022,1813.54,1819.77,1823.01,1805.53,-0.3,1812.3735714285715,1806.7442,53.4348491169517,5.209847546629817,4.418437043671016,18.930714285714252,1839.96,1
01/19/2022,1839.96,1813.69,1843.72,1809.97,1.46,1814.1557142857143,1806.552,57.85134369689723,6.977496054780659,4.930248845892945,19.794285714285675,1838.36,0
01/20/2022,1838.36,1840.3,1848.36,1835.67,-0.09,1814.8678571428572,1806.0888,53.38862075997546,8.155254902422712,5.5752500571988985,19.527142857142817,1833.24,0
01/21/2022,1833.24,1838.65,1843.53,1828.04,-0.28,1817.1814285714286,1805.4728,62.98821076269153,8.57663001208607,6.175526048176333,18.195714285714253,1843.06,1
01/24/2022,1843.06,1834.49,1844.53,1829.09,0.54,1819.217142857143,1805.0848,61.79635761589407,9.592389656271507,6.858898769795368,17.98499999999998,1847.56,1
01/25/2022,1847.56,1843.34,1853.98,1834.64,0.24,1821.9335714285714,1805.0378,65.81026024777586,10.637872116459448,7.614693439128184,17.805714285714267,1818.12,0
01/26/2022,1818.12,1847.99,1850.44,1814.9,-1.59,1824.0364285714284,1804.0609999999997,61.42325003880175,8.987262965706805,7.889207344443909,18.497142857142826,1796.51,0
01/27/2022,1796.51,1818.44,1822.51,1790.98,-1.19,1824.0992857142858,1802.8220000000001,50.30657748049048,5.867757073057874,7.4849172901667025,19.565714285714257,1791.03,0
01/28/2022,1791.03,1796.94,1799.82,1779.88,-0.3,1823.3578571428573,1801.7506,46.37620444072053,2.9196797261329266,6.5718697773599475,20.12285714285711,1796.47,1
01/31/2022,1796.47,1791.19,1800.23,1785.03,0.3,1821.5335714285713,1801.5792000000001,40.02811182258317,1.010619927531934,5.459619807394345,19.54714285714283,1800.65,1
02/01/2022,1800.65,1796.72,1809.16,1795.13,0.23,1819.7714285714285,1801.7976,40.4327929884434,-0.16315193664308936,4.335065458586858,19.53999999999998,1806.5,1
02/02/2022,1806.5,1800.94,1811.53,1794.11,0.32,1818.657857142857,1802.1576,44.07449638920565,-0.614247819553384,3.34520280295881,19.60214285714283,1804.4,0
02/03/2022,1804.4,1807.19,1809.22,1788.39,-0.12,1817.7421428571429,1802.4766,45.022519024693295,-1.128191912209104,2.4505238599252275,19.980714285714253,1807.49,1
02/04/2022,1807.49,1804.8,1815.44,1790.94,0.17,1816.9207142857142,1802.7902,45.58032282859339,-1.2715020484811248,1.7061186782439572,20.941428571428542,1820.31,1
02/07/2022,1820.31,1806.99,1824.06,1806.94,0.71,1817.4042857142856,1803.4962,52.462355423001384,-0.34661395526404704,1.2955721515423566,20.915714285714248,1825.48,1
02/08/2022,1825.48,1820.59,1829.09,1815.06,0.28,1816.3700000000001,1804.5302000000001,43.77043538117362,0.7943851372024255,1.1953347486743704,19.507142857142817,1832.43,1
02/09/2022,1832.43,1826.05,1836.35,1824.5,0.38,1815.9464285714287,1805.5256,47.56107592333641,2.233693427457183,1.403006484430933,19.447142857142826,1826.57,0
02/10/2022,1826.57,1832.94,1842.35,1821.46,-0.32,1815.47,1806.6842000000001,47.27332188700839,2.8684370346090873,1.6960925944665637,19.8328571428571,1859.96,1
02/11/2022,1859.96,1827.25,1865.63,1820.79,1.83,1816.6771428571428,1808.2086,55.79243213600222,5.996644281982981,2.5562029319698474,21.932857142857106,1870.29,1
02/14/2022,1870.29,1861.55,1874.41,1850.45,0.56,1818.3007142857143,1810.0522,57.49126623162614,9.20322666346442,3.8856076782687623,22.262857142857115,1853.06,0
02/15/2022,1853.06,1870.94,1879.89,1844.27,-0.92,1820.7964285714286,1811.4326,62.52329749103945,10.23615329666518,5.155716801948046,22.268571428571413,1868.37,1
02/16/2022,1868.37,1853.4,1873.16,1849.94,0.83,1825.929285714286,1813.1588000000002,76.97447447447443,12.150085521575875,6.554590545873612,21.674999999999986,1897.27,1
02/17/2022,1897.27,1868.84,1901.57,1867.18,1.55,1833.517857142857,1815.615,83.91648576171623,15.816555663353938,8.406983569369679,22.70714285714285,1897.87,1
02/18/2022,1897.87,1897.94,1902.84,1886.16,0.03,1840.7607142857144,1817.9222,83.40361048886543,18.556763829551983,10.43693962140614,22.81285714285712,1905.63,1
02/21/2022,1905.63,1900.4,1908.38,1887.19,0.41,1848.2592857142859,1820.296,83.78604531410915,21.111208816407498,12.571793460406411,23.324285714285697,1898.13,0
02/22/2022,1898.13,1905.89,1914.44,1891.16,-0.39,1854.804285714286,1822.855,79.17967008470798,22.273680429283786,14.512170854181889,23.742857142857115,1907.55,1
02/23/2022,1907.55,1898.44,1911.0,1889.23,0.5,1862.172142857143,1825.4647999999997,81.38501795168253,23.682070662400065,16.346150815825524,23.809999999999977,1903.14,0
02/24/2022,1903.14,1907.99,1974.48,1879.05,-0.23,1869.0042857142857,1827.5469999999998,78.87111379414429,24.163834284785935,17.909687509617605,28.876428571428555,1887.56,0
02/25/2022,1887.56,1903.55,1921.54,1883.1,-0.82,1873.807857142857,1829.3446000000001,69.96615402885811,23.023064082555038,18.932362824205093,30.399285714285707,1907.9,1
02/28/2022,1907.9,1920.86,1929.36,1890.59,1.08,1879.695,1831.7161999999998,72.44797908268872,23.48949125650438,19.84378851066495,32.382857142857134,1943.22,1
03/01/2022,1943.22,1908.19,1950.45,1900.93,1.85,1887.6085714285714,1834.8134,76.13588110403393,26.404788999553148,21.15598860844259,35.07357142857143,1926.11,0
03/02/2022,1926.11,1943.69,1948.18,1913.82,-0.88,1894.7185714285715,1837.2676000000001,72.29838709677415,27.023044621605095,22.329399811075092,36.0357142857143,1935.21,1
03/03/2022,1935.21,1926.49,1941.47,1921.73,0.47,1900.0935714285715,1839.8136,68.91558996531091,27.925403930943503,23.448600635048777,34.24285714285715,1968.45,1
03/04/2022,1968.45,1935.65,1970.8,1929.78,1.72,1907.105,1843.0204,72.12604814714632,30.965766307992908,24.952033769637605,35.46142857142858,1998.11,1
03/07/2022,1998.11,1977.09,2002.9,1960.76,1.51,1917.465714285714,1846.7646000000002,80.96051227321234,35.36097026370953,27.033821068451992,35.92714285714286,2052.41,1
03/08/2022,2052.41,1998.3,2070.29,1981.0,2.72,1930.6114285714284,1851.7053999999998,83.6773532425706,42.73315603797528,30.17368806235665,40.646428571428565,1991.49,0
03/09/2022,1991.49,2052.75,2059.25,1976.3,-2.97,1937.3414285714284,1855.4620000000002,65.43274585599161,43.16238243048588,32.7714269359825,44.11500000000001,1995.86,1
03/10/2022,1995.86,1991.94,2009.57,1970.66,0.22,1944.3407142857143,1859.079,65.85444778824063,43.35539590119379,34.88822072902476,45.702857142857155,1985.29,0
03/11/2022,1985.29,1996.15,1999.22,1958.8,-0.53,1950.0307142857143,1862.2169999999999,62.7725756798358,42.169347812418664,36.34444614570354,47.076428571428586,1951.11,0
03/14/2022,1951.11,1985.49,1990.33,1949.87,-1.72,1953.815,1865.2222,57.82523927685216,38.03293580198306,36.682144076959446,48.303571428571445,1917.84,0
03/15/2022,1917.84,1951.02,1954.95,1906.73,-1.71,1954.5499999999997,1867.2878,51.41981952148356,31.70471629748795,35.68665852106515,50.192857142857164,1927.93,1
03/16/2022,1927.93,1918.1,1929.87,1895.22,0.53,1956.320714285714,1869.6557999999998,53.367748947153906,27.19030253986398,33.987387324824915,45.85142857142858,1942.64,1
03/17/2022,1942.64,1927.56,1950.1,1923.4,0.76,1960.2549999999999,1872.735,57.50040851898253,24.516954980017545,32.09330085586345,45.01285714285713,1921.09,0
03/18/2022,1921.09,1942.9,1945.51,1917.93,-1.11,1961.1971428571428,1875.2441999999999,51.790222318738266,20.42396808862759,29.759434302416274,43.99714285714284,1935.95,1
03/21/2022,1935.95,1922.24,1940.69,1918.01,0.77,1960.677857142857,1877.935,48.95524961917628,18.169873309463355,27.441522103825694,42.07999999999999,1921.44,0
03/22/2022,1921.44,1935.86,1938.59,1910.89,-0.75,1960.3442857142857,1879.9235999999999,49.3238351721542,15.039287675537253,24.96107521816801,41.60428571428569,1943.38,1
03/23/2022,1943.38,1922.35,1948.55,1915.32,1.14,1960.927857142857,1882.2848000000001,51.140519864868644,14.165361179720094,22.80193241047843,42.567857142857115,1957.48,1
03/24/2022,1957.48,1944.88,1966.19,1937.18,0.73,1960.1442857142854,1884.9925999999998,48.38214907235348,14.444018641063167,21.130349656595378,41.70999999999997,1957.4,0
03/25/2022,1957.4,1957.49,1964.49,1943.55,0.0,1957.2364285714284,1887.7962,43.42220067862339,14.49135404649087,19.80255053457448,40.19571428571425,1923.2,0
03/28/2022,1923.2,1958.75,1959.36,1916.83,-1.75,1948.007142857143,1889.8804,27.67236910316231,11.635091426281633,18.16905871291591,36.85571428571426,1919.19,0
03/29/2022,1919.19,1922.95,1929.41,1890.03,-0.21,1942.8428571428572,1891.9934,34.447599380485315,8.944799157727175,16.324206801878162,33.7435714285714,1933.06,1
03/30/2022,1933.06,1920.07,1938.53,1915.74,0.72,1938.357142857143,1893.8554000000001,37.02157559725554,7.841524028144931,14.627670247131517,32.59214285714284,1937.23,1
03/31/2022,1937.23,1932.8,1949.92,1918.98,0.22,1934.9242857142856,1895.8328,39.79791118281399,7.220422157068697,13.146220629118954,31.91499999999998,1924.3,0
04/01/2022,1924.3,1937.51,1939.99,1917.56,-0.67,1933.0092857142859,1897.654,43.74445844416447,5.620066877370164,11.640989878769195,30.62714285714284,1932.44,1
04/04/2022,1932.44,1924.94,1937.05,1915.55,0.42,1934.052142857143,1899.4416,53.859166842884356,4.951525653932549,10.303097033801867,28.71857142857141,1923.76,0
04/05/2022,1923.76,1933.38,1944.73,1917.74,-0.45,1933.7542857142857,1900.9656,48.8894806924101,3.6788904999123133,8.978255727023956,28.17142857142856,1925.48,1
04/06/2022,1925.48,1923.69,1933.65,1915.24,0.09,1932.5285714285712,1903.1127999999999,45.090409704737915,2.777094974683905,7.738023576555947,27.579285714285724,1932.17,1
04/07/2022,1932.17,1925.32,1938.07,1920.27,0.35,1933.3200000000002,1905.826,53.464665415884966,2.572587426716609,6.70493634658808,26.880714285714298,1945.85,1
04/08/2022,1945.85,1931.92,1948.46,1927.38,0.71,1934.027142857143,1908.9224,53.11869959677414,3.474325530995884,6.058814183469641,26.766428571428573,1953.43,1
04/11/2022,1953.43,1947.15,1969.41,1940.05,0.39,1936.3121428571428,1912.0616,60.53758482113446,4.745894410064011,5.796230228788516,26.885000000000023,1966.59,1
04/12/2022,1966.59,1953.99,1978.63,1949.48,0.67,1937.97,1915.3804,58.114817145654094,6.7378541368543665,5.984555010401686,26.593571428571458,1977.72,1
04/13/2022,1977.72,1967.21,1981.82,1962.59,0.57,1939.4157142857143,1918.8048000000001,57.22650671236789,9.109584929788525,6.609560994279054,25.89500000000003,1973.52,0
04/14/2022,1973.52,1977.78,1980.81,1960.9,-0.21,1940.567142857143,1922.1871999999996,55.59100998890118,10.528922902260774,7.393433375875398,25.821428571428587,1974.54,1
04/15/2022,1974.54,1974.28,1975.69,1973.05,0.05,1944.2342857142855,1925.5282,73.13029374662092,11.602319628246278,8.235210626349575,22.97214285714288,1978.5,1
04/18/2022,1978.5,1972.84,1998.6,1971.05,0.2,1948.4707142857144,1928.692,76.73307491210664,12.626977238312065,9.113563948742074,22.12714285714287,1949.84,0
04/19/2022,1949.84,1979.19,1982.31,1943.8,-1.45,1949.6692857142857,1931.1791999999998,56.67356029271393,10.999606679379895,9.490772494869638,23.250000000000018,1957.41,1
04/20/2022,1957.41,1950.34,1958.57,1939.16,0.39,1951.1107142857143,1933.6788000000001,57.81443618339528,10.203124256519914,9.633242847199694,22.426428571428573,1951.49,0
04/21/2022,1951.49,1957.84,1958.0,1936.79,-0.3,1953.0528571428572,1936.1772,61.13340430759148,8.990573933691849,9.504709064498126,22.339285714285715,1929.73,0
04/22/2022,1929.73,1951.49,1955.93,1926.52,-1.12,1952.8592857142855,1937.5726000000002,49.00169454063213,6.2022729806649295,8.844221847731488,22.90428571428572,1897.69,0
04/25/2022,1897.69,1931.09,1934.71,1891.05,-1.66,1950.9971428571428,1938.1206,41.80652460871209,1.3911280974596139,7.353603097677113,24.09500000000001,1905.56,1
04/26/2022,1905.56,1897.95,1911.5,1895.38,0.41,1949.5742857142857,1939.1706,43.972403776325336,-1.7663344531708844,5.529615587507514,23.93142857142857,1886.12,0
04/27/2022,1886.12,1905.45,1907.25,1881.39,-1.02,1946.2849999999999,1939.5256,37.06387999325801,-5.770769962033228,3.269538477599366,24.50714285714285,1894.34,1
04/28/2022,1894.34,1886.14,1897.32,1872.19,0.44,1942.6057142857142,1939.4669999999999,35.07216136324121,-8.186657953739996,0.9782991913314938,24.79642857142856,1896.4,1
04/29/2022,1896.4,1894.43,1919.97,1892.25,0.11,1938.5321428571428,1939.4376000000002,32.92617208550391,-9.82182195916539,-1.1817250387678833,24.679285714285697,1862.77,0
05/02/2022,1862.77,1896.09,1900.1,1854.74,-1.77,1931.1164285714287,1938.5804,22.311713249413387,-13.673738807186282,-3.6801277924515636,25.837142857142826,1867.79,1
05/03/2022,1867.79,1863.05,1878.19,1850.33,0.27,1923.2642857142855,1937.9736000000003,19.694547058499282,-16.135340453844492,-6.17117032473015,26.453571428571404,1880.92,1
05/04/2022,1880.92,1868.04,1889.74,1861.17,0.7,1916.65,1937.441,25.669994745139363,-16.832659801467344,-8.30346822007759,27.07214285714284,1876.84,0
05/05/2022,1876.84,1881.47,1910.03,1872.48,-0.22,1909.6714285714286,1936.915,24.73624327678951,-17.5126375262264,-10.145302081307353,29.565714285714257,1882.96,1
05/06/2022,1882.96,1877.3,1892.93,1865.84,0.33,1902.847142857143,1936.823,25.567716857610606,-17.3576042618497,-11.587762517415822,29.53285714285713,1853.92,0
05/09/2022,1853.92,1883.8,1885.95,1851.36,-1.54,1895.9957142857145,1935.7434,25.518121490556553,-19.354913194183382,-13.141192652769334,29.252857142857142,1838.14,0
05/10/2022,1838.14,1853.74,1865.76,1835.46,-0.85,1887.4764285714286,1933.6417999999999,20.78291117534671,-21.9579909822603,-14.904552318667529,30.03071428571429,1852.12,1
05/11/2022,1852.12,1838.41,1857.99,1831.83,0.76,1880.3785714285714,1932.1619999999998,26.582457463354856,-22.63199220104093,-16.45004029514221,30.38428571428572,1821.72,0
05/12/2022,1821.72,1852.58,1859.3,1820.93,-1.64,1872.6635714285715,1929.8922,25.542321452832766,-25.327212618022713,-18.22547475971831,31.024285714285707,1811.15,0
05/13/2022,1811.15,1822.48,1829.06,1799.24,-0.58,1866.482142857143,1926.7462,28.293368114778787,-27.993414225423976,-20.179062652859443,30.03571428571427,1823.79,1
05/16/2022,1823.79,1811.05,1827.23,1786.95,0.7,1860.6414285714286,1923.2598,29.969134290333656,-28.75498626284184,-21.894247374855922,31.76142857142856,1814.67,0
05/17/2022,1814.67,1824.18,1836.55,1812.68,-0.5,1855.5378571428573,1918.505,31.565096238196034,-29.751488727908963,-23.465695645466532,31.619285714285702,1815.61,1
05/18/2022,1815.61,1815.2,1825.02,1807.3,0.05,1849.9142857142856,1914.9874,28.89389308884239,-30.11819021788574,-24.796194559950372,31.09,1841.72,1
05/19/2022,1841.72,1816.6,1849.46,1810.55,1.44,1846.0085714285713,1911.9045999999998,37.01557750759875,-27.979415713247818,-25.432838790609864,31.889285714285716,1845.68,1
05/20/2022,1845.68,1842.12,1849.59,1832.35,0.22,1844.787857142857,1909.1124000000002,45.27613466747748,-25.66898650632902,-25.480068333753696,29.880714285714298,1853.22,1
05/23/2022,1853.22,1846.53,1865.65,1844.08,0.41,1843.747142857143,1907.1546000000003,46.02802464423969,-22.964815629041368,-24.977017792811232,29.431428571428587,1865.9,1
05/24/2022,1865.9,1853.59,1869.99,1849.06,0.68,1842.6742857142856,1906.1158000000003,45.895277656318314,-19.572945960180277,-23.89620342628504,28.885714285714307,1852.83,0
05/25/2022,1852.83,1865.09,1868.4,1842.94,-0.7,1840.9592857142857,1904.6138,43.74576712685594,-17.735065781326966,-22.663975897293426,28.022142857142885,1850.02,0
05/26/2022,1850.02,1853.48,1854.71,1841.14,-0.15,1838.6064285714288,1902.7614,41.269083969465605,-16.317181700671654,-21.39461705796907,27.056428571428587,1852.73,1
05/27/2022,1852.73,1850.48,1862.3,1847.76,0.15,1838.5214285714285,1901.3942000000002,49.633417534347835,-14.804170734908666,-20.076527793356995,25.624285714285715,1856.21,1
05/30/2022,1856.21,1852.19,1864.34,1847.92,0.19,1839.8121428571428,1899.7994,56.02293180454636,-13.172447947089495,-18.695711824103498,24.632857142857137,1837.09,0
05/31/2022,1837.09,1856.4,1857.69,1834.9,-1.03,1838.7385714285715,1898.1124000000002,45.156300354495656,-13.2691614558114,-17.610401750445078,24.39214285714284,1845.55,1
06/01/2022,1845.55,1837.37,1850.4,1828.28,0.46,1840.4407142857142,1896.1557999999998,58.94452368440805,-12.518846837792353,-16.592090767914534,23.231428571428573,1868.13,1
06/02/2022,1868.13,1846.44,1870.69,1843.76,1.22,1844.5107142857144,1894.3688,69.61850984712846,-9.987075022104364,-15.271087618752501,23.02500000000001,1850.77,0
06/03/2022,1850.77,1868.53,1874.3,1847.02,-0.93,1846.4378571428572,1892.2362,58.99693210617578,-9.274523599304985,-14.071774814862998,22.096428571428582,1841.0,0
06/06/2022,1841.0,1850.29,1858.15,1840.5,-0.53,1848.3185714285714,1890.5922,58.74228036390192,-9.389937457803626,-13.135407343451124,21.65214285714288,1851.97,1
06/07/2022,1851.97,1841.6,1855.86,1836.73,0.6,1850.9157142857143,1889.2478,61.31864026895777,-8.498253871637871,-12.207976649088474,21.752857142857156,1853.26,1
06/08/2022,1853.26,1852.51,1859.9,1844.35,0.07,1851.74,1887.6517999999999,54.248895434462405,-7.599889194480966,-11.286359158166974,20.084285714285734,1847.61,0
06/09/2022,1847.61,1853.53,1855.52,1839.6,-0.3,1851.8778571428572,1885.8594,50.7018692268528,-7.260146052041819,-10.481116536941943,19.990000000000027,1870.96,1
06/10/2022,1870.96,1848.09,1876.47,1825.02,1.26,1853.145,1884.7926,55.78604044357466,-5.048550757514931,-9.394603381056541,22.12428571428573,1818.77,0
06/13/2022,1818.77,1875.8,1877.38,1818.9,-2.79,1849.7785714285715,1882.5191999999997,37.778123541310116,-7.421590902743219,-9.000000885393877,24.806428571428587,1808.1,0
06/14/2022,1808.1,1819.1,1832.19,1804.65,-0.59,1846.5835714285713,1880.2060000000001,38.25429336694505,-10.047401946409082,-9.209481097596917,24.95500000000001,1833.38,1
06/15/2022,1833.38,1808.35,1841.74,1807.24,1.4,1845.395,1878.3640000000003,46.091694851559616,-9.973522827385068,-9.362289443554548,26.450000000000014,1856.71,1
06/16/2022,1856.71,1833.99,1857.91,1815.95,1.27,1845.6792857142857,1876.8547999999998,50.85224839400428,-7.940899325843475,-9.078011420012334,28.408571428571445,1839.35,0
06/17/2022,1839.35,1857.34,1858.29,1833.72,-0.93,1844.4750000000001,1874.7248000000002,46.59228716953673,-7.642736761093147,-8.790956488228497,28.99071428571431,1838.29,0
06/20/2022,1838.29,1840.4,1846.42,1834.49,-0.06,1844.560714285714,1872.4219999999998,50.26164311878599,-7.406595301404423,-8.514084250863682,28.215000000000032,1832.56,0
06/21/2022,1832.56,1838.37,1844.15,1828.29,-0.31,1843.6328571428571,1869.7413999999999,47.133589302264014,-7.5942725588972735,-8.330121912470402,27.767857142857174,1837.39,1
06/22/2022,1837.39,1832.96,1848.44,1823.23,0.26,1841.4371428571428,1866.9347999999998,42.640298793334644,-7.269469583327009,-8.117991446641723,27.64500000000003,1822.43,0
06/23/2022,1822.43,1837.87,1846.19,1821.88,-0.81,1839.412857142857,1863.9130000000002,43.13602015113354,-8.125541672742884,-8.119501491861955,27.43285714285717,1826.18,1
06/24/2022,1826.18,1822.88,1832.15,1816.7,0.21,1838.3542857142857,1860.9458,46.30276419519013,-8.404509359063013,-8.176503065302168,27.27571428571431,1822.73,0
06/27/2022,1822.73,1838.15,1841.34,1820.4,-0.19,1836.265714285714,1857.8304,42.42094349403839,-8.802509576446937,-8.301704367531121,27.405000000000022,1819.69,0
06/28/2022,1819.69,1822.85,1830.09,1818.2,-0.17,1833.8678571428572,1855.2274000000002,41.376830208065805,-9.25652673164609,-8.492668840354115,27.143571428571427,1817.11,0
06/29/2022,1817.11,1819.95,1833.24,1812.1,-0.14,1831.6892857142855,1852.4214,42.03987890176431,-9.712562659717605,-8.736647604226814,27.516428571428573,1806.89,0
06/30/2022,1806.89,1817.8,1825.9,1802.2,-0.56,1827.1128571428574,1849.5294000000001,32.0481927710844,-10.774441946272873,-9.144206472636027,25.534285714285716,1810.18,1
07/01/2022,1810.18,1807.31,1812.09,1784.1,0.18,1826.4992857142856,1847.1384,46.68467773060598,-11.221162846607967,-9.559597747430416,23.356428571428573,1809.12,0
07/04/2022,1809.12,1812.27,1814.36,1803.45,-0.06,1826.572142857143,1845.3669999999997,50.425212606303134,-11.527839758874734,-9.95324614971928,22.168571428571422,1764.35,0
07/05/2022,1764.35,1808.74,1812.42,1763.48,-2.47,1821.6414285714286,1842.5428,25.2456429749695,-15.208138311119455,-11.004224581999317,23.199999999999996,1738.3,0
07/06/2022,1738.3,1764.87,1773.06,1731.75,-1.48,1813.1835714285714,1839.5864000000001,8.35033415406268,-19.99631366332119,-12.802642398263693,23.153571428571418,1739.61,1
07/07/2022,1739.61,1738.93,1749.14,1735.95,0.08,1806.0592857142856,1836.4918000000002,10.452022204599558,-23.415353455919785,-14.925184609794911,22.340714285714284,1741.82,1
07/08/2022,1741.82,1740.05,1752.5,1733.24,0.13,1799.1685714285716,1833.4001999999998,12.094302554027578,-25.650950405039566,-17.070337768843842,22.864285714285707,1733.67,0
07/11/2022,1733.67,1742.86,1744.92,1731.01,-0.47,1792.105,1830.8181999999997,11.868589496414046,-27.760310403295534,-19.20833229573418,22.72499999999999,1725.81,0
07/12/2022,1725.81,1733.99,1743.49,1722.93,-0.45,1784.135,1827.9786,7.957799547852261,-29.72359461385713,-21.31138475935877,22.392857142857128,1735.23,1
07/13/2022,1735.23,1726.17,1745.54,1707.38,0.55,1777.9064285714285,1825.0648,15.71248820383768,-30.171596834509728,-23.083427174388962,23.382142857142835,1709.45,0
07/14/2022,1709.45,1735.7,1736.94,1697.48,-1.49,1769.5685714285714,1821.717,10.878745224210746,-32.23528408049674,-24.91379855561052,25.097142857142835,1706.78,0
07/15/2022,1706.78,1709.81,1716.92,1698.82,-0.16,1761.2864285714288,1818.1933999999999,10.935920760056604,-33.69777085065175,-26.670593014618767,24.89428571428571,1709.01,1
07/18/2022,1709.01,1707.94,1724.05,1705.89,0.13,1753.3807142857142,1815.2951999999998,12.50677506775068,-34.281681900195736,-28.19281079173416,25.342142857142854,1711.07,1
07/19/2022,1711.07,1709.27,1718.64,1704.96,0.12,1745.8064285714286,1812.7538,13.951590970900185,-34.18415714527805,-29.391080062442942,24.80928571428571,1696.43,0
07/20/2022,1696.43,1711.3,1714.94,1692.53,-0.86,1737.9164285714285,1809.64,13.544554455445535,-34.886049064983126,-30.490073862950982,24.717142857142854,1718.49,1
07/21/2022,1718.49,1696.73,1720.69,1680.78,1.3,1731.367142857143,1807.5754000000002,23.07511599224759,-33.27863049421103,-31.047785189202994,25.56857142857143,1726.46,1
07/22/2022,1726.46,1718.61,1739.28,1712.93,0.46,1725.462857142857,1805.8816,26.67343944011742,-31.00422984196257,-31.03907411975491,26.671428571428578,1718.78,0
07/25/2022,1718.78,1728.15,1736.43,1714.57,-0.44,1722.2078571428572,1803.7814,33.735455778428175,-29.481617025050355,-30.727582700814004,24.737142857142867,1717.0,0
07/26/2022,1717.0,1719.69,1728.36,1713.2,-0.1,1720.6864285714287,1801.8280000000002,40.80469694353308,-28.094708213793865,-30.20100780340998,22.86928571428572,1733.89,1
07/27/2022,1733.89,1717.41,1740.6,1711.46,0.98,1720.277857142857,1800.1936,47.823439878234474,-25.340580703962814,-29.228922383520548,24.008571428571422,1755.11,1
07/28/2022,1755.11,1734.61,1757.43,1733.59,1.22,1721.2271428571428,1798.4614000000001,54.417924340136956,-21.20124341615815,-27.62338659004807,24.33571428571429,1765.22,1
07/29/2022,1765.22,1755.81,1768.17,1752.19,0.58,1723.4807142857142,1796.8522,60.35308787819122,-16.910067553449153,-25.48072278272829,24.483571428571427,1771.73,1
08/01/2022,1771.73,1765.05,1775.22,1758.05,0.37,1726.7607142857144,1795.2223999999999,65.20328433320093,-12.836011620518093,-22.95178055028625,24.241428571428578,1759.75,0
08/02/2022,1759.75,1772.23,1788.24,1759.86,-0.68,1728.512142857143,1793.0994,57.982810261752824,-10.45347763750351,-20.452119967729704,23.54285714285717,1764.9,1
08/03/2022,1764.9,1760.53,1772.9,1754.33,0.29,1732.4728571428573,1791.3408,70.85370440015045,-8.056865797392447,-17.973069133662253,22.05071428571432,1790.97,1
08/04/2022,1790.97,1765.34,1795.29,1763.0,1.48,1738.4864285714284,1790.1598,76.92356891589387,-4.007704204172569,-15.179996147764317,23.064285714285738,1774.15,0
08/05/2022,1774.15,1791.16,1795.29,1764.88,-0.94,1743.1392857142857,1788.5882000000001,69.0534690534691,-2.1313786914884076,-12.570272656509136,23.939285714285738,1788.52,1
08/08/2022,1788.52,1773.57,1790.26,1770.94,0.81,1748.6714285714286,1787.2344,71.13233287858121,0.5092909117993258,-9.954359942847443,24.34214285714287,1794.08,1
08/09/2022,1794.08,1789.21,1800.45,1782.85,0.31,1755.6464285714285,1786.3741999999997,78.03295630705631,3.0159204766341645,-7.360303858951122,23.998571428571445,1792.13,0
08/10/2022,1792.13,1794.21,1807.9,1787.32,-0.11,1760.9064285714285,1785.3058,73.89977930676368,4.789879019149794,-4.93026728333094,22.617857142857165,1789.45,0
08/11/2022,1789.45,1792.39,1799.4,1783.24,-0.15,1765.4057142857143,1783.7322,71.17026282180551,5.911357888423936,-2.761942248979965,21.890000000000036,1801.76,1
08/12/2022,1801.76,1790.06,1802.86,1784.52,0.69,1771.3328571428572,1782.7519999999997,77.04693611473279,7.704637824311931,-0.6686262343215859,21.63857142857145,1778.91,0
08/15/2022,1778.91,1802.05,1802.53,1772.75,-1.27,1775.7549999999999,1781.5102,67.74230526738128,7.19903506383298,0.9049060253093274,22.68285714285717,1775.54,0
08/16/2022,1775.54,1779.74,1783.37,1771.33,-0.19,1778.73,1779.9816,62.93880086983534,6.4520353504797185,2.0143318903434055,21.461428571428605,1761.05,0
08/17/2022,1761.05,1775.98,1782.63,1759.58,-0.82,1779.1542857142856,1778.1373999999998,51.925820256776056,4.637354260525171,2.538936364379759,21.405000000000037,1758.2,0
08/18/2022,1758.2,1761.63,1772.59,1755.37,-0.16,1778.652857142857,1776.3492,47.611594991834515,2.93539780246374,2.618228651996555,21.493571428571467,1747.83,0
08/19/2022,1747.83,1759.3,1759.88,1745.19,-0.59,1776.9457142857143,1773.8866,42.076647659461564,0.7412678389971461,2.2428364893966735,21.31642857142861,1735.7,0
08/22/2022,1735.7,1747.05,1749.31,1727.51,-0.69,1775.2278571428571,1772.2252,42.03484135921043,-1.9538626775536159,1.4034966560066156,20.846428571428596,1747.67,1
08/23/2022,1747.67,1736.4,1754.28,1730.52,0.69,1773.9971428571428,1771.0166,44.54021167374356,-3.0882941343661514,0.5051384979320621,21.21714285714287,1750.89,1
08/24/2022,1750.89,1748.55,1755.88,1742.29,0.18,1771.1342857142859,1769.3668,35.148955091151606,-3.685033376776346,-0.3328958770096195,19.881428571428597,1758.44,1
08/25/2022,1758.44,1751.55,1765.93,1749.71,0.43,1770.0121428571426,1767.4014000000002,43.74950266571175,-3.5082902376191214,-0.9679747491315199,18.867857142857183,1736.86,0
08/26/2022,1736.86,1758.55,1759.31,1733.83,-1.23,1766.3221428571428,1765.3516,30.56140878988556,-5.051317234146609,-1.7846432461345378,19.307857142857188,1737.82,1
08/29/2022,1737.82,1736.19,1745.63,1720.08,0.06,1762.3035714285713,1763.3422,28.071406298721556,-6.126095453828839,-2.652933687673398,19.875714285714334,1723.55,0
08/30/2022,1723.55,1738.36,1740.93,1720.85,-0.82,1757.405,1761.162,25.611664295874803,-8.036692686300057,-3.72968548739873,19.84000000000005,1710.7,0
08/31/2022,1710.7,1723.83,1726.86,1709.1,-0.75,1751.78,1758.6282,23.88406181601114,-10.467084333548883,-5.077165256628762,19.954285714285756,1696.09,0
09/01/2022,1696.09,1711.09,1711.81,1688.35,-0.85,1744.232142857143,1756.1013999999998,15.483112301561391,-13.417424406652117,-6.745217086633433,20.32000000000005,1711.44,1
09/02/2022,1711.44,1696.35,1718.31,1694.64,0.91,1739.4128571428573,1753.8066000000001,26.82558219413346,-14.351537861001816,-8.26648124150711,19.883571428571468,1710.21,0
09/05/2022,1710.21,1712.99,1716.34,1707.47,-0.07,1734.7464285714286,1751.5562,27.225824443979718,-15.017962500609201,-9.616777493327529,19.657142857142894,1701.15,0
09/06/2022,1701.15,1710.56,1727.24,1699.3,-0.53,1730.4678571428574,1749.1853999999998,28.29710144927546,-16.091680238186427,-10.91175804229931,20.006428571428597,1717.69,1
09/07/2022,1717.69,1701.61,1719.82,1690.9,0.97,1727.5742857142857,1747.1970000000001,36.647109235941755,-15.430100913061324,-11.815426616451713,20.84214285714287,1707.28,0
09/08/2022,1707.28,1718.4,1728.8,1703.5,-0.61,1724.677857142857,1745.2047999999998,36.63744809859623,-15.566355277557932,-12.565612348672957,21.600000000000005,1716.05,1
09/09/2022,1716.05,1708.84,1729.94,1708.22,0.51,1723.2742857142857,1743.3222,43.378041383028894,-14.79611177079505,-13.011712233097377,21.661428571428587,1724.07,1
09/12/2022,1724.07,1717.05,1735.37,1711.97,0.47,1721.5885714285712,1741.6212,41.82938651156347,-13.384255897738285,-13.08622096602556,21.635714285714293,1701.55,0
09/13/2022,1701.55,1724.75,1732.34,1696.7,-1.31,1718.064285714286,1740.3652,34.931590520400675,-13.922041115169804,-13.253384995854411,23.21071428571427,1695.8,0
09/14/2022,1695.8,1701.86,1707.49,1693.26,-0.34,1713.5900000000001,1739.5151999999998,30.657114624505937,-14.643416529223714,-13.531391302528272,23.068571428571413,1663.74,0
09/15/2022,1663.74,1696.06,1698.62,1660.04,-1.89,1708.3671428571429,1737.9978,28.793503480278474,-17.599213032779062,-14.34495564857843,24.004285714285693,1674.94,1
09/16/2022,1674.94,1664.27,1680.69,1653.85,0.67,1703.8757142857144,1736.6602000000003,32.785808147174805,-18.820999888467668,-15.240164496556279,24.09642857142855,1675.78,1
09/19/2022,1675.78,1675.44,1680.16,1659.67,0.05,1700.4635714285712,1735.5024000000003,35.88440399503577,-19.496747426246657,-16.091481082494354,24.125714285714253,1663.11,0
09/20/2022,1663.11,1675.47,1679.34,1659.6,-0.76,1697.064285714286,1734.2484000000002,35.922617286872125,-20.814706352697613,-17.036126136535007,24.267142857142826,1673.74,1
09/21/2022,1673.74,1663.67,1688.15,1654.15,0.64,1695.4678571428572,1733.0185999999999,43.229324447137266,-20.76211341641033,-17.781323592510073,25.019999999999964,1670.53,0
09/22/2022,1670.53,1675.06,1685.49,1655.53,-0.19,1692.5457142857142,1732.2402,36.62285004250864,-20.740371219417284,-18.373133117891516,25.469285714285693,1643.09,0
09/23/2022,1643.09,1671.55,1676.59,1639.59,-1.64,1687.7514285714285,1730.9664000000002,31.263957123715926,-22.675925096765468,-19.233691513666308,27.478571428571417,1621.57,0
09/26/2022,1621.57,1645.4,1650.02,1620.8,-1.31,1682.067142857143,1729.2176000000002,29.230608623029525,-25.650664743157677,-20.517086159564585,27.569999999999986,1628.8,1
09/27/2022,1628.8,1621.99,1642.94,1621.77,0.45,1675.7178571428572,1727.5722,25.61584462610412,-27.1122338137709,-21.836115690405848,27.03071428571429,1659.44,1
09/28/2022,1659.44,1629.26,1663.17,1614.35,1.88,1672.3007142857143,1726.8324000000002,38.18765432098769,-25.504149936743943,-22.569722539673467,28.710714285714307,1660.29,1
09/29/2022,1660.29,1659.88,1665.12,1641.05,0.05,1668.3178571428573,1725.6684,35.67170315551445,-23.885803310164647,-22.832938693771705,28.811428571428582,1659.67,0
09/30/2022,1659.67,1661.13,1675.57,1658.93,-0.04,1663.7178571428574,1724.3325999999997,32.797307404637294,-22.395123721703158,-22.745375699357997,28.32857142857144,1699.22,1
10/03/2022,1699.22,1661.3,1701.8,1659.1,2.38,1663.5514285714285,1723.9414,49.42950883894033,-17.81701152308824,-21.75970286410405,28.832857142857165,1726.24,1
10/04/2022,1726.24,1699.4,1729.73,1694.73,1.59,1665.7257142857143,1724.1262,56.750044349831484,-11.871687019636965,-19.782099695210633,30.31642857142859,1715.81,0
10/05/2022,1715.81,1726.42,1728.1,1700.15,-0.6,1669.445,1723.7646,62.77164581800341,-7.910402157735007,-17.407760187715507,29.55714285714287,1710.85,0
10/06/2022,1710.85,1716.06,1726.09,1706.53,-0.29,1672.01,1722.8794,59.086078639744905,-5.112353879518423,-14.948678926076091,29.037142857142857,1694.52,0
10/07/2022,1694.52,1711.1,1715.4,1690.35,-0.95,1673.3485714285714,1721.4653999999998,54.396996715157194,-4.164568432146098,-12.791856827290093,29.362857142857155,1667.96,0
10/10/2022,1667.96,1696.8,1700.33,1665.3,-1.57,1673.695,1719.39,51.06832900127762,-5.493288455633547,-11.332143152958784,30.45500000000001,1665.31,0
10/11/2022,1665.31,1668.4,1684.44,1660.45,-0.16,1673.0928571428574,1717.5012,48.0754303456463,-6.68310285060943,-10.402335092488913,29.74000000000001,1672.51,1
10/12/2022,1672.51,1666.49,1678.9,1660.95,0.43,1673.2342857142855,1715.6534,50.44394618834082,-6.964773925298232,-9.714822859050779,28.882142857142867,1665.8,0
10/13/2022,1665.8,1673.3,1682.84,1642.25,-0.4,1674.8564285714285,1713.15,55.613783556632235,-7.641356403470127,-9.300129567934649,29.13857142857143,1641.76,0
10/14/2022,1641.76,1665.9,1672.02,1639.9,-1.44,1676.2985714285714,1710.5022,54.929439914058314,-10.002082203707687,-9.440520095089257,29.34571428571428,1649.94,1
10/17/2022,1649.94,1644.09,1668.69,1643.69,0.5,1677.8085714285714,1707.7305999999999,55.13755225041317,-11.08513424430771,-9.769442924932948,29.742857142857133,1651.83,1
10/18/2022,1651.83,1650.49,1661.27,1645.61,0.11,1677.2649999999999,1704.8856,47.85016102604663,-11.656583743417968,-10.146871088629952,27.374285714285698,1628.49,0
10/19/2022,1628.49,1651.99,1654.9,1627.25,-1.41,1674.9935714285714,1701.6127999999999,42.02927611790657,-13.833342368151989,-10.88416534453436,27.629999999999995,1627.66,0
10/20/2022,1627.66,1629.93,1645.83,1621.93,-0.05,1672.7071428571428,1698.3770000000002,41.98507686914718,-15.447345936041529,-11.796801462835795,28.148571428571422,1656.66,1
10/21/2022,1656.66,1628.1,1659.08,1617.21,1.78,1669.6671428571428,1695.475,38.74907475943746,-14.222450202210666,-12.28193121071077,28.089285714285698,1648.6,0
10/24/2022,1648.6,1658.19,1670.55,1643.64,-0.49,1664.1214285714286,1692.8688,27.188858855329627,-13.743657815851066,-12.57427653173883,27.511428571428546,1652.52,1
10/25/2022,1652.52,1649.7,1662.89,1637.82,0.24,1659.6007142857143,1690.4084,30.665363230891444,-12.89920614202697,-12.639262453796459,27.305714285714284,1664.49,1
10/26/2022,1664.49,1653.21,1675.12,1649.15,0.72,1656.2892857142856,1688.4772,36.41902976329977,-11.135727410204026,-12.338555445077974,27.763571428571417,1662.94,0
10/27/2022,1662.94,1664.5,1671.09,1654.81,-0.09,1654.0335714285713,1686.572,39.871712636305354,-9.750828376323398,-11.82101003132706,27.13714285714283,1641.76,0
10/28/2022,1641.76,1663.3,1667.44,1637.39,-1.27,1652.162142857143,1684.4506,41.296837629550886,-10.244245618994455,-11.50565714886054,26.781428571428542,1633.12,0
10/31/2022,1633.12,1643.69,1645.8,1631.77,-0.53,1649.862857142857,1682.399,39.716312056737586,-11.20331330918998,-11.445188380926428,26.06999999999997,1647.5,1
11/01/2022,1647.5,1633.4,1657.13,1630.93,0.88,1648.0764285714286,1680.3956,42.3605595943552,-10.679924025904938,-11.29213550992213,26.659285714285684,1634.89,0
11/02/2022,1634.89,1647.77,1669.6,1634.4,-0.77,1645.8685714285714,1678.0756,40.88684474320425,-11.154078587138429,-11.26452412536539,26.274285714285675,1629.15,0
11/03/2022,1629.15,1635.8,1641.32,1616.18,-0.35,1644.9678571428572,1675.4897999999998,45.832507105558896,-11.856346934690237,-11.382888687230361,25.775714285714248,1680.27,1
11/04/2022,1680.27,1629.4,1682.17,1628.23,3.14,1647.1342857142859,1674.358,57.80775369407401,-8.193493395767291,-10.745009628937748,27.70499999999996,1674.68,0
11/07/2022,1674.68,1681.3,1682.08,1666.44,-0.33,1648.7664285714288,1673.0952000000002,55.77224271206995,-5.676289131416979,-9.731265529433594,27.703571428571372,1712.52,1
11/08/2022,1712.52,1674.75,1717.31,1664.32,2.26,1654.7685714285715,1672.8745999999999,69.77827990396835,-0.6208579940325762,-7.909184022353391,29.513571428571368,1706.32,0
11/09/2022,1706.32,1712.6,1722.94,1701.79,-0.36,1660.387142857143,1672.787,68.05785123966938,2.8524382873260947,-5.756859560417494,29.317142857142812,1754.75,1
11/10/2022,1754.75,1706.4,1757.59,1703.32,2.84,1667.3935714285715,1673.9602000000002,70.67402942292287,9.404537216739982,-2.7245802049859993,30.202857142857106,1770.69,1
11/11/2022,1770.69,1754.92,1773.17,1746.85,0.91,1676.1142857142856,1675.1452000000002,74.90514462894212,15.702340797144416,0.9608039954400835,30.16071428571427,1771.8,1
11/14/2022,1771.8,1771.42,1775.36,1752.9,0.06,1684.6342857142859,1676.3769999999997,74.61411473380107,20.54612034535694,4.877867265423455,29.974285714285674,1778.25,1
11/15/2022,1778.25,1771.88,1786.68,1766.56,0.36,1692.76,1677.9189999999999,74.02229918067404,24.62149041480734,8.826591895300233,29.55642857142855,1773.77,0
11/16/2022,1773.77,1778.34,1785.49,1769.82,-0.25,1700.6764285714287,1679.0406,73.11751699970796,27.17647847019066,12.496569210278318,29.512857142857133,1760.87,0
11/17/2022,1760.87,1773.82,1775.2,1754.13,-0.73,1709.1842857142856,1680.1124,75.73348312664734,27.839486451244056,15.565152658471467,28.87142857142856,1749.74,0
11/18/2022,1749.74,1760.74,1767.98,1747.04,-0.63,1717.5142857142857,1680.7862,74.9273255813954,27.15381479592952,17.88288508596308,29.36499999999999,1737.81,0
11/21/2022,1737.81,1750.82,1753.52,1732.03,-0.68,1723.9650000000001,1681.0610000000001,69.50792759320862,25.355481564034108,19.377404381577286,29.028571428571418,1740.24,1
11/22/2022,1740.24,1738.48,1749.98,1736.61,0.14,1731.49,1681.8348,73.8036061277057,23.851425823215322,20.27220866990489,27.469285714285725,1749.28,1
11/23/2022,1749.28,1740.3,1753.54,1728.25,0.52,1740.070714285714,1682.9044000000001,76.74428959437195,23.122363053933668,20.84223954671065,27.480000000000018,1754.96,1
11/24/2022,1754.96,1749.53,1759.08,1749.03,0.32,1745.4057142857143,1684.7288,70.84566006140106,22.740762729807557,21.22194418333003,24.34500000000001,1756.14,1
11/25/2022,1756.14,1756.48,1761.58,1745.46,0.07,1751.2242857142858,1686.3528,73.30891610392581,22.276765179796485,21.432908382623324,24.379285714285725,1740.75,0
11/28/2022,1740.75,1755.0,1764.08,1739.14,-0.88,1753.2407142857141,1687.6522,59.26850088646659,20.431675758223264,21.232661857743313,22.375714285714285,1749.73,1
11/29/2022,1749.73,1740.82,1759.33,1738.98,0.52,1756.3414285714284,1689.3845999999999,63.996904623718315,19.46960654464624,20.8800507951239,22.318571428571413,1768.45,1
11/30/2022,1768.45,1749.82,1770.39,1744.41,1.07,1757.32,1691.2788,55.464262922782396,19.987306089055664,20.70150185391025,20.297857142857133,1802.89,1
12/01/2022,1802.89,1768.54,1804.32,1767.36,1.95,1759.6200000000001,1693.9260000000002,61.19143611844848,22.91248600460085,21.14369868404837,21.057857142857124,1797.82,0
12/02/2022,1797.82,1803.15,1804.93,1778.26,-0.28,1761.4785714285715,1697.0206,58.80124475713701,24.53873823467643,21.822706594173987,21.358571428571427,1768.39,0
12/05/2022,1768.39,1797.92,1810.33,1765.32,-1.64,1760.7742857142857,1699.957,47.11358313817334,23.185531426505804,22.095271560640352,23.13642857142856,1770.91,1
12/06/2022,1770.91,1768.67,1781.46,1765.72,0.14,1760.57,1702.7992,49.15304430229806,22.062129722936106,22.088643193099507,23.141428571428555,1786.22,1
12/07/2022,1786.22,1771.14,1790.92,1768.32,0.86,1762.3807142857145,1705.3347999999999,57.40145985401463,22.15186195264141,22.10128694500789,23.250714285714285,1789.23,1
12/08/2022,1789.23,1786.29,1795.18,1780.96,0.17,1765.2014285714286,1707.9136,62.10384356035062,22.20983607047151,22.122996770100613,22.770714285714284,1796.63,1
12/09/2022,1796.63,1789.3,1806.45,1787.96,0.41,1769.4028571428573,1710.6528,68.54350567465323,22.592467233210755,22.216890862722643,22.55642857142857,1781.15,0
12/12/2022,1781.15,1797.35,1798.0,1777.22,-0.86,1772.325,1712.2914,61.91669094086805,21.399913674294567,22.053495425037028,23.08571428571427,1810.29,1
12/13/2022,1810.29,1781.21,1824.87,1779.81,1.64,1776.6828571428573,1713.9723999999999,65.90873533246412,22.546261584838476,22.15204865699732,24.49785714285713,1807.27,0
12/14/2022,1807.27,1810.49,1814.19,1796.07,-0.17,1780.4192857142857,1715.8016,63.83203765402716,22.94654827731756,22.310948581061368,25.07428571428571,1776.66,0
12/15/2022,1776.66,1807.4,1809.09,1772.0,-1.69,1781.885,1717.1178,54.69522240527182,20.556840719831598,21.960127008815416,26.572142857142858,1792.34,1
12/16/2022,1792.34,1776.72,1794.69,1773.89,0.88,1785.57,1719.0742,61.78876650975732,19.70112293866964,21.508326194786264,26.27642857142858,1787.44,0
12/19/2022,1787.44,1793.13,1799.1,1783.48,-0.27,1788.2635714285714,1721.4638,58.78079448609884,18.415291367233067,20.889719229275627,25.938571428571436,1817.41,1
12/20/2022,1817.41,1787.49,1821.6,1784.21,1.68,1791.7607142857144,1724.5058000000001,60.83281706345697,19.588781829871095,20.629531749394722,26.753571428571426,1814.13,0
12/21/2022,1814.13,1818.06,1824.39,1811.24,-0.18,1792.5635714285713,1727.3382000000001,52.884714095062115,20.023296786868514,20.508284756889484,25.052857142857142,1792.57,0
12/22/2022,1792.57,1814.2,1821.1,1784.11,-1.19,1792.1885714285713,1729.8736000000001,48.757749278311486,18.415656974978674,20.089759200507324,25.789999999999996,1797.91,1
12/23/2022,1797.91,1792.65,1803.6,1789.62,0.3,1794.297142857143,1732.9965999999997,57.883773101164415,17.37222798304265,19.54625295701439,23.573571428571427,1797.61,0
12/26/2022,1797.61,1798.57,1798.78,1798.04,-0.02,1796.2042857142858,1735.95,57.216216216216175,16.332820904083746,18.903566546428262,22.51142857142856,1813.93,1
12/27/2022,1813.93,1796.67,1833.39,1796.2,0.91,1798.1835714285714,1739.192,57.44852427288856,16.634221957274576,18.449697628597526,23.553571428571413,1804.09,0
12/28/2022,1804.09,1814.0,1815.18,1796.56,-0.54,1799.2450000000001,1742.704,53.8529350757104,15.895841335617433,17.93892637000151,23.867857142857133,1814.89,1
12/29/2022,1814.89,1804.16,1820.52,1802.02,0.6,1800.5492857142856,1746.4486,54.652466367713,15.997727272089833,17.550686550419176,23.868571428571418,1824.4,1
12/30/2022,1824.4,1815.14,1826.73,1809.84,0.52,1803.6385714285716,1749.8034000000002,61.365428075892126,16.653874632322186,17.37132416679978,23.590714285714284,1823.69,0
01/02/2023,1823.69,1823.85,1823.94,1823.85,-0.04,1804.5957142857144,1753.3051999999998,54.1398912506179,16.921524277719982,17.281364188983822,20.411428571428587,1839.49,1
01/03/2023,1839.49,1826.14,1850.69,1824.42,0.87,1806.8971428571429,1757.0446,59.22574733707477,18.19878227023719,17.4648478052345,21.045714285714293,1854.09,1
01/04/2023,1854.09,1839.51,1865.49,1835.92,0.79,1812.4278571428572,1760.8366,74.4089275581614,20.156761811152364,18.00323060641807,20.508571428571436,1833.19,0
01/05/2023,1833.19,1854.19,1859.36,1824.68,-1.13,1815.3457142857144,1764.2416,62.46719160104987,19.793848211457544,18.36135412742597,21.5,1865.71,1
01/06/2023,1865.71,1833.27,1870.37,1830.53,1.77,1820.9364285714287,1768.7205999999999,70.44136850352564,21.87813130900213,19.064709563741204,23.23,1871.59,1
01/09/2023,1871.59,1865.45,1881.8,1864.59,0.32,1824.8064285714283,1773.49,66.18666347992342,23.73085303717494,19.99793825842795,21.78857142857144,1877.27,1
01/10/2023,1877.27,1871.66,1881.04,1867.37,0.3,1829.3164285714286,1778.0854000000002,68.5968426013194,25.365083986174568,21.071367403977277,21.825714285714298,1876.38,0
01/11/2023,1876.38,1877.3,1887.09,1866.75,-0.05,1835.3028571428572,1782.9152,78.10718358038767,26.28540642215785,22.114175207613393,20.636428571428578,1896.86,1
01/12/2023,1896.86,1876.43,1901.88,1873.64,1.09,1842.3707142857145,1788.2694000000001,80.1254338427814,28.340640166336698,23.359468199358055,21.655000000000005,1920.21,1
01/13/2023,1920.21,1897.03,1922.24,1891.8,1.23,1851.1278571428572,1793.0682000000002,82.73173857325934,31.490573838655337,24.985689327217514,23.767142857142876,1918.0,0
01/16/2023,1918.0,1920.39,1929.24,1910.74,-0.12,1858.5614285714287,1797.9345999999998,80.04850724721373,33.423307355843235,26.67321293294266,22.43214285714287,1908.39,0
01/17/2023,1908.39,1917.81,1919.83,1903.51,-0.5,1866.0114285714285,1801.852,80.15496704059224,33.79005518434292,28.096581383222716,22.267857142857142,1903.76,0
01/18/2023,1903.76,1908.46,1926.3,1896.56,-0.24,1872.359285714286,1805.8008,76.64448042213832,33.32297664331759,29.14186043524169,23.070714285714285,1931.39,1
01/19/2023,1931.39,1903.83,1935.4,1900.48,1.45,1880.0014285714285,1809.3336,78.93341987127488,34.78138545996899,30.26976544018715,24.358571428571427,1926.57,0
01/20/2023,1926.57,1931.48,1937.72,1920.58,-0.25,1887.3500000000001,1812.4512,77.21693121693121,35.14314296065072,31.244440944279866,25.543571428571422,1931.3,1
01/23/2023,1931.3,1926.2,1935.69,1911.44,0.25,1893.907857142857,1815.6412000000003,75.79947170235486,35.40340148157634,32.076233051739166,25.34714285714285,1937.45,1
01/24/2023,1937.45,1931.35,1942.93,1916.82,0.32,1899.8621428571428,1818.8252000000002,74.59287231531748,35.69444845402154,32.79987613219564,25.100000000000005,1945.93,1
01/25/2023,1945.93,1937.54,1948.12,1919.88,0.44,1907.9150000000002,1822.2684,85.89074239144273,36.19216960389713,33.47833482653594,24.640000000000004,1928.99,0
01/26/2023,1928.99,1946.09,1949.27,1918.74,-0.87,1912.435,1825.6308000000001,72.36358495900475,34.81833666315697,33.74633519386015,23.975000000000005,1927.34,0
01/27/2023,1927.34,1929.4,1935.15,1916.65,-0.09,1916.4171428571428,1829.1828,70.30965391621123,33.21355773051823,33.63977970119176,24.067142857142862,1922.52,0
01/30/2023,1922.52,1928.4,1934.61,1920.58,-0.25,1919.6492857142857,1832.8770000000002,66.58845956448415,31.193248792063287,33.15047351936607,24.092857142857138,1927.88,1
01/31/2023,1927.88,1922.82,1931.15,1900.74,0.28,1923.327857142857,1836.6298000000002,68.28056226040032,29.682485392509307,32.45687589399472,24.812142857142867,1950.42,1
02/01/2023,1950.42,1927.92,1954.63,1920.56,1.17,1927.1535714285712,1840.6526000000001,68.7377553876294,29.95863959066537,31.957228633328853,25.22857142857145,1912.37,0
02/02/2023,1912.37,1950.54,1959.77,1911.33,-1.95,1926.5935714285715,1843.8008,47.51300596371016,26.798263083913753,30.925435523445834,26.514285714285734,1865.53,0
02/03/2023,1865.53,1912.57,1918.72,1861.41,-2.45,1922.8457142857144,1845.9886,37.028430160692245,20.280267096186208,28.79640183799391,29.286428571428587,1867.36,1
02/06/2023,1867.36,1865.17,1881.54,1860.39,0.1,1919.9150000000002,1848.5207999999998,39.450815035738145,15.08844383404994,26.054810237205118,29.631428571428582,1873.81,1
02/07/2023,1873.81,1867.39,1884.45,1864.94,0.35,1917.775714285714,1851.0023999999999,42.370981710734135,11.363357872729011,23.1165197643099,28.900714285714294,1875.59,1
02/08/2023,1875.59,1874.05,1886.28,1867.4,0.09,1913.7899999999997,1853.1452,33.63060314480168,8.457340576848082,20.184683926817538,27.754999999999995,1861.39,0
02/09/2023,1861.39,1875.64,1890.69,1858.89,-0.76,1909.1342857142859,1854.3152000000002,31.876320765209712,4.951402916806273,17.138027724815284,28.802142857142844,1864.67,1
02/10/2023,1864.67,1861.68,1872.31,1852.69,0.18,1904.375,1855.6522,31.322531815888368,2.409811839374015,14.192384547727032,28.47142857142855,1853.39,0
02/13/2023,1853.39,1865.69,1866.83,1850.42,-0.6,1898.3707142857143,1857.3522,27.095367847411467,-0.5087545243050045,11.252156733320625,27.778571428571386,1854.29,1
02/14/2023,1854.29,1853.67,1871.03,1843.2,0.05,1891.825,1859.0198,23.9540700318326,-2.7177879485627727,8.458167796943947,27.749285714285683,1836.19,0
02/15/2023,1836.19,1854.35,1860.18,1830.2,-0.98,1885.1964285714287,1860.0192000000002,23.797153828777923,-5.861414842798467,5.594251268995464,27.709999999999972,1837.44,1
02/16/2023,1837.44,1836.56,1845.45,1827.18,0.07,1878.775,1860.9834,24.55852388498981,-8.157858536654658,2.8438293078654393,27.6935714285714,1841.59,1
02/17/2023,1841.59,1837.52,1843.77,1818.34,0.23,1872.9942857142858,1861.8826000000001,27.009828986989305,-9.533045379001805,0.36845437049199026,28.50785714285712,1841.14,0
02/20/2023,1841.14,1842.73,1847.86,1837.09,-0.02,1866.7985714285714,1863.0824,24.652250146113275,-10.53772970985483,-1.812782445577374,27.10499999999997,1834.32,0
02/21/2023,1834.32,1841.71,1844.44,1829.7,-0.37,1858.5057142857145,1863.563,12.639979405328688,-11.748833049300174,-3.799992566321934,25.724285714285674,1825.04,0
02/22/2023,1825.04,1834.71,1846.26,1823.05,-0.51,1852.267857142857,1863.9184,15.512202827580566,-13.30409825200718,-5.700813703458984,23.922142857142813,1822.64,0
02/23/2023,1822.64,1825.12,1834.43,1817.55,-0.13,1849.2042857142858,1864.838,23.90166727516106,-14.562450211369878,-7.473141005041162,21.034285714285684,1810.81,0
02/24/2023,1810.81,1822.74,1827.98,1808.91,-0.65,1845.1649999999997,1865.2074,19.322990126939175,-16.32608835376118,-9.243730474785167,20.88571428571426,1817.31,1
02/27/2023,1817.31,1812.01,1820.22,1806.68,0.36,1841.1292857142857,1865.8048,19.36673172847516,-17.003285321688963,-10.795641444165927,20.459285714285688,1827.15,1
02/28/2023,1827.15,1817.38,1831.27,1804.65,0.54,1837.669285714286,1865.9995999999999,25.847626645392864,-16.555125848450643,-11.94753832502287,21.01214285714283,1836.81,1
03/01/2023,1836.81,1827.24,1845.05,1823.05,0.53,1835.9135714285712,1866.4532000000002,37.163150198454005,-15.244743060603469,-12.60697927213899,20.312142857142835,1836.0,0
03/02/2023,1836.0,1837.2,1838.94,1829.44,-0.04,1833.8657142857141,1867.3218,34.630642221507344,-14.10897599820919,-12.907378617353029,19.589285714285698,1854.97,1
03/03/2023,1854.97,1836.1,1856.47,1834.51,1.03,1833.9785714285715,1868.4630000000002,50.78248811410456,-11.545067604615724,-12.634916414805568,19.985714285714284,1846.85,0
03/06/2023,1846.85,1855.35,1858.84,1845.08,-0.44,1833.4471428571428,1869.4478,46.561286744315,-10.052489032944322,-12.118430938433319,18.98071428571429,1813.52,0
03/07/2023,1813.52,1846.92,1852.26,1812.72,-1.8,1831.827857142857,1869.4396,40.81516894903164,-11.427335006330622,-11.980211752012782,19.663571428571426,1813.59,1
03/08/2023,1813.59,1813.61,1824.38,1809.4,0.0,1830.1242857142856,1869.6296,40.24380266710293,-12.368683446945852,-12.057906090999396,19.428571428571427,1830.89,1
03/09/2023,1830.89,1813.65,1835.56,1811.84,0.95,1829.36,1869.9496,46.04816073275232,-11.58519651640836,-11.963364176081189,19.30642857142857,1867.83,1
03/10/2023,1867.83,1830.96,1870.28,1827.71,2.02,1831.2664285714286,1870.8181999999997,57.7645895153313,-7.892547821355947,-11.149200905136142,21.577857142857138,1913.23,1
03/13/2023,1913.23,1869.01,1914.79,1869.01,2.43,1836.902857142857,1872.6090000000002,68.74792112140652,-1.2878510053305945,-9.176930925175034,23.87928571428571,1902.12,0
03/14/2023,1902.12,1913.19,1914.52,1895.17,-0.58,1842.4085714285713,1873.8616,68.15526662898056,3.0151775656902373,-6.7385092270019795,23.603571428571417,1918.1,1
03/15/2023,1918.1,1903.91,1937.46,1885.78,0.84,1849.2271428571428,1875.1418000000003,71.13255999291589,7.626893083547429,-3.8654287648920977,26.089285714285698,1919.12,1
03/16/2023,1919.12,1920.54,1934.12,1907.55,0.05,1856.9635714285716,1876.8604,75.18251569402462,11.234511872939265,-0.8454406373258254,26.624999999999982,1987.93,1
03/17/2023,1987.93,1920.0,1989.8,1918.33,3.59,1869.1507142857142,1879.3048,80.75785982117102,19.422082014224543,3.2080638929842484,30.762857142857133,1978.71,0
03/20/2023,1978.71,1987.59,2010.19,1965.77,-0.46,1879.9764285714284,1881.4472,77.383103273831,24.880012101963757,7.542453534780151,32.034285714285716,1940.15,0
03/21/2023,1940.15,1979.17,1985.3,1935.41,-1.95,1887.3578571428573,1882.7047999999998,66.90550975003273,25.79662385615302,11.193287599054726,34.02642857142856,1969.58,1
03/22/2023,1969.58,1940.44,1978.93,1934.33,1.52,1896.8992857142857,1884.5688,69.98145156465024,28.56848065665872,14.668326210575525,36.53357142857143,1993.5,1
03/23/2023,1993.5,1967.91,2003.43,1964.39,1.21,1906.7942857142857,1886.5016,70.41950414197693,32.32274475213535,18.19920991888749,37.753571428571426,1977.22,0
03/24/2023,1977.22,1993.99,2003.19,1975.18,-0.82,1916.1064285714288,1887.6417999999999,68.7652934910902,33.597079929478696,21.278783921005733,38.771428571428565,1956.56,0
03/27/2023,1956.56,1977.66,1979.89,1943.68,-1.04,1926.3235714285715,1888.4129999999998,71.36838960262921,32.564526807118455,23.535932498228277,38.53357142857143,1973.69,1
03/28/2023,1973.69,1957.23,1975.45,1948.66,0.88,1937.7592857142859,1889.719,72.75699340459403,32.75093644849312,25.378933288281246,39.37714285714286,1964.04,0
03/29/2023,1964.04,1972.82,1974.64,1958.62,-0.49,1947.2700000000002,1890.9246000000003,69.34701113016183,31.753953273518846,26.653937285328766,38.82714285714287,1980.25,1
03/30/2023,1980.25,1962.58,1984.4,1955.44,0.83,1955.3,1891.9018000000003,67.38202733626073,31.904078099125854,27.703965448088184,37.85500000000002,1967.9,0
03/31/2023,1967.9,1978.62,1987.84,1966.89,-0.62,1959.205,1892.7284,59.41514827954396,30.672932841705233,28.297758926811593,35.99714285714286,1984.11,1
04/03/2023,1984.11,1970.84,1990.64,1949.82,0.82,1965.0614285714287,1893.7846,63.87638357648174,30.651916667467503,28.768590474942776,37.5307142857143,2019.97,1
04/04/2023,2019.97,1984.59,2025.19,1977.01,1.81,1972.337857142857,1895.435,66.15394373790875,33.146768192865466,29.644226018527316,37.2807142857143,2020.35,1
04/05/2023,2020.35,2020.44,2032.2,2009.99,0.02,1979.5685714285714,1896.9234,66.08510503066705,34.75399638862905,30.666180092547666,36.96928571428574,2008.02,0
04/06/2023,2008.02,2020.13,2021.63,2000.88,-0.61,1981.0035714285714,1898.504,53.8905457221426,34.63357407603803,31.45965888924574,33.346428571428596,1989.95,0
04/10/2023,1989.95,2008.3,2011.17,1981.59,-0.9,1981.8064285714286,1899.7562,52.10455362492512,32.70306002399616,31.708339116195827,32.2864285714286,2003.14,1
04/11/2023,2003.14,1990.36,2007.58,1988.72,0.66,1986.3057142857142,1901.3685999999998,63.0322340381512,31.870058302037478,31.74068295336416,30.070000000000032,2014.67,1
04/12/2023,2014.67,2003.67,2028.4,2001.18,0.58,1989.5264285714288,1903.1044,60.07507708808155,31.774002157459563,31.747346794183244,28.828571428571454,2039.73,1
04/13/2023,2039.73,2014.0,2048.84,2012.45,1.24,1992.8285714285716,1904.8906,60.277444311057764,33.33573592273365,32.06502461989333,28.63928571428575,2003.04,0
04/14/2023,2003.04,2040.4,2047.6,1992.41,-1.8,1994.672857142857,1906.704,55.26251426707972,31.25258447475494,31.90253659086565,30.58071428571431,1994.77,0
04/17/2023,1994.77,2001.85,2015.13,1981.34,-0.41,1997.4021428571427,1909.2888,58.20203494612116,28.60461585340704,31.24295244337393,30.40785714285718,2004.93,1
04/18/2023,2004.93,1995.19,2011.98,1991.33,0.51,1999.6335714285713,1912.0402,56.9127279164454,27.014502365417457,30.397262427782636,29.969285714285757,1993.26,0
04/19/2023,1993.26,2007.49,2008.33,1969.28,-0.58,2001.7207142857144,1914.4292,56.40845688218266,24.529889206845382,29.223787783595185,31.61428571428574,2004.34,1
04/20/2023,2004.34,1993.58,2012.74,1990.49,0.56,2003.4414285714286,1917.0042,55.40498092887592,23.1875867127294,28.01654756942203,31.135000000000023,1982.89,0
04/21/2023,1982.89,2004.29,2005.75,1971.65,-1.07,2004.512142857143,1919.4342,53.23129984910541,20.160568100955288,26.445351675728684,32.07428571428574,1988.88,1
04/24/2023,1988.88,1981.34,1990.97,1974.19,0.3,2004.8528571428574,1921.9184,51.07563252604524,18.03705701650574,24.7636927438841,30.357142857142872,1997.87,1
04/25/2023,1997.87,1991.45,2003.9,1976.14,0.45,2003.2742857142857,1924.808,44.32926203428097,16.884937995737346,23.18794179425475,28.89857142857144,1989.48,0
04/26/2023,1989.48,2000.63,2009.51,1983.43,-0.42,2001.0692857142858,1927.5118,42.39167940060137,15.120571948175439,21.57446782503889,29.175000000000004,1987.87,0
04/27/2023,1987.87,1987.58,2003.45,1973.8,-0.08,1999.6299999999999,1930.5454,44.75670049440537,13.437486618055118,19.947071583642135,29.810714285714294,1989.65,1
04/28/2023,1989.65,1986.75,1995.13,1976.08,0.09,1999.6085714285714,1933.5896,49.91470487888094,12.107690571743888,18.379195381262484,29.05857142857144,1982.05,0
05/01/2023,1982.05,1991.34,2006.05,1977.05,-0.38,1998.1021428571428,1936.3988,43.80689493157921,10.321580386494588,16.767672382308906,29.78285714285716,2016.28,1
05/02/2023,2016.28,1982.81,2019.54,1978.38,1.73,1998.2171428571426,1939.9016000000001,50.41716328963049,11.535179752620934,15.721173856371312,30.778571428571436,2039.02,1
05/03/2023,2039.02,2014.8,2040.69,2007.96,1.13,1998.1664285714285,1943.9956,49.81379491214266,14.168567520923716,15.410652589281794,30.517142857142858,2051.11,1
05/04/2023,2051.11,2036.86,2073.29,2030.34,0.59,2001.6000000000001,1948.517,64.47455585666972,17.034742353401043,15.735470542105645,29.64285714285716,2016.54,0
05/05/2023,2016.54,2051.73,2053.13,1999.3,-1.69,2003.1550000000002,1952.395,55.65895502989341,16.32847201014647,15.85407083571381,31.07428571428573,2021.39,1
05/08/2023,2021.39,2015.95,2029.63,2014.1,0.24,2004.3307142857143,1956.6066,54.400128314798984,15.97594143340666,15.87844495525238,30.70857142857145,2034.17,1
05/09/2023,2034.17,2022.24,2037.7,2019.5,0.63,2007.252857142857,1960.9438,60.87164496412438,16.537167432446722,16.01018945069125,29.219285714285743,2029.51,0
05/10/2023,2029.51,2034.19,2048.22,2021.57,-0.23,2009.0507142857143,1964.991,56.92510867770869,16.416678771495754,16.091487314852152,29.533571428571445,2015.55,0
05/11/2023,2015.55,2030.56,2041.44,2011.19,-0.69,2011.3835714285713,1968.5657999999999,59.372130394857585,15.021575931474217,15.877505038176565,29.258571428571454,2011.15,0
05/12/2023,2011.15,2015.19,2022.56,2001.05,-0.22,2012.9742857142858,1972.0688,56.44946423399939,13.40636343936103,15.383276718413459,29.596428571428596,2020.6,1
05/15/2023,2020.6,2011.72,2022.2,2007.28,0.47,2014.597857142857,1975.3813999999998,56.56518976373402,12.741950649934779,14.855011504717723,28.679285714285747,1988.6,0
05/16/2023,1988.6,2015.9,2018.94,1985.47,-1.58,2014.5349999999999,1978.2164000000002,49.77633184221226,9.523485351667205,13.78870627410762,29.325714285714316,1981.72,0
05/17/2023,1981.72,1988.94,1993.13,1974.8,-0.35,2014.0957142857144,1981.5804,48.47764740828758,6.34453407408796,12.299871834103689,28.51714285714289,1958.05,0
05/18/2023,1958.05,1981.52,1986.12,1951.97,-1.19,2011.8385714285712,1984.4696000000001,42.942647847060904,1.893395220439288,10.21857651137081,29.595714285714298,1976.56,1
05/19/2023,1976.56,1957.4,1984.09,1954.05,0.94,2011.4464285714287,1987.3830000000003,48.830870139273394,-0.13896023721054007,8.147069161654539,29.67000000000001,1969.43,0
05/22/2023,1969.43,1977.8,1982.66,1968.4,-0.36,2008.1000000000001,1989.415,38.72117097597383,-2.2984528580223014,6.057964757719171,27.748571428571445,1974.73,1
05/23/2023,1974.73,1971.99,1977.8,1954.29,0.27,2003.5078571428571,1990.645,33.10381077529567,-3.5413778132676725,4.138096243521803,27.090000000000014,1957.01,0
05/24/2023,1957.01,1975.19,1985.3,1956.51,-0.9,1996.7864285714284,1991.7428,25.980191954257663,-5.888383088023602,2.132800377212722,26.07857142857144,1940.34,0
05/25/2023,1940.34,1958.13,1964.95,1938.86,-0.85,1991.3435714285713,1992.1875999999997,28.5931003483537,-8.989901373510293,-0.09173997293188085,24.097142857142867,1946.33,1
05/26/2023,1946.33,1940.69,1957.4,1936.84,0.31,1985.982142857143,1992.7318,29.047565877623853,-10.839582065859986,-2.241308391517502,24.456428571428578,1942.84,0
05/29/2023,1942.84,1944.09,1949.75,1940.3,-0.18,1979.4585714285715,1991.83,23.111346640758327,-12.443638653132666,-4.281774443840535,23.831428571428578,1959.14,1
05/30/2023,1959.14,1944.19,1963.63,1932.08,0.84,1974.4321428571427,1991.4386,30.611120295365637,-12.258285396402016,-5.877076634352832,24.1814285714286,1962.3,1
05/31/2023,1962.3,1959.3,1975.34,1953.67,0.16,1970.6285714285714,1991.8816,34.399718755493026,-11.721290276212585,-7.045919362724783,23.56857142857145,1977.88,1
06/01/2023,1977.88,1962.8,1983.27,1953.43,0.79,1968.2521428571429,1992.0476,40.85235083860324,-9.924142643286586,-7.6215640188371445,24.16357142857144,1947.63,0
06/02/2023,1947.63,1978.14,1983.52,1947.67,-1.53,1963.0400000000002,1991.1302000000003,31.996052306933194,-10.816130764005038,-8.260477367870724,25.65857142857143,1961.76,1
06/05/2023,1961.76,1947.59,1964.13,1938.14,0.73,1961.1228571428571,1990.8210000000001,42.73730923260095,-10.264541619109423,-8.661290218118465,25.005714285714298,1962.85,1
06/06/2023,1962.85,1962.11,1966.85,1954.0,0.06,1959.7749999999999,1990.9468,44.728755796413175,-9.628458481437747,-8.85472387078232,24.614285714285707,1939.63,0
06/07/2023,1939.63,1963.59,1970.26,1939.8,-1.18,1958.4592857142857,1990.2656,44.84149210261009,-10.872684416521679,-9.258315979930194,24.350714285714293,1967.76,1
06/08/2023,1967.76,1940.59,1970.5,1939.81,1.45,1957.8307142857143,1990.34,47.661564625850346,-9.479611466327924,-9.30257507720974,24.41,1960.6,0
06/09/2023,1960.6,1968.1,1973.09,1956.73,-0.36,1957.2,1989.947,47.65396673574575,-8.851310876104208,-9.212322236988634,24.559999999999995,1956.92,0
06/12/2023,1956.92,1960.25,1967.55,1948.8,-0.19,1955.9278571428572,1989.7274,45.22699254971325,-8.551744192867773,-9.080206628164461,24.219999999999995,1943.33,0
06/13/2023,1943.33,1957.69,1970.74,1939.99,-0.69,1954.9507142857144,1988.9117999999999,46.250822188116615,-9.303687740840815,-9.124902850699733,24.359999999999996,1942.99,0
06/14/2023,1942.99,1943.49,1960.41,1939.73,-0.02,1955.14,1987.3722,50.79766419842276,-9.8139148768214,-9.262705255924068,23.97357142857142,1957.65,1
06/15/2023,1957.65,1943.44,1960.34,1925.3,0.75,1955.9485714285713,1986.1182000000001,53.23835679139494,-8.932367306700144,-9.196637666079283,25.00785714285712,1957.36,0
06/16/2023,1957.36,1957.68,1968.0,1953.42,-0.01,1956.9857142857143,1985.105,54.231262384893334,-8.163036677041646,-8.989917468271756,25.374285714285683,1950.12,0
06/19/2023,1950.12,1957.99,1958.93,1947.8,-0.37,1956.3414285714284,1984.3084,47.22495692837798,-8.044808557770466,-8.800895686171499,23.915714285714248,1935.91,0
06/20/2023,1935.91,1950.9,1956.87,1929.77,-0.73,1954.4564285714284,1982.9638,42.39787981794091,-8.994062212953622,-8.839528991527924,24.303571428571395,1932.26,0
06/21/2023,1932.26,1935.42,1939.55,1919.34,-0.19,1951.1978571428572,1981.3156,35.88839396189056,-9.926451119858257,-9.056913417193991,23.61571428571426,1913.52,0
06/22/2023,1913.52,1932.09,1935.0,1912.34,-0.97,1948.7614285714285,1978.7913999999998,38.639845467261644,-12.03876207404437,-9.653283148564068,22.673571428571417,1921.36,1
06/23/2023,1921.36,1913.8,1937.1,1910.24,0.41,1945.8757142857144,1977.1578,35.95661846496101,-12.931099578617022,-10.308846434574658,22.735714285714266,1922.85,1
06/26/2023,1922.85,1924.3,1933.48,1921.59,0.08,1943.0185714285715,1975.7194,36.13422074320575,-13.364001047115607,-10.919877357082848,22.683571428571423,1913.35,0
06/27/2023,1913.35,1923.21,1930.85,1911.19,-0.49,1941.1414285714286,1973.8878,39.9325773827765,-14.308707313921104,-11.5976433484505,21.91214285714284,1907.42,0
06/28/2023,1907.42,1913.59,1917.24,1902.84,-0.31,1936.8314285714284,1972.171,22.14734121122602,-15.358848037897587,-12.349884286339918,20.735714285714284,1908.15,1
06/29/2023,1908.15,1908.8,1913.15,1893.01,0.04,1933.0849999999998,1970.2472,24.26145843556783,-15.948344638871959,-13.069576356846326,21.005714285714298,1919.57,1
06/30/2023,1919.57,1908.53,1922.9,1900.56,0.6,1930.4171428571426,1968.9807999999998,32.965429170847315,-15.317456281927434,-13.519152341862547,21.26214285714288,1921.43,1
07/03/2023,1921.43,1919.4,1931.09,1910.1,0.1,1928.8528571428571,1967.6317999999999,38.81511746680292,-14.500236557461449,-13.715369184982329,20.565000000000023,1925.09,1
07/04/2023,1925.09,1921.78,1930.84,1919.9,0.19,1927.5742857142855,1966.1761999999999,41.15787393795687,-13.402754020544307,-13.652846152094725,19.86928571428572,1917.32,0
07/05/2023,1917.32,1925.9,1935.17,1914.48,-0.4,1924.6935714285714,1964.7330000000002,28.622919537792697,-13.009994152355148,-13.52427575214681,18.844285714285725,1910.8,0
07/06/2023,1910.8,1916.05,1927.69,1902.68,-0.34,1921.3678571428572,1963.1916,26.849642004773173,-13.07412822539959,-13.434246246797366,19.58928571428573,1924.28,1
07/07/2023,1924.28,1911.07,1934.92,1909.56,0.71,1919.5221428571429,1961.8842000000002,37.902621722846426,-11.900055168948484,-13.127408031227592,20.605714285714303,1924.99,1
07/10/2023,1924.99,1925.19,1928.31,1912.68,0.04,1918.7421428571429,1960.743,44.14790996784561,-10.78794602023072,-12.659515629028217,19.786428571428587,1931.99,1
07/11/2023,1931.99,1925.4,1938.69,1924.4,0.36,1918.722857142857,1959.0572,49.860320744956034,-9.235291319438147,-11.974670767110204,19.36357142857144,1957.09,1
07/12/2023,1957.09,1932.59,1959.82,1932.18,1.3,1921.8349999999998,1957.4186,71.14843219104948,-5.911299273866234,-10.76199646846141,19.732857142857142,1960.19,1
07/13/2023,1960.19,1957.44,1963.69,1952.71,0.16,1924.6085714285714,1955.6001999999999,69.75679251043057,-2.9923733205105236,-9.208071838871232,18.598571428571436,1954.93,0
07/14/2023,1954.93,1961.58,1963.81,1951.0,-0.27,1926.8999999999999,1954.368,65.71932575460616,-1.0909655414370718,-7.5846505793844,18.647857142857138,1954.74,0
07/17/2023,1954.74,1954.9,1959.91,1945.82,-0.01,1929.8564285714288,1953.035,72.31748085840623,0.39601736856548087,-5.988516989794424,18.250000000000018,1978.71,1
07/18/2023,1978.71,1954.59,1984.39,1954.44,1.23,1934.9485714285713,1951.9258000000002,82.17929042159429,3.468656202686816,-4.097082351298177,19.360714285714298,1977.25,0
07/19/2023,1977.25,1978.97,1981.05,1969.75,-0.07,1939.8842857142859,1950.8806,80.98654708520175,5.719998238505923,-2.133666233337357,18.729285714285716,1969.62,0
07/20/2023,1969.62,1976.8,1987.59,1965.4,-0.39,1943.4592857142857,1949.9620000000002,73.23368303778658,6.810024070119425,-0.3449281726460003,18.71857142857141,1960.23,0
07/21/2023,1960.23,1969.99,1973.89,1956.82,-0.48,1946.2307142857142,1948.9435999999998,66.83443248871917,6.837365971581221,1.0915306561994442,18.438571428571418,1954.51,0
07/24/2023,1954.51,1962.09,1967.97,1953.42,-0.29,1948.332142857143,1947.6218000000001,62.54049445865304,6.3245726924237715,2.13813906344431,18.696428571428573,1964.58,1
07/25/2023,1964.58,1955.2,1966.03,1953.21,0.52,1951.7078571428572,1947.1413999999997,69.75752508361202,6.654041517101632,3.0413195541757743,18.134285714285706,1972.1,1
07/26/2023,1972.1,1964.99,1978.31,1961.99,0.38,1956.0864285714285,1946.9489999999998,75.41459369817574,7.4362288695745065,3.920301417255521,17.513571428571417,1944.99,0
07/27/2023,1944.99,1972.08,1982.24,1942.61,-1.38,1957.5657142857142,1946.6878,57.71437085599346,5.801689286816099,4.296578991167637,18.53285714285713,1959.2,1
07/28/2023,1959.2,1944.27,1963.71,1944.27,0.73,1960.0092857142859,1946.3406,61.578555472822046,5.588512242924935,4.554965641519097,18.805,1964.19,1
07/31/2023,1964.19,1959.49,1972.44,1951.0,0.25,1962.3092857142858,1946.2358000000002,61.04858632994786,5.755869120298712,4.79514633727502,19.31571428571429,1944.08,0
08/01/2023,1944.08,1965.1,1966.24,1941.2,-1.02,1961.3799999999999,1945.6228,45.37767355929795,4.21717870661405,4.679552811142826,19.116428571428578,1933.56,0
08/02/2023,1933.56,1945.74,1955.4,1933.0,-0.54,1959.4778571428574,1945.1538,41.01248734390816,2.124390733423752,4.168520395599011,19.93214285714287,1933.74,1
08/03/2023,1933.74,1934.66,1939.03,1929.55,0.01,1957.9642857142858,1945.0218,42.59453414412524,0.474891429831132,3.4297946024454355,19.694285714285733,1941.62,1
08/04/2023,1941.62,1934.12,1947.19,1929.75,0.41,1957.0271428571427,1944.9276,45.64871318652159,-0.19425920893627335,2.7049838401690938,19.93357142857144,1936.39,0
08/07/2023,1936.39,1942.59,1946.81,1931.53,-0.27,1954.0042857142857,1944.7986,33.972125435540065,-1.1335167269571684,1.9372837267438414,18.885714285714293,1924.82,0
08/08/2023,1924.82,1936.76,1938.15,1922.5,-0.6,1950.2592857142859,1944.1122,31.555618096109157,-2.779447640198896,0.9939374533552939,19.196428571428587,1914.59,0
08/09/2023,1914.59,1925.16,1932.48,1914.05,-0.53,1946.3285714285716,1943.1580000000001,30.988737649416137,-4.853388411084097,-0.17552771953258428,18.927857142857174,1912.06,0
08/10/2023,1912.06,1914.94,1930.11,1911.73,-0.13,1942.8878571428572,1941.8416,32.53064481032854,-6.624784873617045,-1.4653791503494766,19.021428571428583,1913.32,1
08/11/2023,1913.32,1912.65,1921.15,1910.94,0.07,1939.945714285714,1941.1553999999999,34.562626489768334,-7.836622160517436,-2.7396277523830688,18.71142857142859,1907.9,0
08/14/2023,1907.9,1913.67,1916.55,1902.2,-0.28,1935.8971428571429,1940.0782000000002,27.990059024541807,-9.129125765234221,-4.017527354953299,18.820714285714303,1901.56,0
08/15/2023,1901.56,1907.4,1912.19,1896.15,-0.33,1930.8585714285714,1938.8524,22.35460103464493,-10.543490404083741,-5.322719964779388,18.800714285714303,1891.76,0
08/16/2023,1891.76,1901.59,1907.9,1891.3,-0.52,1927.0564285714286,1937.895,25.86378888183549,-12.313223492594489,-6.720820670342409,17.155714285714307,1888.89,0
08/17/2023,1888.89,1892.2,1903.9,1884.5,-0.15,1922.0342857142857,1936.3175999999999,14.464773071868962,-13.788390744361095,-8.134334685146147,17.152857142857165,1888.19,0
08/18/2023,1888.19,1889.49,1897.44,1886.2,-0.04,1916.6057142857146,1934.8694,9.847844463229023,-14.842856360481846,-9.476039020213287,16.424285714285734,1893.94,1
08/21/2023,1893.94,1889.4,1899.05,1884.5,0.3,1913.0242857142857,1933.6098000000002,18.771798704534106,-15.041165816297507,-10.58906437943013,15.67500000000002,1897.47,1
08/22/2023,1897.47,1895.09,1905.05,1888.6,0.19,1910.4464285714287,1932.6926,25.37863282848953,-14.743531733915916,-11.419957850327288,15.250000000000016,1914.31,1
08/23/2023,1914.31,1897.8,1920.94,1897.23,0.89,1909.0585714285714,1932.119,39.19955530850464,-12.998963359013942,-11.73575895206462,16.266428571428587,1917.43,1
08/24/2023,1917.43,1914.15,1923.94,1911.35,0.16,1907.3307142857143,1931.3146,35.80232421645739,-11.235111061195994,-11.635629373890897,15.920000000000025,1914.53,0
08/25/2023,1914.53,1917.8,1923.09,1903.4,-0.15,1905.7692857142854,1930.4579999999999,36.809075549118944,-9.956479077877702,-11.299799314688258,16.235000000000014,1919.66,1
08/28/2023,1919.66,1916.09,1926.19,1912.83,0.27,1905.4007142857142,1929.8488,46.62392043967558,-8.43200696470376,-10.72624084469136,16.071428571428587,1937.12,1
08/29/2023,1937.12,1920.23,1938.41,1914.0,0.91,1907.01,1929.8730000000003,63.46682606096832,-5.7487082211662255,-9.730734319986333,16.498571428571445,1942.24,1
08/30/2023,1942.24,1937.48,1949.04,1934.94,0.26,1909.1657142857143,1930.0725999999997,67.49768089053808,-3.1724632429397843,-8.419080104577024,16.19285714285716,1939.74,0
08/31/2023,1939.74,1942.61,1948.19,1938.86,-0.13,1911.0528571428572,1930.5970000000002,65.10059442158212,-1.317314462358354,-6.998726976133289,16.130000000000027,1938.8,0
09/01/2023,1938.8,1940.19,1953.44,1934.59,-0.05,1913.26,1930.9458000000002,68.61445783132517,0.07617605761106461,-5.583746369384419,16.451428571428615,1938.19,0
09/04/2023,1938.19,1940.49,1946.42,1936.15,-0.03,1915.8764285714283,1931.2526,73.70260126828013,1.118413062628406,-4.243314482981854,16.03928571428576,1925.81,0
09/05/2023,1925.81,1938.59,1939.13,1925.22,-0.64,1918.3085714285714,1931.5018000000002,71.32122730118967,0.9346567211164256,-3.207720242162199,15.847142857142899,1916.28,0
09/06/2023,1916.28,1926.16,1929.8,1914.8,-0.5,1920.2649999999999,1931.6789999999999,65.83053982198578,0.019808798608437428,-2.5622144340080717,15.532857142857178,1919.19,1
09/07/2023,1919.19,1916.86,1923.67,1916.1,0.15,1922.4792857142857,1931.8998000000001,67.47069431920644,-0.46504138339741985,-2.1427798238859412,15.270714285714332,1917.81,0
09/08/2023,1917.81,1919.57,1930.19,1917.36,-0.07,1924.1842857142856,1931.8646,64.14937759336087,-0.9496956127934482,-1.9041629816674428,15.147857142857204,1921.66,1
09/11/2023,1921.66,1919.16,1930.9,1916.9,0.2,1925.9121428571427,1931.8691999999999,64.28487067438283,-1.0114652157355977,-1.7256234284810739,14.9728571428572,1913.26,0
09/12/2023,1913.26,1922.9,1925.05,1907.15,-0.44,1925.837142857143,1931.6326000000001,49.31129476584026,-1.7184190047562424,-1.7241825437361076,14.557857142857188,1906.3,0
09/13/2023,1906.3,1913.55,1916.3,1905.5,-0.36,1925.0421428571428,1931.4122,43.04983139752715,-2.8079307311425055,-1.9409321812173874,14.430000000000032,1910.32,1
09/14/2023,1910.32,1906.68,1912.99,1900.95,0.21,1924.7414285714283,1931.4026,47.40731617194235,-3.3088538132840313,-2.2145165076307163,13.88357142857147,1923.57,1
09/15/2023,1923.57,1910.9,1930.84,1909.74,0.69,1925.0207142857141,1931.3884,52.18900459075122,-2.606627124782108,-2.2929386310609945,14.436428571428596,1933.14,1
09/18/2023,1933.14,1924.19,1934.61,1922.15,0.5,1924.7364285714284,1931.5514,47.5558830754116,-1.263325563992339,-2.0870160176472634,13.582857142857149,1930.94,0
09/19/2023,1930.94,1933.68,1937.94,1929.71,-0.11,1923.929285714286,1931.5304,42.80254777070073,-0.3719830241827822,-1.7440094189543673,13.163571428571442,1929.68,0
09/20/2023,1929.68,1931.69,1947.8,1927.9,-0.07,1923.2107142857144,1930.9822,43.48951592026932,0.230088572809791,-1.3491898206015358,13.918571428571422,1919.57,0
09/21/2023,1919.57,1930.99,1931.74,1913.4,-0.52,1921.837142857143,1930.1698000000001,38.87539048941348,-0.10732072952168892,-1.1008160023855666,13.882142857142835,1924.99,1
09/22/2023,1924.99,1920.08,1929.65,1919.58,0.28,1920.8942857142854,1929.5710000000001,42.7663305567734,0.06191495360326371,-0.8682698111878007,13.868571428571418,1915.66,0
09/25/2023,1915.66,1925.24,1927.26,1915.0,-0.48,1920.1692857142857,1928.7894000000001,44.24537929470474,-0.5504720747585452,-0.8047102639019496,13.750714285714269,1900.49,0
09/26/2023,1900.49,1916.03,1916.89,1899.17,-0.79,1919.0414285714287,1927.225,41.585846744111784,-2.2341317456998695,-1.0905945602615337,13.944999999999984,1874.7,0
09/27/2023,1874.7,1900.69,1903.95,1872.47,-1.36,1915.8635714285715,1925.174,30.939936594979116,-5.585100071985153,-1.9894956626062577,15.652857142857117,1864.56,0
09/28/2023,1864.56,1875.73,1880.15,1857.76,-0.54,1912.06,1923.0728,28.779787997130896,-8.955743631644964,-3.3827452564139993,16.335714285714257,1848.31,0
09/29/2023,1848.31,1865.43,1880.24,1846.34,-0.87,1906.8207142857143,1920.8344,23.398853992891915,-12.790797775177225,-5.264355760166644,17.757142857142835,1827.4,0
10/02/2023,1827.4,1848.13,1849.06,1826.6,-1.13,1900.6878571428572,1918.2922,21.452320787338834,-17.317739935777354,-7.675032595288787,18.082857142857133,1822.81,0
10/03/2023,1822.81,1827.96,1833.36,1814.7,-0.25,1894.7242857142858,1915.4568000000002,21.795824606445592,-21.03329017629585,-10.3466841114902,18.644285714285697,1821.08,0
10/04/2023,1821.08,1824.3,1831.05,1816.15,-0.1,1888.3500000000001,1912.4364,19.379632171287497,-23.842643895490255,-13.045876068290212,18.848571428571404,1820.01,0
10/05/2023,1820.01,1820.49,1829.3,1812.7,-0.06,1880.952857142857,1909.9368,11.225101093305511,-25.8573495855087,-15.608170771733912,18.52714285714283,1832.26,1
10/06/2023,1832.26,1820.4,1834.97,1810.1,0.67,1873.747142857143,1907.398,12.97166348553813,-26.163944076714188,-17.719325432729967,19.413571428571426,1860.88,1
10/09/2023,1860.88,1832.74,1864.15,1832.63,1.56,1868.742857142857,1905.3318,28.461633054599176,-23.822911907980824,-18.94004272778014,21.10357142857143,1860.09,0
10/10/2023,1860.09,1861.27,1865.65,1852.65,-0.04,1863.7721428571426,1903.6519999999998,28.544120367515603,-21.78030366287112,-19.508094914798335,20.610714285714298,1873.61,1
10/11/2023,1873.61,1859.99,1877.22,1858.6,0.73,1860.4892857142856,1902.453,36.121512259934796,-18.853242460430465,-19.377124423924762,20.630714285714312,1868.65,0
10/12/2023,1868.65,1874.1,1885.3,1866.92,-0.26,1856.4650000000001,1901.1512000000002,32.939680232558175,-16.740778641305496,-18.849855267400912,21.223571428571436,1931.7,1
10/13/2023,1931.7,1869.02,1933.76,1868.94,3.37,1857.6107142857145,1900.9528,53.6647779199415,-9.865306661748036,-17.052945546270337,24.99857142857143,1919.44,0
10/16/2023,1919.44,1929.3,1931.8,1907.65,-0.63,1858.9642857142858,1900.6138,54.38799610985043,-5.344121416661665,-14.711180720348603,25.457857142857133,1923.07,1
10/17/2023,1923.07,1920.14,1931.56,1911.85,0.19,1862.4192857142857,1900.5788,62.48129225370282,-1.4514079463899634,-12.059226165556876,24.61714285714285,1947.69,1
10/18/2023,1947.69,1923.7,1962.74,1923.05,1.28,1868.357142857143,1901.2407999999998,69.95918367346941,3.578967655063934,-8.931587401432713,25.85285714285713,1973.7,1
10/19/2023,1973.7,1947.99,1977.86,1945.18,1.34,1877.3135714285713,1902.4735999999998,78.75785514425947,9.554230959279039,-5.234423729290363,25.765714285714257,1981.04,1
10/20/2023,1981.04,1974.31,1997.27,1971.93,0.37,1888.287857142857,1903.8280000000002,87.57581686558399,14.71235199865805,-1.24506858370068,25.971428571428532,1972.59,0
10/23/2023,1972.59,1972.9,1983.4,1964.36,-0.43,1898.9864285714286,1905.1218,85.95295247239558,17.91187871613556,2.5863208762665684,25.998571428571413,1970.11,0
10/24/2023,1970.11,1972.97,1980.99,1953.5,-0.13,1909.6314285714286,1906.4928,85.64458263573309,20.01667168605536,6.0723910382243265,26.897857142857138,1979.62,1
10/25/2023,1979.62,1971.36,1987.19,1963.34,0.48,1921.0321428571428,1908.25,86.6936410869465,22.19624826720542,9.297162484020546,27.415714285714298,1984.82,1
10/26/2023,1984.82,1979.97,1994.05,1971.6,0.26,1931.9292857142857,1910.1686000000002,86.24786162326552,24.065759853380314,12.250881957892501,27.24285714285715,2005.78,1
10/27/2023,2005.78,1985.17,2009.48,1976.35,1.06,1942.2792857142856,1912.5204,85.72837557944567,26.928246026556053,15.186354771625211,27.331428571428578,1995.88,0
10/30/2023,1995.88,2004.8,2007.37,1990.5,-0.49,1951.9785714285715,1914.5592,82.04256925763377,28.074316435436685,17.76394710438751,27.607857142857142,1982.7,0
10/31/2023,1982.7,1996.0,2007.8,1978.9,-0.66,1959.7707142857143,1916.2638,75.78350271803363,27.6009036055234,19.73133840461469,28.34214285714284,1982.15,0
11/01/2023,1982.15,1983.01,1992.09,1969.9,-0.03,1967.8778571428572,1917.6206,77.39692961282226,26.87158126179611,21.159386976050975,28.614285714285693,1985.51,1
11/02/2023,1985.51,1983.53,1991.49,1978.9,0.17,1971.7214285714285,1918.9822,68.24686334350628,26.26198020888387,22.179905622617554,24.86285714285712,1992.27,1
11/03/2023,1992.27,1985.69,2004.06,1983.26,0.34,1976.9235714285714,1920.5369999999998,75.65339908418457,26.024349979862563,22.948794494066554,24.623571428571413,1977.68,0
11/06/2023,1977.68,1992.3,1993.3,1977.52,-0.73,1980.8242857142857,1921.6974000000002,67.85690929304826,24.377724017183937,23.23458039869003,24.342857142857124,1968.4,0
11/07/2023,1968.4,1978.19,1978.75,1956.2,-0.47,1982.3035714285713,1922.3229999999999,57.52707712437308,22.069538729988835,23.001572064949794,23.118571428571403,1949.79,0
11/08/2023,1949.79,1968.84,1971.12,1947.48,-0.95,1980.5957142857144,1922.474,40.81585618806172,18.525068334266507,22.106271318813135,22.47285714285712,1958.19,1
11/09/2023,1958.19,1950.09,1965.69,1944.3,0.43,1978.9635714285716,1922.8429999999998,41.293911453173855,16.207035194207492,20.926424093892006,22.190714285714275,1936.79,0
11/10/2023,1936.79,1958.4,1960.93,1933.18,-1.09,1976.4064285714285,1922.8028,37.584963240393975,12.499094298785622,19.24095813487073,22.81285714285712,1945.89,1
11/13/2023,1945.89,1937.05,1949.27,1931.73,0.47,1974.6764285714287,1922.9568000000002,41.96949602122023,10.177498505520362,17.428266209000657,22.10214285714283,1962.67,1
11/14/2023,1962.67,1946.19,1970.84,1943.4,0.86,1973.4657142857143,1923.694,44.63845131903593,9.58117703210155,15.858848373620837,22.358571428571377,1959.09,0
11/15/2023,1959.09,1963.05,1975.59,1955.41,-0.18,1971.6278571428572,1924.5502,41.77692553531481,8.719202350282103,14.430919168953091,22.196428571428505,1980.85,1
11/16/2023,1980.85,1959.44,1988.03,1956.49,1.11,1969.847142857143,1925.7834,42.0731319554849,9.680342387599694,13.480803812682412,22.08285714285707,1980.01,0
11/17/2023,1980.01,1981.21,1993.94,1978.59,-0.04,1968.7135714285716,1927.0274,44.64538767798094,10.256046492192127,12.835852348584357,21.974285714285656,1977.19,0
11/20/2023,1977.19,1980.39,1985.26,1965.2,-0.14,1968.32,1928.138,48.00116085032287,10.365261428927624,12.341734164653012,21.342857142857092,1998.37,1
11/21/2023,1998.37,1977.49,2007.52,1977.34,1.07,1969.4785714285713,1929.8401999999999,55.11801085447426,12.022278699259914,12.277843071574393,21.92428571428567,1989.72,0
11/22/2023,1989.72,1998.69,2006.9,1986.89,-0.43,1969.7792857142856,1931.5086,51.28549618320613,12.493477088275085,12.320969874914534,22.454285714285675,1991.79,1
11/23/2023,1991.79,1990.15,1999.19,1989.01,0.1,1969.7450000000001,1933.1380000000001,49.84911354205959,12.88540201313549,12.433856302558725,21.695714285714253,2001.97,1
11/24/2023,2001.97,1994.06,2003.68,1991.4,0.51,1971.48,1934.7059999999997,57.853216941480746,13.85770328460012,12.718625698967005,21.445714285714253,2013.64,1
11/27/2023,2013.64,2002.78,2018.14,2000.67,0.58,1974.7114285714288,1936.316,64.40397350993376,15.392495411421805,13.253399641457966,21.082857142857115,2040.89,1
11/28/2023,2040.89,2013.94,2043.0,2011.6,1.35,1981.2185714285715,1938.515,77.49275712216323,18.59334399612362,14.321388512391097,21.637142857142845,2044.59,1
11/29/2023,2044.59,2041.24,2052.09,2035.05,0.18,1987.3899999999999,1940.8132,76.83563175549757,21.184398083896895,15.693990426692256,21.32642857142857,2035.75,0
11/30/2023,2035.75,2044.8,2047.59,2031.84,-0.43,1994.4585714285715,1943.1368,83.33782509095819,22.26782338817634,17.008757018989073,20.46928571428571,2070.9,1
12/01/2023,2070.9,2034.49,2075.34,2033.75,1.73,2003.3878571428572,1946.055,85.82564337708497,25.666885112176487,18.740382637626556,22.187142857142867,2029.74,0
12/04/2023,2029.74,2071.25,2135.9,2020.34,-1.99,2008.1785714285713,1948.3366,66.86447070656274,24.754048740813005,19.943115858263848,28.481428571428605,2019.42,0
12/05/2023,2019.42,2030.15,2041.33,2010.02,-0.51,2012.4878571428574,1950.7151999999999,64.67240624544003,22.933518264778286,20.54119633956674,29.276428571428614,2024.9,1
12/06/2023,2024.9,2019.74,2036.3,2017.27,0.27,2015.6342857142859,1953.7191999999998,61.63435634673294,21.682977085380116,20.769552488729413,28.382857142857183,2028.34,1
12/07/2023,2028.34,2025.3,2039.93,2020.26,0.17,2019.0864285714285,1956.9948000000002,62.591839924964844,20.730524855534213,20.761746962090374,28.69142857142861,2003.39,0
12/08/2023,2003.39,2028.69,2034.19,1994.74,-1.23,2020.9578571428572,1960.0964000000001,56.120351336198866,17.7577429107198,20.160946151816262,30.076428571428615,1981.3,0
12/11/2023,1981.3,2003.6,2008.72,1975.95,-1.1,2019.7385714285717,1963.1744,46.02930914166086,13.46410756466048,18.821578434385106,30.250714285714334,1979.44,0
12/12/2023,1979.44,1981.59,1996.8,1977.19,-0.09,2019.0042857142857,1966.3069999999998,47.53074558032283,9.798335056327232,17.016929758773532,30.2221428571429,2026.39,1
12/13/2023,2026.39,1979.74,2027.55,1973.09,2.37,2021.4757142857143,1970.4131999999997,56.83686373695861,10.55992827565251,15.725529462149328,33.38500000000004,2035.53,1
12/14/2023,2035.53,2026.59,2047.98,2024.33,0.45,2023.8728571428571,1974.7235999999998,56.658730158730165,11.765393865999613,14.933502342919386,34.19714285714291,2018.19,0
12/15/2023,2018.19,2035.8,2045.55,2015.68,-0.85,2024.1978571428572,1978.4422,50.8829122521054,11.192520538026656,14.185305981940841,35.08285714285718,2027.0,1
12/18/2023,2027.0,2020.09,2033.71,2015.99,0.44,2023.2057142857143,1981.7646,47.096936003009624,11.318930089750893,13.61203080350285,34.10571428571432,2040.12,1
12/19/2023,2040.12,2027.3,2047.07,2021.74,0.65,2022.8864285714285,1985.3652000000002,49.101146189422884,12.335587942643087,13.3567422313309,34.69785714285716,2029.19,0
12/20/2023,2029.19,2040.34,2043.94,2029.37,-0.54,2022.417857142857,1988.4768,48.69187205870624,12.119629417785063,13.109319668621733,34.613571428571454,2045.49,1
12/21/2023,2045.49,2029.44,2046.07,2029.44,0.8,2020.6028571428571,1992.0135999999998,44.521109146578084,13.112600608648108,13.10997585662701,32.84857142857144,2052.98,1
12/22/2023,2052.98,2045.84,2070.65,2045.65,0.37,2022.2628571428572,1994.4391999999998,55.8621733427505,14.338631021903666,13.355706889682342,26.391428571428573,2054.93,1
12/25/2023,2054.93,2054.32,2058.36,2053.96,0.1,2024.7992857142856,1997.149,59.35212009481168,15.291348513521143,13.742835214450102,24.53928571428573,2066.6,1
12/26/2023,2066.6,2055.73,2068.65,2053.59,0.57,2027.777857142857,2000.0195999999999,60.635584574576626,16.79445938571689,14.35316004870346,24.255714285714298,2077.16,1
12/27/2023,2077.16,2066.7,2084.59,2061.0,0.51,2031.2649999999999,2002.609,62.01516046465843,18.623113665804794,15.207150772123729,24.535714285714302,2064.86,0
12/28/2023,2064.86,2077.34,2088.54,2065.89,-0.59,2035.6557142857143,2004.4322,66.13301139047827,18.86239421384198,15.93819946046738,23.335714285714307,2062.59,0
12/29/2023,2062.59,2065.15,2075.15,2057.75,-0.11,2041.4621428571427,2006.0631999999998,73.81217411682017,18.653826048186374,16.48132477801118,22.23785714285717,2063.8,1
01/01/2024,2063.8,2064.24,2074.9,2063.3,0.06,2047.487857142857,2007.8873999999998,74.80592801693737,18.37436294349095,16.859932411107135,21.7164285714286,2058.88,0
01/02/2024,2058.88,2062.9,2079.02,2056.04,-0.24,2049.808571428571,2009.6628,62.69041481134296,17.553537286610208,16.99865338620775,19.467857142857174,2040.78,0
01/03/2024,2040.78,2059.15,2066.12,2030.68,-0.88,2050.183571428571,2010.886,51.916478060889254,15.266525307155007,16.6522277703972,20.31000000000001,2043.26,1
01/04/2024,2043.26,2041.34,2051.4,2036.24,0.12,2051.9742857142855,2012.0548,60.265334534436185,13.498564066189601,16.02149502955568,19.25928571428574,2045.5,1
01/05/2024,2045.5,2043.69,2064.03,2024.49,0.11,2053.2957142857144,2012.8491999999999,58.005885407651064,12.13826891653116,15.244849806950777,20.81785714285718,2027.84,0
01/08/2024,2027.84,2044.08,2046.71,2016.84,-0.86,2052.4185714285713,2013.4884000000002,44.88674217188541,9.525407828718699,14.100961411304361,21.142142857142908,2029.59,1
01/09/2024,2029.59,2028.4,2042.09,2026.11,0.09,2052.447142857143,2014.4261999999999,50.1803426510369,7.50934392426484,12.782637913896458,21.242857142857183,2023.4,0
01/10/2024,2023.4,2029.94,2040.44,2020.45,-0.31,2050.8692857142855,2015.2512,39.041571584482604,5.3504409344591295,11.296198518008994,21.46500000000005,2028.09,1
01/11/2024,2028.09,2023.74,2039.69,2013.32,0.23,2049.0914285714284,2016.1028,37.29972446167965,3.9721500913408363,9.831388832675364,21.551428571428623,2048.72,1
01/12/2024,2048.72,2028.3,2062.35,2027.99,1.02,2048.647857142857,2017.2318,47.338647467215196,4.492723931161663,8.763655852372624,23.621428571428606,2054.49,1
01/15/2024,2054.49,2048.09,2059.25,2045.8,0.28,2047.782857142857,2018.7679999999998,44.53371851584356,5.309666695338592,8.072858020965818,23.506428571428614,2027.59,0
01/16/2024,2027.59,2054.91,2055.65,2024.29,-1.31,2044.2421428571429,2019.9517999999998,30.501140744237205,3.7433435995187665,7.206955136676408,24.061428571428614,2005.72,0
01/17/2024,2005.72,2027.9,2033.05,2001.91,-1.08,2040.017857142857,2021.0704,28.365525314603346,0.7288928139105337,5.911342672123234,24.66785714285717,2022.67,1
01/18/2024,2022.67,2006.09,2023.45,2005.43,0.85,2037.1664285714287,2022.36,36.81289640591961,-0.2890260957699411,4.671268918544599,24.712142857142876,2029.09,1
01/19/2024,2029.09,2023.05,2039.49,2020.37,0.32,2034.687142857143,2024.2060000000001,38.91550105384161,-0.5711104142289969,3.62279305198988,25.19857142857146,2020.99,0
01/22/2024,2020.99,2029.9,2032.28,2016.74,-0.4,2031.9807142857142,2025.7079999999999,38.14084507042246,-1.4317621120048898,2.611882019190926,24.667142857142885,2028.69,1
01/23/2024,2028.69,2021.24,2037.92,2019.59,0.38,2031.1171428571429,2027.0284,45.952460662872454,-1.4755004836297303,1.794405518626795,23.44500000000005,2012.59,0
01/24/2024,2012.59,2028.94,2036.74,2011.28,-0.79,2028.9264285714285,2028.0983999999999,40.59029269190642,-2.7772841026105652,0.880067594379323,24.180714285714334,2019.75,1
01/25/2024,2019.75,2012.84,2025.27,2010.15,0.36,2027.0871428571427,2028.8763999999999,42.33128834355826,-3.194381990956117,0.065177677312235,22.436428571428596,2018.34,0
01/26/2024,2018.34,2019.94,2026.8,2015.97,-0.07,2026.4085714285713,2029.6429999999998,46.86758111316274,-3.5972435047203817,-0.6673065590942884,21.076428571428583,2031.75,1
01/29/2024,2031.75,2019.4,2037.75,2017.38,0.66,2026.562857142857,2030.7341999999999,50.661359461114536,-2.8021379271315254,-1.0942728327017357,21.390000000000004,2036.12,1
01/30/2024,2036.12,2031.97,2048.48,2029.19,0.21,2027.4714285714288,2031.4892000000002,53.9385682437453,-1.7986547774294195,-1.2351492216472726,21.34,2037.19,1
01/31/2024,2037.19,2036.58,2056.08,2031.0,0.05,2028.1214285714286,2032.4386000000002,52.88230077283674,-0.9065964148142029,-1.1694386602806586,21.24785714285713,2054.89,1
02/01/2024,2054.89,2037.59,2065.42,2029.55,0.87,2028.5621428571428,2033.7006,51.99122184212228,1.214607104782317,-0.6926295072680635,21.35571428571429,2038.59,0
02/02/2024,2038.59,2055.09,2058.2,2027.45,-0.79,2027.4264285714285,2034.433,45.195213344615055,1.56239211751722,-0.24162518231100683,22.591428571428555,2024.67,0
02/05/2024,2024.67,2039.91,2042.32,2014.4,-0.68,2027.2178571428574,2034.6535999999999,49.04249737670519,0.7066408640471309,-0.05197197303937928,22.345714285714248,2035.46,1
02/06/2024,2035.46,2024.99,2039.02,2022.55,0.53,2029.342142857143,2034.545,60.51626591230552,0.8888683336754184,0.13619608830358026,21.297857142857115,2034.22,0
02/07/2024,2034.22,2035.9,2044.65,2030.65,-0.06,2030.1671428571426,2034.3376,54.59463760044554,0.9225922106356848,0.29347531277000116,21.01071428571426,2033.18,0
02/08/2024,2033.18,2034.55,2038.94,2019.75,-0.05,2030.4592857142854,2034.2862,51.69977557975236,0.8555372172497755,0.405887693665956,21.015714285714257,2024.16,0
02/09/2024,2024.16,2033.65,2037.44,2020.3,-0.44,2030.685714285714,2033.3514000000002,51.30743215375735,0.07370738234931196,0.33945163140262724,21.129999999999978,2019.79,0
02/12/2024,2019.79,2024.53,2028.09,2011.91,-0.22,2030.0499999999997,2033.1524,46.22561492790497,-0.8882813188674845,0.09390504134860489,20.976428571428528,1992.13,0
02/13/2024,1992.13,2019.9,2030.05,1990.19,-1.37,2028.5885714285716,2032.6066,42.097945311293124,-3.838349032710994,-0.6925457734633149,22.004999999999946,1992.39,1
02/14/2024,1992.39,1992.55,1996.14,1984.3,0.01,2026.6342857142859,2031.9564,38.83812010443866,-6.08517303606186,-1.771071225983024,21.770714285714252,2004.09,1
02/15/2024,2004.09,1992.69,2008.49,1990.25,0.59,2025.6164285714287,2031.4714,44.63680843056076,-6.842825197820275,-2.7854220203504747,22.299999999999972,2013.1,1
02/16/2024,2013.1,2004.4,2015.25,1995.26,0.45,2024.284285714286,2031.6656,42.74036590112877,-6.639699966174703,-3.5562776095153206,22.272857142857124,2017.63,1
02/19/2024,2017.63,2013.16,2023.34,2011.57,0.22,2022.9635714285712,2032.3922,42.81160096415526,-6.04352264831914,-4.053726617276085,21.735714285714266,2023.53,1
02/20/2024,2023.53,2017.99,2030.96,2015.02,0.29,2021.9878571428574,2033.2740000000003,44.88159472422057,-5.036904833494191,-4.250362260519706,21.082857142857133,2024.99,1
02/21/2024,2024.99,2023.8,2032.22,2020.19,0.07,2019.8521428571428,2033.246,37.24402730375428,-4.074376291013323,-4.21516506661843,19.379999999999978,2024.11,0
02/22/2024,2024.11,2025.24,2034.84,2019.7,-0.04,2018.8178571428573,2033.0176000000001,42.886618196109225,-3.3440262786307358,-4.040937309020891,18.264999999999986,2035.72,1
02/23/2024,2035.72,2024.49,2041.43,2015.55,0.57,2019.607142857143,2033.3682000000001,55.554438524178124,-1.8075523227339545,-3.5942603117635037,18.11928571428572,2030.66,0
02/26/2024,2030.66,2034.49,2037.59,2025.1,-0.25,2019.2642857142857,2033.4414000000002,47.439726904203134,-0.986810023125372,-3.072770254035878,17.835000000000004,2029.64,0
02/27/2024,2029.64,2030.99,2039.99,2028.78,-0.05,2018.937142857143,2033.2318,47.55132591958943,-0.4139001300061409,-2.540996229229931,17.635714285714293,2034.62,1
02/28/2024,2034.62,2030.05,2038.3,2024.56,0.25,2019.0400000000002,2033.3404,50.73876462138304,0.43694266522948055,-1.9454084503380487,17.246428571428574,2043.24,1
02/29/2024,2043.24,2034.92,2050.79,2027.75,0.42,2020.4028571428573,2033.2954,59.82897177003912,1.7862133148846624,-1.1990840972935064,17.667857142857137,2083.39,1
03/01/2024,2083.39,2043.44,2088.4,2038.55,1.96,2024.9457142857143,2033.9036,73.93857271906055,6.025827489801031,0.2458982201254013,20.072857142857156,2114.99,1
03/04/2024,2114.99,2082.09,2119.95,2079.45,1.52,2033.7214285714285,2035.1047999999998,94.91153677438218,11.799589849181984,2.5566365459367177,20.11857142857145,2127.55,1
03/05/2024,2127.55,2115.15,2142.15,2110.52,0.59,2043.3757142857144,2036.3238000000001,95.33136570968605,17.190661898849157,5.483441616519206,21.532142857142876,2148.29,1
03/06/2024,2148.29,2127.95,2152.29,2123.65,0.98,2053.675714285714,2037.7464000000002,95.59827978750315,22.87300425230478,8.96135414367632,22.27500000000001,2159.16,1
03/07/2024,2159.16,2148.54,2164.54,2144.29,0.51,2064.1085714285714,2039.6324,95.64945618202273,27.93144336965861,12.75537198887278,22.293571428571436,2177.51,1
03/08/2024,2177.51,2159.4,2195.2,2154.08,0.85,2075.5285714285715,2041.9308,95.99539700805522,33.04011853716156,16.812321298530538,24.390000000000004,2182.47,1
03/11/2024,2182.47,2177.71,2189.04,2174.8,0.23,2086.8814285714284,2044.3042,95.9736202707393,37.06178576483853,20.862214191792138,24.268571428571413,2157.99,0
03/12/2024,2157.99,2183.0,2184.86,2150.59,-1.12,2096.3814285714284,2046.2864,83.94935674902999,37.83748760116896,24.257268873667503,25.85714285714284,2174.4,1
03/13/2024,2174.4,2158.25,2179.91,2155.54,0.76,2107.1164285714285,2048.9588,85.54467622156004,39.32309459429189,27.270434017792383,26.516428571428555,2161.01,0
03/14/2024,2161.01,2174.29,2177.1,2152.86,-0.62,2116.065714285714,2051.3138,79.38458651906757,38.970757114894695,29.610498637212846,26.399285714285675,2155.54,0
03/15/2024,2155.54,2162.4,2173.25,2155.19,-0.25,2124.985714285714,2053.5146000000004,79.23220973782767,37.81424476363054,31.251247862496385,26.797142857142813,2159.99,1
03/18/2024,2159.99,2156.0,2163.64,2146.05,0.21,2134.2964285714284,2056.1576,80.03041054232126,36.83219953385196,32.3674381967675,27.252857142857074,2157.23,0
03/19/2024,2157.23,2160.7,2162.93,2146.9,-0.13,2143.0542857142855,2058.7104,78.53917415390349,35.42287977224396,32.978526511862796,27.416428571428487,2185.96,1
03/20/2024,2185.96,2158.29,2188.9,2149.6,1.33,2153.2485714285713,2061.9616,80.3762983143198,36.2068841781379,33.62419804511782,28.577857142857074,2180.81,0
03/21/2024,2180.81,2186.0,2222.9,2166.5,-0.24,2160.2071428571426,2065.016,74.36474589835936,35.99769236876,34.09889690984626,29.04571428571421,2164.15,0
03/22/2024,2164.15,2181.5,2186.25,2157.15,-0.76,2163.7185714285715,2067.3246000000004,63.28792301870481,34.094562690543626,34.09803006598573,28.23142857142849,2171.45,1
03/25/2024,2171.45,2165.79,2181.3,2163.5,0.34,2166.854285714286,2069.6638000000003,62.213443133763576,32.79730083221966,33.83788421923252,27.243571428571354,2178.58,1
03/26/2024,2178.58,2171.82,2200.15,2167.75,0.33,2169.0178571428573,2072.6836000000003,59.117452290650775,31.975944096128387,33.465496194611696,27.5121428571428,2194.02,1
03/27/2024,2194.02,2179.03,2197.71,2173.59,0.71,2171.507857142857,2076.4496,60.21209280524964,32.199713672169764,33.212339690123315,27.788571428571363,2232.38,1
03/28/2024,2232.38,2194.19,2235.9,2187.33,1.75,2175.427142857143,2080.6438,64.38722533955635,35.068140392177156,33.58349983053408,28.32071428571424,2250.36,1
04/01/2024,2250.36,2239.59,2265.86,2228.54,0.81,2180.276428571429,2085.0692,66.66339404054791,38.350148330733646,34.536829530573996,29.969285714285693,2280.1,1
04/02/2024,2280.1,2250.88,2281.17,2246.79,1.32,2188.9985714285713,2090.2514,79.21711250418727,42.856904996773665,36.200844623813936,29.977142857142844,2299.17,1
04/03/2024,2299.17,2279.57,2301.22,2265.5,0.84,2197.910714285714,2095.661,79.47833482965558,47.4206954901465,38.444814797080454,30.787857142857124,2289.43,0
04/04/2024,2289.43,2299.62,2305.31,2280.15,-0.42,2207.0835714285713,2101.1978,80.87316088085383,49.67892797936884,40.69163743353813,30.853571428571417,2329.5,1
04/05/2024,2329.5,2289.88,2330.34,2267.85,1.75,2219.5092857142854,2107.3928,85.85621238354359,54.078524055205435,43.3690147578716,34.02714285714286,2338.89,1
04/08/2024,2338.89,2322.0,2354.09,2302.86,0.4,2232.287857142857,2113.8038,86.13849385908212,57.658281390345564,46.226868084366394,36.43000000000003,2352.58,1
04/09/2024,2352.58,2339.24,2365.34,2336.94,0.59,2246.2414285714285,2120.2204,87.79260978912744,60.89793991342867,49.16108245017885,37.313571428571485,2332.79,0
04/10/2024,2332.79,2352.91,2360.15,2319.54,-0.84,2256.7292857142857,2126.1538,79.42367039397215,61.16345083705892,51.561556127554866,37.40714285714291,2373.24,1
04/11/2024,2373.24,2333.17,2377.8,2325.84,1.73,2270.4742857142855,2132.8747999999996,83.78217056985356,63.90123345999382,54.02949159404266,37.090000000000046,2343.43,0
04/12/2024,2343.43,2373.59,2431.53,2333.9,-1.26,2283.2799999999997,2138.6456,80.08457511075308,62.9399949627491,55.81159226778395,41.98500000000006,2382.51,1
04/15/2024,2382.51,2343.86,2387.59,2324.59,1.67,2298.3557142857144,2145.524,82.00400315400012,64.58711585564515,57.566696985356195,45.21357142857148,2382.83,1
04/16/2024,2382.83,2382.86,2398.34,2362.95,0.01,2312.945,2152.6872,81.62450066577892,65.16708674488746,59.086774937262454,45.427142857142925,2360.81,0
04/17/2024,2360.81,2383.2,2395.63,2354.84,-0.92,2324.8585714285714,2159.1942,75.30879184243268,63.122253831958915,59.89387071620175,46.61785714285721,2378.25,1
04/18/2024,2378.25,2360.74,2392.84,2360.7,0.74,2335.277857142857,2166.0748,73.63492012054827,62.19205991063927,60.353508555089256,45.4442857142858,2390.45,1
04/19/2024,2390.45,2378.6,2417.79,2372.96,0.51,2345.2842857142855,2173.2201999999997,73.13166672170664,61.72775344908496,60.628357533888405,45.98071428571435,2326.29,0
04/22/2024,2326.29,2388.2,2388.72,2325.29,-2.68,2348.5835714285713,2179.2628,56.84844171633604,55.542353760413334,59.611156779193394,48.17928571428576,2321.81,0
04/23/2024,2321.81,2326.62,2334.48,2291.4,-0.19,2350.200714285714,2185.3032000000003,53.50855442598561,49.705902679426345,57.630105959239984,48.705000000000055,2315.82,0
04/24/2024,2315.82,2322.19,2337.16,2311.9,-0.26,2352.085714285714,2191.777,54.13779046066047,44.088900804813875,54.921864928354765,48.71214285714291,2331.78,1
04/25/2024,2331.78,2316.2,2344.86,2305.28,0.69,2352.2485714285717,2198.5647999999997,50.386729086098136,40.458840637470075,52.02926007017783,47.07571428571431,2337.72,1
04/26/2024,2337.72,2332.16,2352.62,2326.3,0.25,2352.165,2205.2374,49.79919678714858,37.62755314866763,49.14891868587579,45.29642857142858,2334.44,0
04/29/2024,2334.44,2337.5,2346.85,2320.08,-0.14,2350.8692857142855,2211.6641999999997,46.77132279652571,34.7188515189946,46.26290525249956,45.18,2285.57,0
04/30/2024,2285.57,2335.1,2336.54,2284.94,-2.09,2347.496428571428,2217.023,42.383870967741935,28.145836264760874,42.63949145495182,45.96499999999998,2317.9,1
05/01/2024,2317.9,2285.91,2328.4,2281.66,1.41,2343.5435714285713,2222.9103999999998,40.83410626739103,25.254319056859913,39.16245697533344,45.59214285714285,2303.29,0
05/02/2024,2303.29,2319.89,2326.57,2285.58,-0.63,2340.6764285714285,2228.4764,42.99916282963583,21.535616753725208,35.637088931011796,41.54642857142858,2301.56,0
05/03/2024,2301.56,2303.2,2321.64,2277.47,-0.08,2334.8942857142856,2234.0254,33.76649420446783,18.238677721312342,32.157406689071905,40.201428571428586,2323.57,1
05/06/2024,2323.57,2302.5,2331.99,2291.79,0.96,2330.6614285714286,2239.7824,39.06722751088481,17.203541126443724,29.16663357654627,40.54499999999997,2313.79,0
05/07/2024,2313.79,2322.5,2330.06,2310.06,-0.42,2327.302857142857,2245.445,40.91506298786612,15.416313980875202,26.41656965741206,39.05999999999998,2308.65,0
05/08/2024,2308.65,2314.7,2321.56,2303.85,-0.22,2322.3314285714287,2251.0252,35.88120740019471,13.430351812912704,23.81932608851219,38.02928571428567,2345.88,1
05/09/2024,2345.88,2309.04,2347.59,2306.67,1.61,2319.1478571428574,2257.2504,41.79219918235059,14.691260635016988,21.99371299781315,37.749999999999964,2360.14,1
05/10/2024,2360.14,2346.26,2378.45,2345.25,0.61,2321.5657142857144,2263.5884,57.63729073597763,16.64928024623805,20.92482644749813,35.467142857142825,2336.05,0
05/13/2024,2336.05,2362.7,2364.94,2332.34,-1.02,2322.582857142857,2268.6416,52.95166238288706,16.071896406069754,19.954240439212455,34.718571428571394,2357.97,1
05/14/2024,2357.97,2338.2,2359.83,2334.55,0.94,2325.5935714285715,2273.5012,58.19560567762004,17.184978623532515,19.400388076076467,34.71999999999996,2386.04,1
05/15/2024,2386.04,2358.2,2390.36,2351.82,1.19,2329.469285714286,2278.6710000000003,60.075763202852265,20.100413652899988,19.540393191441172,34.64571428571425,2376.44,0
05/16/2024,2376.44,2386.42,2397.44,2371.01,-0.4,2332.235,2283.234,57.09365381796871,21.38970988784149,19.910256530721234,34.653571428571404,2414.89,1
05/17/2024,2414.89,2376.81,2422.87,2373.96,1.62,2337.9814285714288,2288.3486000000003,63.056249797137205,25.223321355242206,20.97286949562543,36.234999999999964,2425.12,1
05/20/2024,2425.12,2415.02,2450.13,2407.34,0.42,2347.949285714286,2293.3008,75.89534236407498,28.755486221664796,22.529392840833307,35.60571428571426,2421.64,0
05/21/2024,2421.64,2426.84,2434.0,2406.32,-0.14,2355.3592857142858,2298.0842,71.55860349127182,30.917547171463866,24.20702370695942,34.24428571428565,2378.25,0
05/22/2024,2378.25,2423.75,2426.64,2374.98,-1.79,2360.7135714285714,2302.4894,63.91343084119093,28.79782230681667,25.125183426930867,35.006428571428486,2328.37,0
05/23/2024,2328.37,2378.6,2383.86,2327.0,-2.1,2362.628571428572,2305.5688,54.22164834818757,22.82985755751406,24.666118253047507,35.91285714285706,2333.76,1
05/24/2024,2333.76,2328.4,2347.54,2325.4,0.23,2363.3564285714283,2309.0238,51.693197301518744,18.323903892875023,23.397675381013013,34.622857142857065,2350.74,1
05/27/2024,2350.74,2334.5,2358.56,2332.36,0.73,2365.9957142857143,2312.9278,55.996235110837034,15.939308812113268,21.906002067233064,35.06571428571419,2360.95,1
05/28/2024,2360.95,2352.29,2364.12,2340.17,0.43,2369.7314285714283,2316.947,58.349830768248275,14.703864702547435,20.465574594295937,35.51142857142846,2338.77,0
05/29/2024,2338.77,2361.0,2362.86,2334.75,-0.94,2369.223571428571,2320.5778,48.80756716868478,11.799014021803941,18.73226247979754,34.59642857142847,2343.0,1
05/30/2024,2343.0,2339.67,2351.83,2322.72,0.18,2367.9992857142856,2323.7185999999997,47.02533842415829,9.726108058009686,16.93103159543997,34.30428571428563,2326.97,0
05/31/2024,2326.97,2345.07,2353.24,2323.96,-0.68,2367.350714285714,2326.6418,48.37880302813876,6.712451156940006,14.887315507739977,34.06714285714276,2350.35,1
06/03/2024,2350.35,2329.61,2354.82,2314.76,1.0,2366.8064285714286,2330.3658,48.64653641207818,6.139900010439305,13.137832408279843,35.122857142857065,2327.68,0
06/04/2024,2327.68,2349.0,2351.76,2315.53,-0.96,2362.6378571428572,2333.4903999999997,39.43136544730168,3.812916633431996,11.272849253310275,34.957857142857065,2354.78,1
06/05/2024,2354.78,2328.0,2358.07,2325.88,1.16,2361.090714285714,2337.0144,46.31130790190739,4.108152829413029,9.839909968530826,35.36928571428565,2375.61,1
06/06/2024,2375.61,2355.16,2378.57,2353.6,0.88,2358.285,2340.6462,42.883542285672924,5.954299104561414,9.062787795736945,33.65928571428568,2292.71,0
06/07/2024,2292.71,2376.5,2387.85,2286.77,-3.49,2348.827142857143,2341.8528,31.011042592858217,0.7197493303378906,7.394180102657134,37.82285714285711,2310.6,1
06/10/2024,2310.6,2296.0,2313.87,2287.31,0.78,2340.8957142857143,2343.0576,34.707761802456915,-1.9624734196131612,5.522849398203075,37.74285714285712,2316.27,1
06/11/2024,2316.27,2311.0,2320.17,2297.69,0.25,2336.4685714285715,2343.781,40.47458043892545,-3.5892579283258783,3.7004279328972842,35.65857142857141,2322.55,1
06/12/2024,2322.55,2315.53,2341.7,2310.8,0.27,2336.052857142857,2344.2486,48.96713281749136,-4.321932310612283,2.095955884195371,33.80428571428566,2303.19,0
06/13/2024,2303.19,2325.7,2326.7,2295.68,-0.83,2333.8692857142855,2344.5238,44.83108450847112,-6.391099620829664,0.3985447831903641,34.438571428571386,2332.52,1
06/14/2024,2332.52,2302.52,2336.87,2301.35,1.27,2332.567857142857,2344.5842000000002,47.04278387327148,-5.599693956517967,-0.8011029647513022,35.10428571428569,2318.87,0
06/17/2024,2318.87,2332.2,2333.48,2310.02,-0.59,2329.562142857143,2344.1838000000002,43.24558587479939,-6.004721496370166,-1.8418266710750753,35.0692857142857,2328.33,1
06/18/2024,2328.33,2319.38,2333.25,2306.63,0.41,2328.816428571429,2343.6988,48.25289510676752,-5.498977016238769,-2.573256740107814,34.96285714285711,2327.48,0
06/19/2024,2327.48,2329.79,2335.1,2323.84,-0.04,2327.707857142857,2343.5926,47.37305348679758,-5.107878326492482,-3.0801810573847472,33.687857142857084,2359.63,1
06/20/2024,2359.63,2329.15,2365.52,2327.3,1.38,2330.0407142857143,2343.3204,55.24203903441195,-2.1785801698360956,-2.899860879875017,34.326428571428515,2320.34,0
06/21/2024,2320.34,2360.3,2368.85,2316.76,-1.66,2327.897142857143,2342.8586,45.417341111077214,-2.9929638913181407,-2.9184814821636422,35.18571428571421,2332.93,1
06/24/2024,2332.93,2321.6,2335.02,2317.37,0.54,2328.272142857143,2341.867,50.82716243894753,-2.5925754806121404,-2.853300281853342,33.85857142857136,2319.01,0
06/25/2024,2319.01,2333.25,2337.26,2315.56,-0.6,2325.717142857143,2340.5906,44.120064437649994,-3.3597631875450134,-2.9545928629916762,33.10928571428566,2297.91,0
06/26/2024,2297.91,2320.0,2323.95,2293.7,-0.91,2320.167142857143,2339.3326,37.23886480094596,-5.605739160925168,-3.4848221225783744,33.486428571428505,2327.45,1
06/27/2024,2327.45,2299.8,2331.0,2296.5,1.29,2322.6485714285714,2338.3166,56.91811374860598,-4.945056642508916,-3.776869026564483,28.73071428571422,2325.71,0
06/28/2024,2325.71,2327.75,2339.79,2319.15,-0.07,2323.727857142857,2337.0218,53.21585153024308,-4.509877385715299,-3.9234706983946466,28.307857142857074,2331.7,1
07/01/2024,2331.7,2326.46,2338.72,2318.55,0.26,2324.83,2337.13,53.279489904357035,-3.639695604629651,-3.8667156796416475,28.142857142857046,2329.28,0
07/02/2024,2329.28,2332.05,2336.9,2319.24,-0.1,2325.3107142857143,2337.2794,51.45425472146594,-3.109499672387301,-3.7152724781907787,27.197142857142808,2356.06,1
07/03/2024,2356.06,2328.0,2365.06,2326.93,1.15,2329.0871428571427,2338.0842000000002,61.06946945270303,-0.5223718089791873,-3.0766923443484604,27.70499999999996,2356.12,1
07/04/2024,2356.12,2353.7,2362.64,2350.76,0.0,2330.772857142857,2338.571,55.631383029493186,1.5153195006309943,-2.1582899753525697,26.01642857142851,2391.46,1
07/05/2024,2391.46,2358.01,2393.04,2354.03,1.5,2335.957857142857,2339.6458000000002,65.69649266963643,5.913677996757087,-0.5438963809306383,27.127142857142776,2358.8,0
07/08/2024,2358.8,2391.77,2391.85,2351.16,-1.37,2338.134285714286,2340.1330000000003,55.98789450929537,6.686936898317526,0.9022702749189948,28.132142857142785,2363.58,1
07/09/2024,2363.58,2358.6,2371.52,2349.59,0.2,2340.7128571428575,2341.6931999999997,56.9863755999381,7.597872654259845,2.241390750787165,28.894285714285648,2371.07,1
07/10/2024,2371.07,2363.8,2386.75,2362.73,0.32,2341.5299999999997,2342.7566,52.44758237056058,8.822476193482089,3.55760783932615,27.879999999999946,2414.78,1
07/11/2024,2414.78,2371.58,2424.62,2370.83,1.84,2348.2757142857145,2344.9864,69.83033764488506,13.168219978417255,5.4797302671443715,28.001428571428537,2411.27,0
07/12/2024,2411.27,2416.47,2418.37,2391.52,-0.15,2353.871428571428,2347.1806,67.101816276633,16.14293981016499,7.6123721757484955,28.65857142857138,2422.07,1
07/15/2024,2422.07,2409.5,2439.74,2401.35,0.45,2361.2328571428575,2349.1506,72.80895892351278,19.151134096461192,9.920124559891036,29.85071428571421,2468.57,1
07/16/2024,2468.57,2424.8,2469.91,2423.54,1.92,2373.422857142857,2352.2462,83.9527295877767,24.999136638756227,12.935926975664074,31.107142857142758,2458.38,0
07/17/2024,2458.38,2476.22,2483.78,2451.6,-0.41,2382.775,2355.2408,78.22132172263669,28.48313707344596,16.045368995220453,30.941428571428496,2444.97,0
07/18/2024,2444.97,2460.13,2475.02,2440.41,-0.55,2391.2935714285713,2357.2225999999996,74.47463470694464,29.818429299218224,18.79998105602001,31.939285714285656,2400.79,0
07/19/2024,2400.79,2445.34,2446.29,2393.92,-1.81,2396.2285714285717,2358.0356,62.25738920625912,27.000456777538147,20.440076200323638,34.23928571428568,2397.65,0
07/22/2024,2397.65,2400.41,2412.32,2384.0,-0.13,2401.1121428571428,2359.2675999999997,62.09874358520613,24.234461704683326,21.198953301195576,35.00071428571424,2409.21,1
07/23/2024,2409.21,2396.8,2412.15,2388.26,0.48,2404.9085714285716,2360.2924,59.94089701866607,22.71336058829047,21.501834758614557,33.98357142857136,2397.59,0
07/24/2024,2397.59,2408.94,2432.05,2396.5,-0.48,2407.8707142857143,2360.5234,57.43483093692858,20.335821416321778,21.268632090156004,35.67428571428569,2364.5,0
07/25/2024,2364.5,2398.49,2401.32,2353.19,-1.38,2405.9449999999997,2360.2846,45.127241179872755,15.60167167855343,20.135240007835492,36.325714285714284,2385.57,1
07/26/2024,2385.57,2364.3,2390.82,2355.89,0.89,2407.8571428571427,2359.6982000000003,55.049990567817375,13.395580896215506,18.787308185511495,35.914285714285725,2383.54,0
07/29/2024,2383.54,2387.2,2403.23,2369.77,-0.09,2409.282857142857,2358.8666,53.804803659931366,11.35256867761791,17.30036028393278,36.73785714285717,2408.43,1
07/30/2024,2408.43,2383.66,2413.0,2376.51,1.04,2411.9514285714286,2358.6024,56.678584197354226,11.608071142504741,16.161902455647173,37.62857142857144,2448.1,1
07/31/2024,2448.1,2410.09,2451.0,2410.17,1.65,2414.3314285714287,2359.9994,56.0436769933976,14.840523829894664,15.897626730496672,36.82714285714288,2445.42,0
08/01/2024,2445.42,2448.1,2462.4,2430.25,-0.11,2416.7707142857143,2362.3403999999996,56.21293163046247,16.990160279218344,16.116133440241008,37.20571428571433,2443.29,0
08/02/2024,2443.29,2445.16,2477.72,2410.83,-0.09,2418.2864285714286,2364.531,53.986324015629656,18.310813790463726,16.555069510285552,39.241428571428614,2407.65,0
08/05/2024,2407.65,2443.27,2458.8,2364.4,-1.46,2413.935,2365.6692,38.06893850372111,16.293766669183242,16.50280894206509,42.567142857142926,2389.37,0
08/06/2024,2389.37,2410.01,2418.35,2381.79,-0.76,2409.0057142857145,2366.2376,36.899654504726804,13.069541526650937,15.816155458982262,42.880000000000045,2381.53,0
08/07/2024,2381.53,2389.67,2407.05,2379.05,-0.33,2404.4742857142855,2367.0928000000004,37.69684275851375,9.76908545741162,14.606741458668136,42.407857142857175,2426.75,1
08/08/2024,2426.75,2382.43,2427.8,2380.7,1.9,2406.328571428571,2368.7678,55.014293440469764,10.679222890829351,13.82123774510038,42.03142857142864,2430.93,1
08/09/2024,2430.93,2427.29,2437.15,2416.93,0.17,2408.7057142857143,2370.847,56.40246248557134,11.604040277229615,13.377798251526228,41.45285714285722,2472.25,1
08/12/2024,2472.25,2431.21,2473.48,2423.84,1.7,2413.2085714285713,2373.285,60.88172339984809,15.492554864554677,13.800749574131919,43.292142857142935,2465.03,0
08/13/2024,2465.03,2472.64,2477.02,2458.5,-0.29,2418.0257142857145,2376.032,61.820795064152016,17.786604129672014,14.597920485239937,42.07571428571435,2447.64,0
08/14/2024,2447.64,2467.4,2478.49,2438.12,-0.71,2423.964285714286,2377.8892,65.4214275115002,17.99400336439703,15.277137061071357,41.521428571428615,2456.1,1
08/15/2024,2456.1,2448.15,2470.25,2432.19,0.35,2429.0021428571426,2379.4990000000003,63.72446001167538,18.62630756978706,15.946971162814497,41.74500000000002,2507.28,1
08/16/2024,2507.28,2456.57,2509.89,2450.76,2.08,2437.840714285714,2383.7904,70.21234890558645,22.99217203190392,17.356011336632385,43.57857142857142,2503.92,0
08/19/2024,2503.92,2508.4,2510.45,2485.83,-0.13,2444.6614285714286,2387.6567999999997,66.77794567241807,25.882667869381294,19.06134264318217,42.730714285714285,2513.74,1
08/20/2024,2513.74,2501.55,2532.05,2497.33,0.39,2449.35,2391.6062,62.88473618090451,28.635704005645948,20.976214915674923,42.17000000000001,2511.95,0
08/21/2024,2511.95,2512.82,2520.09,2494.15,-0.07,2454.102142857143,2395.3942,63.10522790844261,30.323516317469057,22.84567519603375,41.72642857142858,2483.29,0
08/22/2024,2483.29,2512.5,2514.82,2470.86,-1.14,2456.9592857142857,2398.9962,57.13368526180626,29.014041447046566,24.079348446236313,40.08857142857145,2512.07,1
08/23/2024,2512.07,2482.2,2518.45,2481.2,1.16,2464.417857142857,2402.5872,69.08957952468009,29.953295705865912,25.254137898162234,36.00642857142858,2516.89,1
08/26/2024,2516.89,2511.43,2527.76,2508.71,0.19,2473.526428571429,2406.5476,74.51930472235045,30.732331997466645,26.349776718023115,34.75571428571431,2524.57,1
08/27/2024,2524.57,2518.3,2526.27,2503.41,0.31,2483.743571428571,2410.4724,77.52039402801292,31.605111633364686,27.400843701091432,34.38857142857147,2502.25,0
08/28/2024,2502.25,2522.74,2529.15,2493.66,-0.88,2489.1364285714285,2413.9678,65.92961431344415,30.1482283095429,27.950320622781728,33.55928571428574,2521.18,1
08/29/2024,2521.18,2504.65,2528.77,2503.65,0.76,2495.582857142857,2417.1988,67.92595240932742,30.173311422679035,28.394918782761188,34.009285714285724,2503.03,0
08/30/2024,2503.03,2520.89,2527.07,2494.36,-0.72,2497.781428571428,2420.8526,56.733461673083696,28.401244785703966,28.396183983349747,32.80000000000002,2499.29,0
09/02/2024,2499.29,2502.74,2507.5,2490.14,-0.15,2500.2285714285713,2424.1798,57.61062733250394,26.390865001342263,27.995120186948252,32.71714285714289,2492.76,0
09/03/2024,2492.76,2500.5,2506.44,2473.25,-0.26,2503.4514285714286,2427.6548000000003,60.53122957707039,23.994118845488174,27.194919918656236,32.20428571428575,2494.19,1
09/04/2024,2494.19,2492.94,2500.2,2471.95,0.06,2506.172142857143,2431.5804,59.19204594816358,21.956963095511128,26.14732855402722,31.503571428571473,2516.32,1
09/05/2024,2516.32,2495.5,2523.54,2493.76,0.89,2506.817857142857,2435.3577999999998,52.53733018973841,21.876035221934217,25.29306988760862,29.407142857142908,2497.03,0
09/06/2024,2497.03,2516.9,2529.3,2485.15,-0.77,2506.325714285714,2438.7842,48.22486731591697,20.024527227285944,24.239361355544087,30.802142857142922,2505.25,1
09/09/2024,2505.25,2497.32,2507.42,2485.6,0.33,2505.719285714286,2442.2552,47.79446147451556,19.001442305811906,23.191777545597652,29.880714285714344,2516.12,1
09/10/2024,2516.12,2506.84,2518.57,2500.16,0.43,2506.0171428571434,2445.9919999999997,51.03448275862071,18.850461899462516,22.323514416370625,29.34285714285722,2511.44,0
09/11/2024,2511.44,2515.7,2529.4,2501.01,-0.19,2508.027857142857,2449.0996,57.926451540237714,18.144018995348688,21.487615332166236,28.230714285714352,2558.75,1
09/12/2024,2558.75,2512.02,2560.21,2511.02,1.88,2511.3621428571428,2453.1522,61.90209077001531,21.15778573434409,21.42164941260181,29.0835714285715,2576.5,1
09/13/2024,2576.5,2556.52,2586.18,2556.52,0.69,2515.62,2456.853,64.25871884418513,24.693839040002786,22.076087338082004,29.84142857142862,2582.58,1
09/16/2024,2582.58,2578.06,2589.78,2575.4,0.24,2519.7635714285716,2461.3286,63.98303041990071,27.667854147969138,23.19444070005943,29.23571428571433,2569.52,0
09/17/2024,2569.52,2582.46,2587.01,2560.84,-0.51,2524.5685714285714,2465.4474,66.97280113034273,28.640796421755113,24.283711844398567,28.570000000000032,2558.8,0
09/18/2024,2558.8,2571.73,2600.21,2546.98,-0.42,2527.2557142857145,2469.202,59.90208464940004,28.221525594416562,25.07127459440217,30.47785714285718,2586.48,1
09/19/2024,2586.48,2559.07,2594.89,2551.26,1.08,2533.2164285714284,2472.636,70.91583538021963,29.779515395282942,26.012922754578327,31.25785714285715,2621.96,1
09/20/2024,2621.96,2587.5,2625.79,2584.81,1.37,2541.9785714285713,2476.8498,76.52553734377044,33.49110836866521,27.508559877395705,32.945,2628.4,1
09/23/2024,2628.4,2621.81,2635.54,2613.6,0.25,2551.6671428571426,2480.9764,79.34152461711527,36.531118722527026,29.31307164642197,32.14142857142857,2656.7,1
09/24/2024,2656.7,2628.92,2664.47,2622.58,1.08,2563.2750000000005,2484.739,81.4929653889385,40.754134028572025,31.601284122851983,33.115714285714276,2656.82,1
09/25/2024,2656.82,2655.9,2670.6,2649.84,0.0,2573.3107142857148,2488.7078,79.76694915254248,43.60790232785439,34.00260776385247,32.47142857142857,2670.2,1
09/26/2024,2670.2,2657.32,2685.96,2654.56,0.5,2585.6800000000003,2493.2124000000003,87.63092702855415,46.41415495745923,36.484917202573826,31.56071428571428,2657.97,0
09/27/2024,2657.97,2669.5,2674.4,2643.15,-0.46,2596.588571428572,2498.356,82.61853908586085,47.10823716062578,38.609581194184216,32.2342857142857,2634.49,0
09/30/2024,2634.49,2658.3,2666.11,2624.78,-0.88,2605.0435714285713,2503.0928,73.98970451136968,45.24213931797158,39.93609281894169,33.871428571428524,2662.82,1
10/01/2024,2662.82,2635.41,2673.2,2631.98,1.08,2615.8564285714283,2508.165,77.99600532623174,45.524459933350954,41.053766241823546,34.78785714285709,2657.75,0
10/02/2024,2657.75,2661.15,2663.85,2641.18,-0.19,2622.927857142857,2513.3682,71.69910573382431,44.82240959003411,41.80749491146566,32.89357142857138,2655.9,0
10/03/2024,2655.9,2658.66,2663.4,2639.73,-0.07,2628.5992857142855,2519.1962,68.707002167562,43.613995109201824,42.1687949510129,32.46571428571425,2652.25,0
10/04/2024,2652.25,2654.39,2670.15,2632.0,-0.14,2633.575714285714,2524.5298,66.60469993803329,41.87903795060993,42.11084355093231,34.163571428571395,2643.58,0
10/07/2024,2643.58,2651.2,2659.91,2637.7,-0.33,2638.8657142857146,2529.7306,68.02823758519959,39.35086310612223,41.558847461970295,33.88071428571425,2621.94,0
10/08/2024,2621.94,2643.5,2653.09,2604.79,-0.82,2643.375714285714,2534.0008,64.59411982248517,35.19538864840524,40.286155699257286,33.528571428571404,2607.77,0
10/09/2024,2607.77,2620.19,2624.65,2605.18,-0.54,2644.8964285714287,2537.1942,55.24875499235736,30.408217621437416,38.31056808369332,31.80285714285716,2629.48,1
10/10/2024,2629.48,2608.14,2631.63,2604.15,0.83,2645.433571428571,2540.8754,51.98899703766398,28.042904507756703,36.257035368505996,30.838571428571445,2656.0,1
10/11/2024,2656.0,2630.8,2661.55,2627.65,1.01,2647.4049999999997,2545.1295999999998,56.599081866870655,27.98571725905822,34.60277174661644,31.69285714285716,2651.05,0
10/14/2024,2651.05,2657.21,2666.94,2643.16,-0.19,2647.0014285714287,2549.9976,48.47930236313731,27.227115086897356,33.127640414672626,30.399285714285757,2660.99,1
10/15/2024,2660.99,2651.75,2669.07,2638.31,0.37,2647.2992857142854,2555.43,51.066005419499874,27.11542261484101,31.925196854706307,31.113571428571504,2673.24,1
10/16/2024,2673.24,2663.0,2685.73,2658.71,0.46,2647.516428571428,2561.2641999999996,50.781651753573996,27.696114579870027,31.07938039973905,30.800714285714353,2692.55,1
10/17/2024,2692.55,2674.05,2696.8,2673.0,0.72,2649.9864285714284,2566.5802,58.578942145479886,29.37584629515095,30.738673578821434,30.26857142857151,2720.25,1
10/18/2024,2720.25,2692.41,2722.87,2691.48,1.03,2656.1121428571428,2572.3666,70.83981337480563,32.56679454734922,31.10429777252699,29.558571428571504,2719.65,0
10/21/2024,2719.65,2721.71,2740.61,2714.23,-0.02,2660.171428571429,2577.3145999999997,65.96079312475425,34.647830419614365,31.813004301944467,28.498571428571527,2748.38,1
10/22/2024,2748.38,2720.0,2749.47,2718.93,1.06,2666.645,2582.9816,72.4676483712629,38.175276411621326,33.08545872387984,29.060714285714376,2717.54,0
10/23/2024,2717.54,2749.52,2758.53,2708.79,-1.12,2671.047857142857,2588.3795999999998,63.36049939309864,38.043728098674364,34.077112598838745,30.922857142857247,2735.7,1
10/24/2024,2735.7,2717.99,2743.38,2715.72,0.67,2677.008571428571,2593.9716,67.01741506586728,38.95577739082455,35.05284555723591,30.173571428571545,2747.69,1
10/25/2024,2747.69,2736.1,2747.97,2716.97,0.44,2684.4449999999997,2598.7798,70.94684318538494,40.182872677941305,36.07885098137699,30.801428571428687,2741.98,0
10/28/2024,2741.98,2734.84,2746.06,2724.72,-0.21,2693.019285714286,2603.541,75.80617421962336,40.23084906895383,36.909250598892356,28.992142857142976,2775.13,1
10/29/2024,2775.13,2743.7,2775.89,2739.82,1.21,2704.973571428571,2608.7688,83.26442995706793,42.45441063947419,38.01828260700873,30.177857142857224,2786.19,1
10/30/2024,2786.19,2775.01,2790.09,2770.65,0.4,2716.167142857143,2614.2536,82.52459424681419,44.59498553786534,39.33362319318005,29.603571428571513,2743.8,0
10/31/2024,2743.8,2787.75,2790.41,2731.65,-1.52,2722.4385714285713,2619.4638,67.09634706752868,42.382330708537665,39.94336469625158,31.379285714285775,2735.16,0
11/01/2024,2735.16,2742.5,2762.29,2733.2,-0.32,2728.4464285714284,2623.9256,66.14581333742842,39.47654893959361,39.85000154491999,31.758571428571486,2736.39,1
11/04/2024,2736.39,2734.1,2748.3,2729.78,0.05,2733.832142857143,2628.3156,64.97457896409276,36.84818374808992,39.249637985553974,30.884285714285756,2743.59,1
11/05/2024,2743.59,2736.58,2750.06,2724.75,0.26,2738.8571428571427,2632.6960000000004,64.25763041627823,34.943359922859145,38.38838237301501,30.762142857142894,2659.24,0
11/06/2024,2659.24,2743.88,2749.8,2652.44,-3.07,2736.4778571428574,2635.8358000000003,44.65757818765031,26.323986727332795,35.97550324387857,36.016428571428605,2706.99,1
11/07/2024,2706.99,2659.36,2710.2,2643.5,1.8,2735.530714285714,2639.552,48.00180831826399,23.080044916281167,33.39641157835909,38.53857142857146,2683.77,0
11/08/2024,2683.77,2707.37,2710.51,2680.36,-0.86,2732.9678571428567,2643.1668,44.93820890468935,18.42316691712358,30.401762646111994,38.80785714285717,2620.2,0
11/11/2024,2620.2,2684.81,2686.51,2610.62,-2.37,2723.812142857143,2645.585,33.53542619328985,9.493554046932786,26.220120926276152,42.04714285714291,2597.27,0
11/12/2024,2597.27,2620.31,2627.24,2589.79,-0.88,2715.2214285714285,2647.6752,34.23102137144359,0.5600561680430474,21.088107974629533,41.16928571428574,2573.78,0
11/13/2024,2573.78,2597.41,2618.97,2573.0,-0.9,2703.6557142857137,2649.2670000000003,29.062790938243594,-8.319351642118363,15.206616051279955,42.477142857142844,2566.19,0
11/14/2024,2566.19,2573.91,2581.61,2536.91,-0.29,2690.691428571429,2650.2644,26.26085591712885,-15.786815292334722,9.007929782557019,43.45571428571429,2561.24,0
11/15/2024,2561.24,2566.54,2576.09,2554.58,-0.19,2677.781428571428,2651.5486,26.31316837911514,-21.852357294158537,2.8358723672139075,43.35142857142858,2612.2,1
11/18/2024,2612.2,2561.59,2615.17,2561.59,1.99,2666.1435714285717,2653.6876,29.599579295319657,-22.29034766830364,-2.189371639889602,44.62714285714291,2631.68,1
11/19/2024,2631.68,2612.29,2639.69,2610.25,0.75,2655.1071428571427,2655.9988,31.053341508277143,-20.825521349832798,-5.916601581878242,45.341428571428615,2650.05,1
11/20/2024,2650.05,2631.8,2655.5,2618.7,0.7,2648.410714285714,2658.771,37.784379641935786,-17.975124418269388,-8.328306149156472,43.77285714285722,2669.69,1
11/21/2024,2669.69,2650.19,2673.86,2647.95,0.74,2643.7342857142858,2660.9898,41.70698958781957,-13.970339079656696,-9.456712735256517,43.545714285714375,2712.55,1
11/22/2024,2712.55,2669.84,2712.91,2667.38,1.61,2642.031428571429,2663.7108000000003,47.26831056925479,-7.25444926644559,-9.016260041494332,45.47500000000007,2625.26,0
11/25/2024,2625.26,2715.1,2721.43,2615.7,-3.22,2633.5792857142856,2664.5644,38.54390550876176,-8.873345290095585,-8.987677091214584,51.21928571428579,2631.89,1
11/26/2024,2631.89,2625.38,2642.05,2605.29,0.25,2631.625714285714,2665.8118,46.8830487999453,-9.511701487654591,-9.092481970502586,46.89071428571437,2635.51,1
11/27/2024,2635.51,2632.16,2658.4,2627.06,0.14,2626.52,2667.3459999999995,40.94272681196154,-9.614667722350077,-9.196919120872085,44.36500000000011,2640.96,1
11/28/2024,2640.96,2635.74,2650.12,2620.95,0.21,2623.462142857143,2668.4356,44.319719767534444,-9.151012576058747,-9.187737811909418,44.29500000000011,2653.55,1
11/29/2024,2653.55,2641.2,2666.35,2634.11,0.48,2625.844285714286,2669.0674,55.117385299984704,-7.67913446912371,-8.886017143352277,41.177142857142925,2638.93,0
12/02/2024,2638.93,2653.82,2656.21,2621.9,-0.55,2628.82,2669.278,56.55980348932414,-7.604709918458411,-8.629755698373504,40.95285714285722,2643.44,1
12/03/2024,2643.44,2639.05,2655.71,2634.12,0.17,2633.795714285715,2669.0128000000004,61.665996784565834,-7.099964644649845,-8.323797487628774,39.21142857142867,2649.79,1
12/04/2024,2649.79,2643.57,2657.36,2632.5,0.24,2639.7671428571425,2668.8722,64.05892640925595,-6.1170449612423,-7.88244698235148,37.794285714285806,2632.05,0
12/05/2024,2632.05,2649.92,2655.62,2623.55,-0.67,2644.8250000000003,2668.1092,61.4169165779885,-6.692397973259631,-7.644437180533111,38.548571428571485,2632.91,1
12/06/2024,2632.91,2632.18,2645.69,2613.57,0.03,2646.304285714286,2667.6079999999997,53.982539133110265,-6.998302492950643,-7.515210243016618,36.99071428571431,2658.78,1
12/09/2024,2658.78,2635.52,2676.52,2627.47,0.98,2648.2400000000002,2668.0938,55.0863363363364,-5.094514837518545,-7.031071161917004,38.391428571428605,2693.64,1
12/10/2024,2693.64,2658.82,2695.79,2657.95,1.31,2651.3535714285717,2668.7102,57.70440807380955,-0.7640314626073632,-5.777663222055076,38.46571428571432,2717.93,1
12/11/2024,2717.93,2693.76,2721.35,2674.58,0.9,2654.799285714286,2669.9138000000003,58.38839813591149,4.575168121299157,-3.7070969533842293,39.95571428571429,2681.33,0
12/12/2024,2681.33,2718.07,2726.31,2675.04,-1.35,2652.569285714286,2670.4224,44.45036973833897,5.786504910726762,-1.808376580562031,40.36571428571431,2648.39,0
12/13/2024,2648.39,2681.47,2693.02,2645.9,-1.23,2654.221428571429,2670.3452,55.09628519807864,4.041922567278107,-0.6383167509940035,36.17928571428573,2652.5,1
12/16/2024,2652.5,2649.1,2664.83,2643.34,0.16,2655.693571428572,2670.5236,54.592041352880905,2.9568860011318066,0.08072379943115848,35.08857142857141,2645.54,0
12/17/2024,2645.54,2652.63,2659.22,2633.0,-0.26,2656.41,2670.9956,52.201975850713445,1.5178757455905725,0.3681541886630413,34.7228571428571,2587.63,0
12/18/2024,2587.63,2645.68,2652.08,2586.52,-2.19,2652.6007142857147,2670.5928,40.483922772206576,-4.2464528106938815,-0.5547672112083433,37.32214285714281,2593.85,1
12/19/2024,2593.85,2587.87,2626.73,2583.49,0.24,2648.3364285714283,2669.8802,39.099474145486354,-8.218089681735364,-2.0874317053137474,38.10785714285713,2620.77,1
12/20/2024,2620.77,2593.97,2631.92,2589.56,1.04,2647.0392857142856,2669.1756,46.82672817501924,-9.088653159825299,-3.487675996216058,38.68285714285714,2612.93,0
12/23/2024,2612.93,2622.24,2633.6,2607.97,-0.3,2644.8599999999997,2668.4132,44.73002383666696,-10.292557273316106,-4.848652251636068,38.97142857142857,2613.2,1
12/24/2024,2613.2,2613.07,2621.83,2609.92,0.01,2642.246428571429,2667.4574,43.544232330004554,-11.096954430343885,-6.098312687377632,38.04642857142854,2634.43,1
12/26/2024,2634.43,2619.79,2639.4,2614.13,0.81,2642.4164285714287,2666.6812,50.41480758505292,-9.907157850461317,-6.86008171999437,37.62714285714287,2620.0,0
12/27/2024,2620.0,2634.59,2638.74,2611.3,-0.55,2641.4942857142855,2665.2302,47.85155599933435,-10.013190070206292,-7.490703390036755,37.29285714285714,2605.39,0
12/30/2024,2605.39,2620.3,2628.61,2595.9,-0.56,2637.680714285714,2662.933,40.76904457277215,-11.14762340396419,-8.222087392822242,36.12571428571427,2623.81,1
12/31/2024,2623.81,2606.13,2627.85,2602.5,0.71,2632.692857142857,2661.0162,37.198900091659034,-10.439984296180228,-8.66566677349384,35.233571428571395,2657.16,1
01/02/2025,2657.16,2626.6,2660.85,2621.51,1.27,2628.352142857143,2659.1918,39.21791277811292,-7.106193151378648,-8.353772049070802,34.70285714285709,2639.12,0
01/03/2025,2639.12,2657.29,2665.47,2636.4,-0.68,2625.337142857143,2657.6234000000004,41.982905982905976,-5.852354583213128,-7.8534885558992675,33.11714285714278,2635.33,0
01/06/2025,2635.33,2641.0,2649.62,2614.6,-0.14,2624.4042857142854,2655.616,47.21059376334901,-5.105645111480044,-7.3039198670154235,32.252857142857074,2649.49,1
01/07/2025,2649.49,2636.02,2664.54,2632.57,0.54,2624.1892857142852,2653.652,49.383575670694206,-3.332859683638162,-6.509707830339972,33.001428571428505,2662.06,1
01/08/2025,2662.06,2649.85,2670.6,2645.03,0.47,2625.3692857142855,2652.0535999999997,53.30717488789238,-0.9032088819540149,-5.388408040662781,32.95499999999993,2670.19,1
01/09/2025,2670.19,2662.2,2675.42,2662.35,0.31,2631.266428571428,2649.9548,70.64206420642063,1.6592036707265834,-3.978885698384908,29.22642857142851,2689.63,1
01/10/2025,2689.63,2670.74,2698.57,2663.65,0.73,2638.1078571428575,2648.0236,72.46247654784241,5.19865277985582,-2.143378002736763,28.632142857142785,2662.12,0
01/13/2025,2662.12,2689.35,2693.77,2656.73,-1.02,2641.0614285714287,2646.39,59.67070489732912,5.717951622849796,-0.5711120776194514,28.252142857142776,2677.16,1
01/14/2025,2677.16,2662.53,2678.44,2659.79,0.56,2645.649285714286,2645.23,64.53233177971853,7.259419928639545,0.994994323632348,27.753571428571345,2695.82,1
01/15/2025,2695.82,2677.29,2697.85,2669.04,0.7,2651.550714285714,2644.4186,67.25708079204614,9.872941593532687,2.7705837776124156,28.960714285714207,2713.77,1
01/16/2025,2713.77,2695.96,2724.86,2690.0,0.67,2657.2178571428567,2643.8221999999996,66.8022024565862,13.23996920456284,4.864460863002501,29.579285714285625,2701.55,0
01/17/2025,2701.55,2713.85,2717.73,2698.41,-0.45,2663.042857142857,2644.6683999999996,67.43340886741632,14.75225614534611,6.842019919471223,28.999285714285666,2708.06,1
01/20/2025,2708.06,2702.51,2714.4,2689.32,0.24,2670.3764285714283,2644.6897999999997,72.7357278887462,16.28829570128346,8.731275075833672,28.454285714285657,2744.39,1
01/21/2025,2744.39,2709.01,2746.88,2702.49,1.34,2678.9892857142854,2645.9021999999995,74.73943372999591,20.204243550507726,11.025868770768483,29.81428571428569,2755.02,1
01/22/2025,2755.02,2745.08,2763.72,2741.83,0.39,2685.9792857142857,2648.5986,72.14227531903342,23.89002327795697,13.59869967220618,28.56785714285713,2753.69,0
01/23/2025,2753.69,2755.96,2759.06,2735.85,-0.05,2694.162857142857,2651.7270000000003,78.04376560434723,26.399394594015575,16.158838656568058,28.149285714285725,2771.3,1
01/24/2025,2771.3,2754.06,2786.04,2752.56,0.64,2703.875,2655.6774,81.17291026640382,29.469364775041413,18.820943880262732,28.03928571428573,2741.1,0
01/27/2025,2741.1,2770.7,2773.02,2729.8,-1.09,2710.4185714285713,2659.1756,69.5639174817409,29.129662041942083,20.882687512598604,28.842857142857156,2763.11,1
01/28/2025,2763.11,2742.57,2765.18,2734.68,0.8,2717.636428571429,2663.2129999999997,70.74352342242474,30.287334692169225,22.763616948512727,29.195000000000032,2757.71,0
01/29/2025,2757.71,2763.48,2766.53,2744.71,-0.2,2723.8878571428572,2666.1232,68.16973924597238,30.41841913673852,24.294577386157886,29.79928571428575,2793.88,1
01/30/2025,2793.88,2757.9,2798.8,2757.24,1.31,2731.3342857142857,2669.3672,70.23721706720498,33.05982809887428,26.047627528701167,30.27357142857149,2801.0,1
01/31/2025,2801.0,2794.04,2817.57,2790.78,0.25,2741.254285714286,2672.3862,79.27734210304409,35.320535085175834,27.9022090399961,29.541428571428632,2813.49,1
02/03/2025,2813.49,2801.4,2831.7,2771.69,0.45,2750.992142857143,2675.2621999999997,79.05212462174484,37.68558431848669,29.858884095694222,32.49571428571432,2841.94,1
02/04/2025,2841.94,2814.8,2845.57,2806.9,1.01,2761.4292857142855,2677.85,79.89117093527531,41.378593440670556,32.16282596468949,33.200000000000045,2865.09,1
02/05/2025,2865.09,2842.06,2882.53,2839.32,0.81,2772.237857142857,2682.6465999999996,80.31007130838874,45.64714938037969,34.85969064782753,33.79642857142861,2856.5,0
02/06/2025,2856.5,2865.26,2873.74,2834.4,-0.3,2783.305714285714,2687.1388,81.4951827310052,47.786021989777055,37.444956916217436,35.22642857142858,2860.39,1
02/07/2025,2860.39,2856.6,2886.96,2852.55,0.14,2794.1864285714287,2691.6363999999994,81.29596910054637,49.22752022232771,39.80146957743949,35.892857142857146,2907.34,1
02/10/2025,2907.34,2864.08,2911.6,2854.69,1.64,2805.8257142857146,2696.9640000000004,82.07803456829001,53.5412009433021,42.549415850612014,36.787142857142825,2898.34,0
02/11/2025,2898.34,2907.47,2943.25,2881.76,-0.31,2816.062857142857,2701.8598,78.39594230464408,55.59276047177718,45.15808477484505,39.61571428571425,2903.66,1
02/12/2025,2903.66,2898.9,2909.16,2864.01,0.18,2826.7750000000005,2707.1544,79.25102399063766,56.99095941321184,47.524659702518406,41.182857142857074,2929.03,1
02/13/2025,2929.03,2904.1,2929.74,2900.2,0.87,2838.0414285714287,2712.8662,79.86066411722376,59.4607624651826,49.911880255051244,40.9014285714285,2883.18,0
02/14/2025,2883.18,2929.19,2940.23,2876.96,-1.57,2848.19,2717.534,75.39319416642826,57.06062796213746,51.34162979646849,42.33357142857137,2897.66,1
02/17/2025,2897.66,2883.55,2906.69,2887.2,0.5,2857.800714285714,2722.8462,74.71255923300137,55.68501685049614,52.21030720727402,41.83428571428567,2935.58,1
02/18/2025,2935.58,2897.51,2937.46,2891.94,1.31,2870.5057142857145,2728.8995999999997,79.18293683346995,56.99762903538749,53.16777157289671,43.5271428571428,2932.64,0
02/19/2025,2932.64,2935.73,2947.23,2918.5,-0.1,2880.4171428571426,2734.3768,75.55244549204465,57.14195335078239,53.962607928473844,42.6107142857142,2938.7,1
02/20/2025,2938.7,2932.81,2954.97,2924.2,0.21,2890.2528571428566,2739.278,75.45662944612869,57.087256408703524,54.58753762451978,42.89499999999992,2936.03,0
02/21/2025,2936.03,2939.0,2950.01,2916.7,-0.09,2899.0057142857145,2743.64,73.50751995089013,56.180844201563104,54.90619893992845,40.9878571428571,2951.19,1
02/24/2025,2951.19,2936.41,2956.37,2920.77,0.52,2906.809285714285,2749.0371999999998,72.08409136850614,56.03979937600752,55.13291902714427,40.76857142857138,2915.12,0
02/25/2025,2915.12,2951.82,2954.44,2888.06,-1.22,2910.382857142857,2754.3718,59.611173012640656,52.413285061102215,54.58899223393586,42.423571428571385,2916.19,1
02/26/2025,2916.19,2915.42,2930.22,2890.99,0.04,2914.6464285714287,2759.6456,61.808110781404544,49.06005264844316,53.48320431683733,42.415714285714266,2876.19,0
02/27/2025,2876.19,2916.8,2920.96,2867.86,-1.37,2915.775,2764.2585999999997,52.73488887350276,42.68290414680496,51.32314428283086,43.75071428571427,2858.6,0
02/28/2025,2858.6,2877.66,2885.34,2832.63,-0.61,2912.293571428571,2769.678,40.608863198458536,35.79695698287924,48.21790682284054,43.450714285714284,2893.71,1
03/03/2025,2893.71,2856.71,2895.45,2855.63,1.23,2911.9628571428575,2775.6751999999997,49.18945415076501,32.7948393247284,45.13329332321811,41.90285714285714,2917.49,1
03/04/2025,2917.49,2894.05,2928.15,2881.81,0.82,2912.950714285714,2781.6096000000002,52.27414740026966,31.966002534727522,42.49983516552,41.98785714285717,2918.84,1
03/05/2025,2918.84,2917.59,2929.94,2894.19,0.05,2912.222857142857,2787.7278,48.18068202106767,31.060036359829155,40.21187540438183,42.431428571428604,2909.99,0
03/06/2025,2909.99,2918.98,2926.88,2891.34,-0.3,2914.1378571428572,2793.6636,55.515326064595726,29.29029036684824,38.027558396875115,40.45071428571431,2910.79,1
03/07/2025,2910.79,2910.48,2930.56,2896.71,0.03,2915.075714285714,2799.1908000000003,52.862187731612686,27.63376241944934,35.94879920138996,41.189285714285724,2889.4,0
03/10/2025,2889.4,2912.17,2918.5,2880.3,-0.73,2911.7771428571427,2804.5788000000002,39.15147528660034,24.314673430239964,33.621974047159966,40.66642857142857,2916.04,1
03/11/2025,2916.04,2888.72,2922.22,2880.34,0.92,2910.5914285714284,2810.7918,46.49107973281477,23.562285493619584,31.61003633645189,41.60571428571426,2932.06,1
03/12/2025,2932.06,2916.85,2940.83,2906.19,0.55,2910.117142857143,2816.9568,48.65314401622721,23.98224040944615,30.084477151050745,41.88214285714282,2987.75,1
03/13/2025,2987.75,2932.66,2989.64,2932.03,1.9,2913.811428571428,2823.5686,58.63381410256404,28.48047015364682,29.763675751569963,43.617857142857055,2984.42,0
03/14/2025,2984.42,2988.38,3005.08,2978.41,-0.11,2916.1850000000004,2830.4745999999996,55.7753137057249,31.414519438662865,30.093844488988545,42.97999999999992,3001.47,1
03/17/2025,3001.47,2985.8,3002.23,2982.13,0.57,2922.3528571428574,2837.7974,66.06989987717269,34.71538973958786,31.01815353910841,39.674285714285624,3033.95,1
03/18/2025,3033.95,2999.11,3038.45,2999.11,1.08,2930.7642857142855,2845.4866,69.62143428419083,39.49692185866434,32.7139072030196,39.68214285714274,3047.18,1
03/19/2025,3047.18,3032.2,3052.3,3022.73,0.44,2942.9778571428574,2853.189,81.28132889392988,43.84841372564915,34.94080850754551,38.00142857142847,3044.41,0
03/20/2025,3044.41,3046.31,3057.51,3025.56,-0.09,2956.25,2860.6734,85.94142906882273,46.537036541940324,37.26005411442448,36.51857142857135,3023.63,0
03/21/2025,3023.63,3042.6,3047.66,2999.46,-0.68,2965.5299999999997,2867.3534000000004,76.60550458715599,46.455506992972005,39.09914469013398,37.11714285714278,3012.27,0
03/24/2025,3012.27,3023.03,3033.44,3002.34,-0.38,2972.2999999999997,2874.3564,70.44964183999312,44.95601225240716,40.27051820258862,36.02857142857134,3019.85,1
03/25/2025,3019.85,3012.4,3035.94,3007.53,0.25,2979.515,2881.2102,71.2232634365676,43.87354757245066,40.99112407656103,35.504285714285615,3019.29,0
03/26/2025,3019.29,3020.13,3032.23,3012.38,-0.02,2987.3221428571424,2887.6796000000004,73.79397422500881,42.4808068964453,41.28906064053789,34.38357142857132,3056.1,1
03/27/2025,3056.1,3019.56,3059.75,3017.26,1.22,2997.7014285714286,2894.5262000000007,77.34577891527728,43.84192680103979,41.799633872638275,35.000714285714174,3084.03,1
03/28/2025,3084.03,3056.35,3086.93,3053.91,0.91,3011.6035714285717,2902.1758,85.74734599419617,46.636742375283575,42.76705557316734,34.630714285714184,3123.05,1
03/31/2025,3123.05,3086.54,3128.29,3076.62,1.27,3026.39,2910.4755999999998,86.3673096518043,51.407646402109094,44.49517373895569,35.32999999999993,3110.55,0
04/01/2025,3110.55,3123.36,3149.11,3100.85,-0.4,3039.139285714286,2917.7988,81.74961756021212,53.562541051022436,46.30864720136905,36.30285714285709,3133.57,1
04/02/2025,3133.57,3111.0,3140.36,3104.81,0.74,3049.5550000000003,2925.3698,79.34948876902028,56.47680277252357,48.342278315599955,34.727142857142844,3112.83,0
04/03/2025,3112.83,3134.16,3168.04,3054.19,-0.66,3058.727142857143,2932.5526,74.15265395177367,56.46197303555164,49.966217259590294,40.95428571428569,3037.36,0
04/04/2025,3037.36,3113.16,3137.1,3015.64,-2.42,3061.290714285715,2937.8738,55.534309946029346,49.78651414720571,49.93027663711338,48.1942857142857,2982.54,0
04/07/2025,2982.54,3038.02,3055.88,2956.6,-1.8,3057.618571428571,2942.7026,42.58345595660581,39.61598066890383,47.86741744347147,52.47571428571431,2983.78,1
04/08/2025,2983.78,2983.39,3022.84,2974.45,0.04,3053.09,2947.1160000000004,40.52600119545733,31.29506719537494,44.552947393852165,53.820000000000036,3082.18,1
04/09/2025,3082.18,2984.08,3099.87,2970.01,3.3,3055.787857142858,2953.6054,54.38951258629105,32.26876669964304,42.09611125501034,60.81357142857142,3173.92,1
04/10/2025,3173.92,3083.75,3176.94,3071.03,2.98,3066.522857142857,2961.2062,64.99331590813861,39.98219204686529,41.67332741338133,64.93571428571428,3236.21,1
04/11/2025,3236.21,3174.14,3245.69,3174.14,1.96,3082.5185714285717,2969.9103999999998,70.28001159168296,50.53883934686155,43.446429800077375,67.84071428571428,3209.28,0
04/14/2025,3209.28,3237.35,3245.84,3193.41,-0.83,3096.049285714286,2977.8262,66.5739233905542,56.085513563703444,45.97424655280259,69.5564285714286,3227.6,1
04/15/2025,3227.6,3210.21,3234.16,3209.36,0.57,3110.9285714285716,2985.5394,67.67645910764895,61.253471841129794,49.030091610468034,69.9157142857143,3343.22,1
04/16/2025,3343.22,3226.25,3345.19,3226.25,3.58,3131.437142857143,2995.1020000000003,71.48973115382312,73.82764460160797,53.98960220869602,75.3764285714286,3327.54,0
04/17/2025,3327.54,3344.41,3358.0,3283.87,-0.47,3148.8307142857143,3004.5227999999997,68.56615684899128,81.58703756663681,59.509089280284186,78.31285714285718,3424.3,1
04/21/2025,3424.3,3334.41,3430.93,3327.82,2.91,3170.3485714285716,3015.8010000000004,71.10983420458847,94.45531367807916,66.49833415984318,82.00714285714288,3382.54,0
04/22/2025,3382.54,3421.57,3500.33,3366.74,-1.22,3189.7764285714284,3025.305,68.30867405323173,100.12960050410265,73.22458742869507,88.10214285714288,3288.26,0
04/23/2025,3288.26,3382.55,3386.89,3260.5,-2.79,3200.825714285714,3033.1033999999995,59.50125913641669,95.9132770714532,77.7623253572467,94.59071428571428,3349.1,1
04/24/2025,3349.1,3288.43,3367.59,3287.77,1.85,3217.7021428571425,3042.0121999999997,63.83070889188083,96.37019430146938,81.48389914609123,92.16000000000001,3319.45,0
04/25/2025,3319.45,3347.2,3371.15,3265.25,-0.89,3237.8514285714286,3049.8206,67.44893793376465,93.26469988850249,83.84005929457349,91.04857142857145,3341.67,1
04/28/2025,3341.67,3328.4,3353.33,3267.81,0.67,3263.503571428572,3058.9903999999997,73.14787361581996,91.54131024998469,85.38030948565574,90.0657142857143,3317.18,0
04/29/2025,3317.18,3341.67,3349.08,3299.23,-0.73,3287.317857142857,3067.3807999999995,70.86410172970535,87.19425215427964,85.74309801938054,90.16999999999997,3288.59,0
04/30/2025,3288.59,3316.92,3328.36,3267.09,-0.86,3302.0614285714287,3074.4410000000003,64.15376386850807,80.51408695503142,84.69729580651072,85.27071428571428,3241.0,0
05/01/2025,3241.0,3288.55,3290.94,3202.09,-1.45,3306.8528571428574,3080.6082,54.896207410002624,70.56644656297112,81.8711259578028,84.05214285714285,3240.88,0
05/02/2025,3240.88,3238.55,3269.49,3222.75,0.0,3307.1864285714287,3086.6518,50.37488962029382,61.95896253428555,77.88869327309936,82.2642857142857,3334.5,1
05/05/2025,3334.5,3240.0,3337.81,3237.81,2.89,3316.1307142857145,3094.6212,59.07996635438118,61.97738430629215,74.70643147973792,85.66214285714283,3430.21,1
05/06/2025,3430.21,3336.39,3435.17,3322.98,2.87,3330.6028571428574,3104.2016000000003,63.20915859335273,68.92050809568445,73.54924680292723,91.89857142857143,3365.21,0
05/07/2025,3365.21,3430.21,3438.59,3360.2,-1.89,3332.1735714285714,3113.2034000000003,51.53494995183651,68.38967336548558,72.5173321154389,89.00214285714287,3305.52,0
05/08/2025,3305.52,3366.95,3414.96,3288.8,-1.77,3330.6007142857147,3120.99,48.55192550505051,62.43281227070838,70.5004281464928,92.71857142857142,3324.63,1
05/09/2025,3324.63,3305.51,3347.64,3274.94,0.58,3323.4814285714283,3129.9588,42.69998681647063,58.57871526174404,68.11608556954305,90.52642857142857,3234.7,0
05/12/2025,3234.7,3324.98,3325.42,3207.67,-2.7,3312.9214285714284,3137.4808000000003,39.88561107766406,47.71765674746439,64.03639980512732,89.39499999999998,3248.47,1
05/13/2025,3248.47,3233.4,3265.44,3215.96,0.43,3310.0792857142856,3144.5760000000005,46.940783909707356,39.76295099698973,59.181710043499805,83.90142857142857,3178.75,0
05/14/2025,3178.75,3248.37,3257.39,3167.95,-2.15,3297.9114285714286,3149.8012,37.07923120098301,27.515783232406648,52.84852468128118,84.58857142857141,3240.87,1
05/15/2025,3240.87,3178.06,3241.26,3120.52,1.95,3292.2985714285714,3156.2418,44.31962757344437,22.56229528884569,46.79127880279408,85.64857142857143,3202.77,0
05/16/2025,3202.77,3239.11,3252.27,3154.32,-1.18,3282.3771428571426,3162.0974,40.18457798631918,15.384921027778091,40.51000724779089,86.53642857142856,3229.85,1
05/19/2025,3229.85,3214.6,3249.91,3205.98,0.85,3276.1392857142855,3168.4786,43.851299021333524,11.746523290157711,34.75731045626426,86.34285714285713,3290.12,1
05/20/2025,3290.12,3229.85,3295.98,3204.4,1.87,3276.2485714285717,3176.493,50.103123357103364,13.569926506664615,30.51983366634433,88.50785714285712,3314.99,1
05/21/2025,3314.99,3290.12,3325.14,3285.51,0.76,3281.533571428571,3184.4719999999998,55.14455368441544,16.827807357127767,27.781428404501018,84.99214285714281,3295.0,0
05/22/2025,3295.0,3316.49,3345.62,3279.55,-0.6,3285.3992857142853,3191.7307999999994,53.66180410836557,17.59386434986027,25.74391559357287,86.3728571428571,3357.42,1
05/23/2025,3357.42,3297.15,3366.39,3287.24,1.89,3287.036428571428,3199.1241999999997,51.619147192630486,22.972924793170478,25.18971743349239,84.88357142857139,3342.94,0
05/26/2025,3342.94,3354.3,3357.03,3323.91,-0.43,3280.802857142857,3206.2946,43.03567153459421,25.770388960514083,25.30585173889673,79.2635714285714,3300.68,0
05/27/2025,3300.68,3344.0,3350.21,3285.7,-1.26,3276.1935714285714,3212.2788,44.65643165896555,24.29728665332732,25.10413872178285,78.27214285714282,3289.76,0
05/28/2025,3289.76,3300.7,3325.68,3276.31,-0.33,3275.067857142857,3217.395,48.58028250216203,21.995143402359645,24.48233965789821,72.78714285714283,3317.02,1
05/29/2025,3317.02,3286.36,3330.94,3245.55,0.83,3274.5242857142853,3222.7918,49.32438431080096,22.115399904851074,24.008951707288784,73.6935714285714,3289.4,0
05/30/2025,3289.4,3319.51,3322.95,3271.55,-0.83,3278.4314285714286,3227.6915999999997,55.46038971410322,19.75428576971035,23.158018519773098,68.95428571428566,3380.21,1
06/02/2025,3380.21,3289.8,3383.24,3289.41,2.76,3287.8414285714284,3234.8232000000003,61.3977713178295,24.923392521156075,23.511093320049696,72.12285714285706,3352.25,0
06/03/2025,3352.25,3379.99,3392.53,3333.08,-0.83,3300.2342857142858,3241.6228,66.17987168009553,26.458807867489213,24.100636229537603,69.98071428571423,3376.54,1
06/04/2025,3376.54,3352.56,3384.84,3343.76,0.72,3309.9249999999997,3248.7565999999997,63.612465635221675,29.29790755060003,25.14009049375009,64.2907142857142,3354.16,0
06/05/2025,3354.16,3376.55,3403.55,3339.2,-0.66,3320.7385714285715,3255.4539999999997,65.68450715898967,29.403094965565742,25.992691388113222,61.89071428571424,3310.17,0
06/06/2025,3310.17,3354.26,3375.74,3306.87,-1.31,3326.4757142857147,3260.5353999999998,58.03971812940425,25.641254963438314,25.922404103178245,63.4428571428571,3328.33,1
06/09/2025,3328.33,3311.51,3338.43,3293.7,0.55,3329.2050000000004,3265.4213999999997,54.176777945388174,23.85039735535065,25.508002753612725,60.09642857142853,3323.02,0
06/10/2025,3323.02,3328.58,3349.28,3301.92,-0.16,3329.7785714285715,3269.4208000000003,50.916980701153385,21.751914644110002,24.75678513171218,60.64857142857142,3353.84,1
06/11/2025,3353.84,3322.52,3360.82,3315.23,0.93,3333.9814285714288,3274.2866000000004,56.557011678702004,22.31849468921655,24.269127043213057,59.18571428571431,3385.29,1
06/12/2025,3385.29,3357.24,3399.16,3338.64,0.94,3335.972142857143,3279.3210000000004,53.336046539465165,25.0168865229698,24.41867893916441,57.85500000000002,3432.64,1
06/13/2025,3432.64,3385.3,3447.02,3379.79,1.4,3342.3792857142857,3285.7171999999996,59.95383727639931,30.623126432343724,25.659568437800274,60.26357142857143,3383.2,0
06/16/2025,3383.2,3431.54,3451.62,3382.4,-1.44,3348.2735714285714,3292.634,59.01345683327509,30.722566515957624,26.672168053431747,60.59999999999997,3388.74,1
06/17/2025,3388.74,3383.2,3403.39,3366.25,0.16,3355.343571428571,3300.758,60.93991776824791,30.89229801718284,27.51619404618197,59.72642857142854,3369.09,0
06/18/2025,3369.09,3390.4,3400.05,3362.54,-0.58,3359.0628571428574,3308.4642,55.85358724734135,29.10570819031136,27.834096875007848,56.30642857142857,3370.75,1
06/19/2025,3370.75,3369.08,3388.07,3347.59,0.05,3364.8735714285717,3314.2356,59.71204125975981,27.50669099614879,27.768615699236037,55.526428571428596,3368.23,0
06/20/2025,3368.23,3370.82,3374.63,3340.38,-0.07,3364.0178571428573,3318.1218,48.18770422364758,25.73940754207706,27.362774067804242,51.270000000000046,3368.88,1
06/23/2025,3368.88,3367.17,3399.25,3347.25,0.02,3365.2057142857147,3320.7752,52.74232380198544,24.113309023450256,26.712881058933448,50.73785714285717,3324.2,0
06/24/2025,3324.2,3368.79,3371.01,3295.38,-1.33,3361.467142857143,3323.0735999999997,41.91285537700861,19.00028814391726,25.17036247593021,53.20571428571433,3332.46,1
06/25/2025,3332.46,3324.2,3337.23,3312.0,0.25,3359.9171428571426,3325.1707999999994,46.49411916763606,15.436749983098707,23.223639977363913,50.41142857142859,3328.06,0
06/26/2025,3328.06,3332.47,3350.47,3310.01,-0.13,3361.1949999999997,3324.8676,53.314313238726875,12.1178896008837,21.00248990206787,48.38214285714285,3274.25,0
06/27/2025,3274.25,3328.06,3328.88,3255.72,-1.62,3357.3321428571426,3323.8018000000006,41.150094913922906,5.087011642157904,17.819394250085878,50.412857142857156,3303.69,1
06/30/2025,3303.69,3272.65,3309.58,3247.86,0.9,3355.9514285714286,3321.3895999999995,47.06828040161375,1.8690074107676082,14.629316882222223,51.43857142857142,3339.21,1
07/01/2025,3339.21,3302.87,3358.09,3301.52,1.08,3354.906428571428,3320.5229999999997,47.81230373538295,2.1599840681024034,12.135450319398261,52.22285714285714,3357.36,1
07/02/2025,3357.36,3338.36,3360.08,3327.6,0.54,3352.9114285714286,3321.905,45.650481203475906,3.81120527748908,10.470601311016425,50.21999999999999,3326.57,0
07/03/2025,3326.57,3357.36,3365.81,3311.7,-0.92,3345.3349999999996,3321.4544,32.583494794916476,2.6052822332476353,8.897537495462668,49.28285714285715,3336.64,1
07/04/2025,3336.64,3326.44,3345.15,3323.59,0.3,3342.0092857142854,3321.7981999999993,41.21973297126047,2.434085748634061,7.604847146096947,45.87857142857144,3335.61,0
07/07/2025,3335.61,3335.95,3343.29,3296.41,-0.03,3338.214285714286,3321.677,39.807389786287125,2.1900533376274325,6.521888384403045,46.57428571428574,3300.7,0
07/08/2025,3300.7,3335.99,3345.94,3287.17,-1.05,3333.3292857142856,3321.3474000000006,37.60556743629703,-0.8109413244160351,5.055322442639229,48.092857142857156,3313.72,1
07/09/2025,3313.72,3298.73,3317.05,3282.8,0.39,3329.255714285714,3321.85,40.07310704960833,-2.1142739932602126,3.6214031554593404,47.647857142857156,3323.07,1
07/10/2025,3323.07,3313.7,3330.47,3310.23,0.28,3326.0299999999997,3323.4913999999994,42.3218171926007,-2.3654403407217615,2.4240344562231204,46.64714285714285,3355.91,1
07/11/2025,3355.91,3325.63,3368.89,3321.37,0.99,3325.1035714285713,3325.792,48.01238238268915,0.08444859321207332,1.956117283620911,46.32714285714285,3343.8,0
07/14/2025,3343.8,3355.91,3374.94,3341.1,-0.36,3326.503571428572,3325.9780000000005,53.3367381681989,1.0368749819845107,1.772268823293631,43.34214285714285,3322.63,0
07/15/2025,3322.63,3343.8,3366.58,3320.27,-0.63,3325.8014285714285,3323.8263999999995,48.39698639966081,0.08248682524526885,1.4343124236839588,44.84785714285714,3346.58,1
07/16/2025,3346.58,3322.63,3377.5,3319.69,0.72,3327.124285714286,3323.4538000000002,52.83909737552121,1.244348106144571,1.3963195601760812,46.08714285714287,3338.95,0
07/17/2025,3338.95,3346.59,3352.5,3309.9,-0.23,3331.7457142857143,3324.1223999999997,61.554396742624455,1.5317967096279972,1.4234149900664643,43.904285714285706,3350.4,1
07/18/2025,3350.4,3338.76,3361.41,3331.75,0.34,3335.082142857143,3324.6378000000004,58.91446238406047,2.6529396700821053,1.6693199260695928,41.61428571428571,3395.8,1
07/21/2025,3395.8,3348.62,3401.85,3344.48,1.36,3339.124285714286,3327.8597999999997,60.40754772501566,7.1227475203518225,2.7600054449260387,41.67142857142854,3431.5,1
07/22/2025,3431.5,3395.81,3433.56,3383.29,1.05,3344.4200000000005,3331.5204,62.80837537143252,13.391426063777999,4.886289568696431,42.94214285714283,3387.78,0
07/23/2025,3387.78,3431.26,3439.09,3381.45,-1.27,3348.792142857143,3335.7009999999996,60.12237473127173,14.662539725280112,6.841539600013167,43.1942857142857,3368.15,0
07/24/2025,3368.15,3387.79,3393.47,3351.4,-0.58,3351.0428571428574,3338.2466,55.0511365457985,13.925406101382578,8.25831290028705,44.65928571428568,3337.18,0
07/25/2025,3337.18,3369.29,3373.73,3325.05,-0.92,3351.1549999999997,3340.9348000000005,50.22963287991804,10.718644360706094,8.75037919237086,44.78785714285709,3314.64,0
07/28/2025,3314.64,3335.0,3345.56,3301.66,-0.68,3352.1507142857145,3342.6306,52.1154546558213,6.286011722162584,8.257505698329204,43.72571428571424,3326.84,1
07/29/2025,3326.84,3316.54,3334.21,3307.95,0.37,3353.0878571428575,3343.365,51.99598369135282,3.714735304817168,7.348951619626797,43.15499999999997,3275.25,0
07/30/2025,3275.25,3324.01,3334.21,3268.15,-1.55,3349.672142857143,3342.5702,43.55351846858991,-2.457572262103895,5.38764684328066,46.42785714285713,3290.32,1
07/31/2025,3290.32,3275.91,3314.98,3273.77,0.46,3344.9871428571428,3342.4766000000004,40.713051850593324,-6.063254005279759,3.097466673568576,45.977142857142844,3362.88,1
08/01/2025,3362.88,3290.83,3363.55,3281.55,2.21,3346.3499999999995,3342.5858000000003,52.306687944291305,-3.030859313975725,1.8718014760597161,49.417142857142835,3373.37,1
08/04/2025,3373.37,3365.1,3385.56,3345.0,0.31,3349.9742857142855,3343.1944,56.29684785306523,0.21629731669236207,1.5407006441862454,49.00642857142855,3381.27,1
08/05/2025,3381.27,3373.38,3390.62,3349.89,0.23,3352.452142857143,3344.8062,54.48364999353754,3.388100405487421,1.9101805964464806,47.78642857142855,3369.04,0
08/06/2025,3369.04,3379.69,3385.47,3358.26,-0.36,3354.6014285714286,3346.3918,53.84340273342701,4.858907949067543,2.4999260669706933,46.68714285714282,3397.31,1
08/07/2025,3397.31,3366.11,3402.71,3364.77,0.84,3357.952142857143,3347.9976,55.744972689641635,8.211034566413218,3.642147766859199,47.278571428571404,3398.78,1
08/08/2025,3398.78,3397.28,3408.83,3379.61,0.04,3358.165,3350.1852000000003,50.40895866498325,10.861036508021243,5.085925515091608,45.26785714285711,3344.83,0
08/11/2025,3344.83,3398.5,3405.1,3340.82,-1.59,3351.9742857142855,3349.4776,38.67325335215245,8.509772655912911,5.770694943255869,46.26857142857138,3346.2,1
08/12/2025,3346.2,3342.64,3359.27,3331.03,0.04,3349.0042857142857,3349.3565999999996,43.889607335998086,6.679924650347402,5.952540884674176,44.16857142857134,3354.73,1
08/13/2025,3354.73,3346.2,3370.9,3342.65,0.25,3348.045714285715,3348.9204000000004,47.96135383119645,5.8506143935615,5.932155586451641,43.181428571428505,3336.5,0
08/14/2025,3336.5,3354.73,3374.97,3329.85,-0.54,3347.9971428571434,3348.5672000000004,49.89254108723138,3.67995120783371,5.481714710728054,42.92714285714279,3335.39,0
08/15/2025,3335.39,3336.5,3349.02,3332.16,-0.03,3349.479285714286,3349.0715999999998,53.517306844763866,1.848805393285602,4.755132847239564,40.99571428571422,3330.55,0
08/18/2025,3330.55,3338.0,3358.5,3323.52,-0.15,3349.7442857142855,3349.1160000000004,50.64497061993673,0.006981118146541121,3.80550250142096,41.61857142857135,3315.46,0
08/19/2025,3315.46,3332.38,3345.46,3314.88,-0.45,3352.6164285714285,3348.9647999999997,58.00645135597944,-2.6398838395057282,2.5164252332356227,39.084285714285635,3347.11,1
08/20/2025,3347.11,3315.46,3350.5,3311.46,0.95,3356.672857142857,3348.8302000000003,60.607419029474364,-2.1587679648509948,1.5813865936182994,38.92928571428563,3338.81,0
08/21/2025,3338.81,3347.38,3353.25,3325.27,-0.25,3354.9535714285716,3347.9006,44.08396008454995,-2.4193322457927025,0.781242825736099,35.0707142857142,3372.11,1
08/22/2025,3372.11,3338.76,3379.01,3321.49,1.0,3354.8635714285715,3346.69,49.721534653465405,0.06050294430451686,0.6370948494497827,36.28214285714281,3366.79,0
08/25/2025,3366.79,3371.23,3376.47,3359.69,-0.16,3353.8292857142856,3346.3618,46.76294375391221,1.5783168061266224,0.8253392407851508,34.571428571428505,3392.88,1
08/26/2025,3392.88,3366.78,3394.33,3351.26,0.77,3355.5321428571433,3346.4446000000003,55.01852475581004,4.830754255632655,1.6264222437546518,35.70428571428566,3397.42,1
08/27/2025,3397.42,3392.88,3398.94,3373.76,0.13,3355.54,3347.0112,50.02572617989619,7.68607414620692,2.838352624245106,34.79285714285707,3417.2,1
08/28/2025,3417.2,3394.18,3423.36,3384.46,0.58,3356.855714285714,3347.9402,53.968117190865904,11.413449283879345,4.5533719561719534,35.48428571428566,3448.0,1
08/29/2025,3448.0,3418.2,3454.08,3404.29,0.9,3364.2249999999995,3349.5356,74.68772433596547,16.660669699048867,6.974831504747337,34.44928571428568,3476.47,1
09/01/2025,3476.47,3448.0,3490.06,3436.8,0.83,3373.5299999999997,3351.6874,77.59373014191901,22.852985754249403,10.15046235464775,36.23642857142853,3533.73,1
09/02/2025,3533.73,3478.36,3540.64,3470.2,1.65,3386.315714285714,3355.8779999999997,81.42776880398897,32.01183182878822,14.522736249475845,39.249999999999964,3559.43,1
09/03/2025,3559.43,3535.69,3578.8,3526.26,0.73,3402.2392857142854,3360.4174000000003,88.14029084687759,40.87290118258579,19.792769236097833,39.77999999999997,3546.17,0
09/04/2025,3546.17,3560.57,3564.45,3511.19,-0.37,3417.2949999999996,3364.7796,84.62220762155061,46.291768611543375,25.09256911118694,42.379999999999946,3586.81,1
09/05/2025,3586.81,3547.0,3600.33,3540.05,1.15,3435.5992857142855,3371.0307999999995,87.66313932980593,53.25171581529594,30.724398452008742,44.18714285714278,3635.84,1
09/08/2025,3635.84,3586.82,3646.6,3579.67,1.37,3458.483571428572,3377.6738,92.81552360079112,62.00903381464286,36.98132552453556,46.78357142857135,3626.48,0
09/09/2025,3626.48,3637.1,3674.75,3625.33,-0.26,3478.4385714285713,3383.4192,89.70015631661214,67.41685807265367,43.06843203415919,47.52499999999993,3640.74,1
09/10/2025,3640.74,3629.05,3657.77,3619.58,0.39,3500.005,3389.0868,92.19138649003659,72.02302399476866,48.85935042628108,48.25428571428564,3634.09,0
09/11/2025,3634.09,3642.6,3649.27,3614.01,-0.18,3518.7178571428567,3395.2371999999996,89.55489793453323,74.28058391671311,53.94359712436749,46.6642857142856,3643.13,1
09/12/2025,3643.13,3635.01,3656.86,3630.48,0.25,3538.4564285714287,3401.3669999999997,91.25955566172969,75.92396466562468,58.33967063261893,47.34999999999991,3679.13,1
09/15/2025,3679.13,3644.4,3685.65,3626.6,0.99,3558.902857142857,3408.2374,91.51077467443963,79.21807819066225,62.515352144227606,48.491428571428514,3689.8,1
09/16/2025,3689.8,3678.84,3703.23,3674.66,0.29,3579.787142857143,3416.0194,91.65906759375368,81.74733433488609,66.36174858235931,48.733571428571395,3660.04,0
09/17/2025,3660.04,3691.8,3707.7,3645.44,-0.81,3597.132857142857,3422.9457999999995,83.64366860626218,80.42333462640227,69.1740657911679,50.4021428571428,3644.36,0
09/18/2025,3644.36,3659.4,3673.18,3627.89,-0.43,3611.1585714285716,3429.3716000000004,78.39377638961197,77.21868146874203,70.78298892668273,50.08071428571423,3684.98,1
09/19/2025,3684.98,3645.04,3686.33,3632.28,1.11,3626.0521428571433,3435.953,79.12720364317053,77.06827023161532,72.04004518766925,50.1371428571428,3746.47,1
09/22/2025,3746.47,3686.8,3749.25,3683.62,1.67,3641.2478571428574,3444.0063999999998,79.37099624475375,80.97734096911836,73.82750434395908,49.793571428571376,3764.19,1
09/23/2025,3764.19,3746.47,3791.11,3736.73,0.47,3655.8735714285713,3452.8376000000003,78.90620588401386,84.53074578090491,75.96815263134825,49.924999999999955,3736.29,0
09/24/2025,3736.29,3765.78,3779.54,3717.3,-0.74,3669.453571428571,3460.6318,75.77409034217234,84.12579803195194,77.59968171146899,50.566428571428524,3749.37,1
09/25/2025,3749.37,3736.67,3761.66,3722.04,0.35,3681.065,3468.8402,73.81761706616658,83.89325152742231,78.85839567465965,49.09071428571425,3760.24,1
09/26/2025,3760.24,3748.18,3783.88,3734.58,0.29,3689.950714285714,3477.0369999999994,70.5212801055757,83.62213102925898,79.81114274557952,47.83142857142856,3833.93,1
09/29/2025,3833.93,3758.59,3834.58,3757.62,1.96,3704.7685714285717,3485.7996000000003,78.22986691342571,88.33516048478077,81.51594629341977,49.798571428571414,3858.51,1
09/30/2025,3858.51,3833.84,3871.87,3793.18,0.64,3720.3235714285715,3494.3397999999997,78.8246194573131,92.98183415523499,83.80912386578282,52.69142857142856,3865.8,1
10/01/2025,3865.8,3858.84,3895.45,3853.44,0.19,3736.8742857142856,3503.9002,80.61788102222573,96.14430686963397,86.27616046655305,53.173571428571414,3856.53,0
10/02/2025,3856.53,3866.66,3897.2,3819.51,-0.24,3752.1171428571433,3513.6678,78.18128994770481,96.78687886103262,88.37830414544896,56.83857142857138,3886.83,1
10/03/2025,3886.83,3857.92,3891.85,3838.05,0.79,3766.952857142857,3524.6607999999997,77.8477957738925,98.60442809804226,90.42352893596762,56.46357142857135,3961.09,1
10/06/2025,3961.09,3888.45,3970.24,3883.93,1.91,3786.3307142857143,3537.5897999999997,81.07488946415887,104.82861136808651,93.3045454223914,60.58785714285705,3983.82,1
10/07/2025,3983.82,3962.48,3991.18,3940.75,0.57,3809.4578571428574,3550.7294,87.69442116047315,110.32369955552258,96.70837624901765,59.742857142857055,4038.9,1
10/08/2025,4038.9,3983.82,4059.34,3982.86,1.38,3837.639285714286,3566.0024,92.0725985326736,117.76556409490331,100.91981381819478,61.9707142857142,3976.29,0
10/09/2025,3976.29,4042.69,4058.09,3944.8,-1.55,3858.447142857143,3579.7218,79.67282579909138,117.25949712040256,104.18775047863635,66.20214285714279,4018.3,1
10/10/2025,4018.3,3977.58,4022.96,3946.8,1.06,3877.863571428571,3592.8302000000003,78.83281359383949,118.87794040681501,107.12578846427209,66.95428571428563,4110.7,1
10/13/2025,4110.7,4018.79,4117.14,4008.8,2.3,3902.6142857142863,3607.5768,81.72761733843643,126.1621573359771,110.9330622386131,70.80857142857134,4142.31,1
10/14/2025,4142.31,4108.98,4180.39,4090.49,0.77,3931.6157142857146,3622.7976,86.92567936265415,132.9530149604093,115.33705278297235,72.78428571428569,4208.58,1
10/15/2025,4208.58,4144.4,4218.42,4140.45,1.6,3964.4164285714287,3639.5884,88.0790089059157,142.04484911105737,120.67861204858936,75.52357142857143,4326.18,1
10/16/2025,4326.18,4209.81,4330.91,4199.6,2.79,4004.8407142857145,3658.1658,89.87177680710158,156.93053285745054,127.92899621036159,81.38142857142851,4249.98,0
10/17/2025,4249.98,4328.75,4379.44,4186.91,-1.76,4034.558571428571,3675.1897999999997,79.20837955097505,160.72609097376971,134.48841516304321,89.6364285714285,4356.5,1
10/20/2025,4356.5,4251.82,4381.6,4218.81,2.51,4070.1292857142857,3695.4231999999993,81.3536485550588,170.3655044156303,141.66383301356063,95.64357142857135,4125.1,0
10/21/2025,4125.1,4355.55,4375.59,4086.47,-5.31,4088.6507142857145,3711.0012,62.73250446840688,157.51700492517148,144.8344673958828,113.29428571428568,4094.07,0
10/22/2025,4094.07,4123.1,4161.65,4004.69,-0.75,4105.617857142857,3725.788,61.419972692832815,143.18012350187564,144.50359861708137,118.95642857142853,4126.17,1
10/23/2025,4126.17,4095.57,4154.96,4065.49,0.78,4122.713571428571,3741.5814,61.48662916818643,132.87652553773341,142.17818400121178,121.50428571428571,4112.1,0
10/24/2025,4112.1,4127.13,4144.7,4044.7,-0.34,4133.5,3757.1156,57.6917983354217,122.16725048847411,138.17599729866424,122.48214285714286,3981.59,0
10/27/2025,3981.59,4065.35,4109.33,3971.34,-3.17,4133.340714285715,3770.1364000000003,49.89765102211289,101.9735193189581,130.935501702723,128.93428571428575,3952.58,0
10/28/2025,3952.58,3983.41,4020.11,3886.49,-0.73,4127.175,3782.8788,45.94109127842459,82.67594054718302,121.28358947161502,133.01571428571432,3930.38,0
10/29/2025,3930.38,3952.52,4030.4,3917.12,-0.56,4123.895714285714,3794.5442,47.75595593051334,64.84363876818952,109.99559933092992,133.01500000000007,4024.47,1
10/30/2025,4024.47,3931.15,4027.44,3915.17,2.39,4124.336428571429,3808.2574,50.28697407465975,57.63925830010976,99.5243311247659,135.5942857142858,4002.28,0
10/31/2025,4002.28,4024.37,4046.0,3972.45,-0.55,4116.592142857143,3820.8608000000004,44.604896496815314,49.567800573835484,89.53302501457982,133.1092857142858,4001.67,0
11/03/2025,4001.67,4002.28,4030.7,3962.85,-0.02,4106.546428571429,3833.5584,42.77880468268637,42.63047271907544,80.15251455547894,131.53428571428574,3932.05,0
11/04/2025,3932.05,4001.67,4006.0,3928.66,-1.74,4086.7942857142853,3844.3418,35.850176533797296,31.155694796182615,70.35315060361968,131.48928571428573,3982.62,1
11/05/2025,3982.62,3932.06,3990.6,3929.61,1.29,4062.2542857142857,3856.0458000000003,31.125565859447093,25.844507593959406,61.45142200168763,126.46642857142862,3977.87,0
11/06/2025,3977.87,3982.59,4019.84,3964.46,-0.12,4042.8178571428575,3867.2592,33.77729023334565,21.009879357528916,53.363113472855886,116.67000000000007,3999.72,1
11/07/2025,3999.72,3977.92,4027.63,3974.41,0.55,4017.3335714285718,3878.2936,26.340848806365983,18.725656330610036,46.43562204440672,108.84357142857152,4115.9,1
11/10/2025,4115.9,3999.94,4116.26,3997.87,2.9,4016.6764285714285,3891.0822,49.279877266038326,25.990545339940127,42.34660670351341,96.64857142857151,4126.68,1
11/11/2025,4126.68,4115.91,4149.2,4097.09,0.26,4019.005714285714,3902.9411999999998,52.636088791166166,32.24616441745047,40.32651824630083,89.15928571428582,4198.73,1
11/12/2025,4198.73,4126.68,4211.96,4098.76,1.75,4024.1885714285713,3915.7272,55.50965860770256,42.527391165728204,40.7666928301863,90.85428571428578,4171.46,0
11/13/2025,4171.46,4198.75,4245.2,4145.41,-0.65,4028.4285714285716,3928.2329999999997,54.41877084325868,47.92245609767542,42.197845483684134,90.83928571428578,4079.58,0
11/14/2025,4079.58,4171.47,4211.68,4032.32,-2.2,4035.4278571428576,3938.0884,57.73951504620488,44.27377527686258,42.61303144231982,93.59642857142863,4044.61,0
11/17/2025,4044.61,4082.02,4106.85,4006.83,-0.86,4042.0014285714287,3946.2638,57.20098277022274,38.12094813489466,41.71461478083479,91.19642857142864,4067.88,1
11/18/2025,4067.88,4044.61,4082.69,3997.99,0.58,4051.8228571428567,3955.0918,60.74084489438823,34.72222660617399,40.31613714590263,89.15500000000007,4081.66,1
11/19/2025,4081.66,4067.86,4133.04,4055.23,0.34,4055.907857142857,3963.9102000000003,55.1083480715294,32.76297496280449,38.80550470928301,86.6935714285715,4077.5,0
11/20/2025,4077.5,4081.66,4110.17,4038.73,-0.1,4061.2807142857137,3972.7784,56.942444715177025,30.522729658594017,37.148949699145206,86.5428571428572,4065.9,0
11/21/2025,4065.9,4077.54,4101.37,4022.7,-0.28,4065.868571428571,3981.2338,55.81025093626185,27.4943582133169,35.218031401979545,87.31571428571435,4139.7,1
11/24/2025,4139.7,4066.47,4140.13,4040.03,1.82,4080.7007142857146,3990.4452,68.6430482483705,30.695555990227604,34.31353631962916,88.94142857142863,4131.15,0
11/25/2025,4131.15,4139.66,4159.45,4109.72,-0.21,4091.31,3999.2722,64.42346909048537,32.171758738630615,33.88518080342945,88.13714285714289,4164.59,1
11/26/2025,4164.59,4131.15,4173.7,4128.99,0.81,4104.647142857143,4009.3632000000002,67.17502483535088,35.62927646186745,34.233999935117055,87.37500000000003,4157.57,0
11/27/2025,4157.57,4164.53,4169.0,4142.57,-0.17,4115.922142857143,4019.6274,64.92671394799055,37.372126228371144,34.86162519376788,85.46142857142861,4230.63,1
11/28/2025,4230.63,4157.57,4231.51,4157.15,1.76,4124.117142857142,4030.5404000000003,61.81249099108379,44.139861786419715,36.71727251229825,82.31642857142863,4232.73,1
12/01/2025,4232.73,4223.93,4264.74,4205.87,0.05,4131.692142857143,4040.2656,61.11751755949256,49.10672170470298,39.1951623507792,82.79928571428579,4208.14,0
12/02/2025,4208.14,4232.72,4236.28,4163.01,-0.58,4132.364285714286,4049.1446,51.095485343081414,50.47691996883259,41.451513874389875,79.94714285714291,4206.22,0
12/03/2025,4206.22,4208.14,4242.0,4194.39,-0.05,4134.847142857143,4058.5432,54.300489929232484,50.8220391789755,43.325618935307006,76.22000000000003,4208.69,1
12/04/2025,4208.69,4206.15,4219.46,4174.6,0.06,4144.069285714285,4067.7296,70.51123184952185,50.71030022192008,44.802555192629626,66.61285714285714,4197.13,0
12/05/2025,4197.13,4208.69,4259.55,4191.95,-0.27,4154.963571428571,4076.4674000000005,76.17739942331471,49.12269505360564,45.66658316482483,64.29714285714284,4189.05,0
12/08/2025,4189.05,4197.19,4219.31,4176.34,-0.19,4163.618571428571,4083.5697999999998,71.9407525440917,46.67448365331893,45.86816326252365,61.31642857142856,4209.54,1
12/09/2025,4209.54,4189.0,4221.67,4170.0,0.49,4172.7528571428575,4090.5904000000005,72.60642059114709,45.858996275278514,45.866329865074626,59.449285714285715,4228.55,1
12/10/2025,4228.55,4209.56,4239.1,4181.68,0.45,4183.5421428571435,4097.8454,75.37035170815291,46.21393925515804,45.93585174309131,58.44785714285714,4283.28,1
12/11/2025,4283.28,4228.53,4286.24,4203.98,1.29,4199.069285714286,4106.3804,81.890734111848,50.331299831927936,46.81494136085864,58.704285714285724,4302.43,1
12/12/2025,4302.43,4283.26,4353.72,4257.6,0.45,4210.692857142857,4114.6924,78.43240032148739,54.511211396839826,48.35419536805488,58.42000000000001,4302.7,1
12/15/2025,4302.7,4299.0,4350.5,4285.21,0.01,4222.946428571428,4121.524600000001,80.86652992191175,57.18639896026889,50.12063608649769,59.531428571428606,4303.8,1
12/16/2025,4303.8,4302.58,4335.16,4271.34,0.03,4232.89,4127.9241999999995,78.346568926899,58.71839606597223,51.8401880823926,60.89642857142859,4341.08,1
12/17/2025,4341.08,4303.8,4349.13,4301.27,0.87,4245.997857142857,4133.9678,83.26746673434643,62.22342632182608,53.9168357302793,62.427142857142826,4332.4,0
12/18/2025,4332.4,4341.06,4374.69,4308.6,-0.2,4253.267142857143,4141.09,74.06706711441156,63.568012119751984,55.84707100817384,61.83642857142844,4338.55,1
12/19/2025,4338.55,4332.33,4356.65,4309.01,0.14,4260.825714285714,4147.495,74.55448301466524,64.38763903129347,57.555184612797774,61.03428571428555,4445.95,1
12/22/2025,4445.95,4338.98,4449.6,4337.9,2.48,4277.812142857142,4154.2,89.86221462335315,72.86355596732938,60.6168588837041,63.77928571428564,4488.82,1
12/23/2025,4488.82,4445.62,4499.87,4429.92,0.96,4297.997857142857,4161.1302000000005,91.65192783869833,82.09370677513743,64.91222846199076,65.37499999999993,4479.64,0
12/24/2025,4479.64,4488.81,4525.71,4448.27,-0.2,4317.351428571429,4166.551399999999,89.16028327793057,87.65745790062647,69.46127434971791,67.70214285714279,4495.35,1
12/25/2025,4495.35,4487.1,4500.35,4483.59,0.35,4338.652857142857,4169.9348,92.59068837475017,92.27079615677212,74.02317871112876,64.35285714285705,4532.63,1
12/26/2025,4532.63,4479.64,4550.11,4475.1,0.83,4363.194285714286,4175.5878,95.29132612707627,97.80761905082636,78.78006677906829,66.6414285714284,4332.08,0
12/29/2025,4332.08,4540.7,4550.1,4303.75,-4.42,4371.947142857143,4175.0994,60.95358981693364,85.0326783661003,80.0305890964747,80.54714285714272,4346.51,1
12/30/2025,4346.51,4332.09,4404.51,4323.33,0.33,4380.372857142857,4179.5276,60.63124121273299,75.20589944369658,79.06565116591908,82.2442857142856,4315.09,0
12/31/2025,4315.09,4346.47,4373.89,4274.51,-0.72,4382.6449999999995,4183.948,52.992643046644254,64.14337009487554,76.08119495171037,83.46714285714272,4348.35,1
01/01/2026,4348.35,4329.42,4351.65,4324.42,0.77,4385.925,4188.3916,54.20836540928921,57.39838704272461,72.34463336991323,79.21285714285698,4330.5,0
01/02/2026,4330.5,4333.0,4402.53,4310.01,-0.41,4387.910714285715,4192.7596,52.468215072093194,50.03581186462634,67.88286906885585,81.15785714285695,4448.47,1
01/05/2026,4448.47,4356.12,4456.05,4345.88,2.72,4398.244285714286,4202.0972,60.63703071923297,53.10791607706051,64.92787847049678,85.5671428571427,4497.34,1
01/06/2026,4497.34,4448.56,4497.54,4427.25,1.1,4409.405714285715,4212.9924,61.29666579913826,58.80807845344498,63.703918467086424,87.16928571428558,4453.04,0
01/07/2026,4453.04,4497.33,4500.65,4423.47,-0.99,4418.022857142857,4223.4456,58.29437324679612,59.06993697108646,62.77712216788643,87.96142857142844,4476.73,1
01/08/2026,4476.73,4453.04,4479.8,4407.48,0.53,4427.892857142857,4232.4908,59.27656489164582,60.49173567327216,62.32004486896358,89.72428571428567,4510.45,1
01/09/2026,4510.45,4476.71,4517.4,4452.62,0.75,4432.500000000001,4242.6542,54.80554313813142,63.60623054622829,62.57728200441652,86.37285714285703,4594.0,1
01/12/2026,4594.0,4519.45,4630.47,4513.57,1.85,4440.012857142858,4254.5008,57.38851892438676,71.98646179374464,64.45911796228214,89.94928571428565,4588.0,0
01/13/2026,4588.0,4593.89,4634.76,4569.45,-0.13,4447.7528571428575,4267.6197999999995,57.646062658763725,77.25317901850849,67.0179301735274,89.08285714285714,4620.83,1
01/14/2026,4620.83,4588.05,4643.06,4585.32,0.72,4456.715714285714,4280.384,58.645207518051,83.11806369297028,70.23795687741598,91.72785714285718,4614.91,0
01/15/2026,4614.91,4620.83,4632.65,4581.05,-0.13,4462.592857142858,4293.1248,55.92488046546457,86.29359369497888,73.44908424092857,90.05571428571433,4595.1,0
01/16/2026,4595.1,4614.9,4621.27,4537.15,-0.43,4481.38,4305.0324,75.60453253377983,86.21785687381816,76.00283876750649,78.46785714285723,4671.02,1
01/19/2026,4671.02,4630.8,4690.8,4629.8,1.65,4504.559285714286,4316.134800000001,78.21286362608892,91.23227552534354,79.0487261190739,79.50500000000004,4763.49,1
01/20/2026,4763.49,4671.02,4766.46,4659.34,1.98,4536.5878571428575,4328.871,85.24270623742453,101.49779127197598,83.53853914965433,80.05785714285717,4836.67,1
01/21/2026,4836.67,4763.53,4888.22,4755.7,1.54,4571.467857142858,4341.6298,86.11406934090638,114.22162507606754,89.67515633493697,86.91214285714295,4936.75,1
01/22/2026,4936.75,4836.95,4941.25,4772.38,2.07,4614.771428571429,4356.9356,89.97375743429471,130.8723595370957,97.91459697536871,92.3657142857144,4982.91,1
01/23/2026,4982.91,4936.75,4989.93,4899.72,0.94,4652.9457142857145,4375.0022,88.92498179169704,146.10866306596927,107.55341019348883,89.84142857142868,5015.34,1
01/26/2026,5015.34,5007.11,5111.4,4989.85,0.65,4689.9457142857145,4394.4168,88.65325493239415,158.96789046818049,117.83630624842716,93.99857142857152,5189.62,1
01/27/2026,5189.62,5014.85,5190.56,5006.2,3.47,4742.558571428571,4416.8516,96.03394830258492,181.13386190332312,130.49581737940636,101.6542857142859,5400.25,1
01/28/2026,5400.25,5189.63,5401.62,5157.35,4.06,4808.524285714286,4443.2234,96.7851425560802,213.2385533479137,147.04436457310783,113.93642857142868,5395.88,0
01/29/2026,5395.88,5399.91,5595.46,5110.73,-0.08,4871.769285714286,4469.590999999999,96.23027682925562,235.61312865808577,164.75811739010342,143.9328571428573,4865.35,0
01/30/2026,4865.35,5395.58,5451.2,4681.94,-9.83,4891.151428571428,4485.58,59.65926484931763,208.1365351984432,173.4338009517714,190.307142857143,4666.27,0
02/02/2026,4666.27,4799.72,4885.08,4404.12,-4.09,4896.742142857142,4496.1114,52.44947392798355,168.3563376423299,172.4183082898831,219.99642857142868,4939.33,1
02/03/2026,4939.33,4665.16,4994.28,4648.5,5.85,4919.492142857142,4512.275,58.66468616697137,157.05348955543377,169.34534454299325,240.57071428571433,4963.6,1
02/04/2026,4963.6,4939.34,5092.68,4854.81,0.49,4944.398571428572,4528.2552000000005,59.39222203666494,148.34426681435616,165.14512899726583,253.87571428571437,4770.95,0
02/05/2026,4770.95,4963.74,5024.12,4760.05,-3.88,4956.959285714286,4540.522800000001,54.33318055699295,124.46217758058538,157.00853871392974,266.7292857142857,4961.15,1
02/06/2026,4961.15,4770.55,4971.99,4655.49,3.99,4977.682857142857,4555.1332,56.76801701976773,119.50541618568695,149.5079142082812,282.5007142857143,5065.55,1
02/09/2026,5065.55,4960.97,5086.85,4960.17,2.1,4999.2585714285715,4571.7896,57.00731213926471,122.58823371178369,144.1239781089817,283.89785714285716,5023.47,0
02/10/2026,5023.47,5065.32,5078.84,4987.54,-0.83,5012.601428571428,4588.0962,54.39690804153996,120.24972056314982,139.34912659981532,280.9535714285715,5078.96,1
02/11/2026,5078.96,5023.46,5119.24,5020.68,1.1,5022.759285714286,4605.5509999999995,53.41911782384366,121.47373766250348,135.77404881235296,275.93142857142857,4920.32,0
02/12/2026,4920.32,5079.04,5100.25,4879.05,-3.12,5018.288571428571,4619.7836,48.57238003567339,108.39336658464617,130.2979123668116,285.28785714285715,5043.11,1
02/13/2026,5043.11,4920.27,5047.93,4888.71,2.5,5020.272142857143,4636.7032,50.60833220151853,106.7051742406311,125.57936474157552,287.48285714285714,4992.37,0
02/16/2026,4992.37,5040.75,5041.65,4966.64,-1.01,5006.182857142857,4652.7696000000005,45.431764809419484,100.11886771195168,120.48726533565076,279.7764285714285,4877.7,0
02/17/2026,4877.7,4992.48,5001.1,4842.5,-2.3,4968.857857142857,4666.132799999999,37.33500729530724,84.67023589931705,113.32385944838403,273.65714285714284,4979.45,1
02/18/2026,4979.45,4877.71,5011.07,4854.15,2.09,4939.112857142857,4681.1508,40.36197838313235,79.7185131298811,106.60279018468344,250.24214285714282,4999.35,1
02/19/2026,4999.35,4979.45,5022.36,4960.47,0.4,4948.684285714286,4695.4722,54.06129525010304,76.51794955690639,100.58582205912803,199.7157142857142,5104.34,1
02/20/2026,5104.34,4999.34,5105.45,4981.38,2.1,4979.974999999999,4711.5104,64.08014759293661,81.51365673412693,96.77138899412782,174.22357142857132,5231.55,1
02/23/2026,5231.55,5102.84,5238.14,5102.38,2.49,5000.847857142857,4730.0874,60.36402842996779,94.64654803554913,96.34642080241208,159.22214285714276,5148.18,0
02/24/2026,5148.18,5231.55,5249.96,5094.5,-1.59,5014.032142857142,4746.975,56.28301835412014,97.20665890662804,96.51846842325529,153.3357142857142,5171.16,1
02/25/2026,5171.16,5148.27,5218.16,5127.21,0.45,5042.618571428572,4763.576599999999,65.40205201622524,99.93783797762535,97.2023423341293,140.96999999999994,5187.26,1
02/26/2026,5187.26,5171.0,5205.9,5130.73,0.31,5058.769285714286,4780.6738000000005,60.04835082791907,102.22308838393292,98.20649154409003,123.73214285714279,5277.9,1
02/27/2026,5277.9,5187.61,5279.56,5166.54,1.75,5073.937142857144,4799.4608,59.55369595536958,110.07913256683605,100.58101974863925,122.75642857142851,5327.42,1
03/02/2026,5327.42,5301.75,5419.25,5261.37,0.94,5095.647857142858,4817.090200000001,63.583871861564724,118.93000327917434,104.25081645474627,127.51214285714279,5087.47,0
03/03/2026,5087.47,5327.55,5380.41,4996.19,-4.5,5096.255714285714,4829.0632000000005,50.32649146364859,105.3678079309584,104.4742147499887,147.91642857142855,5135.92,1
03/04/2026,5135.92,5087.96,5206.36,5083.45,0.95,5111.655714285715,4842.1888,59.035589157293025,97.40634082986799,103.06063996596457,140.8957142857143,5077.39,0
03/05/2026,5077.39,5135.96,5196.15,5050.84,-1.14,5114.104285714287,4853.8296,51.51842664776757,85.38962055602315,99.52643608397628,139.9021428571428,5171.12,1
03/06/2026,5171.12,5077.43,5175.06,5062.89,1.85,5126.8721428571425,4866.5994,57.62721989434968,82.47874717274317,96.11689830172966,142.45214285714286,5139.56,0
03/09/2026,5139.56,5180.45,5199.37,5014.73,-0.61,5145.576428571428,4882.749,62.0264907961936,76.74061278786303,92.24164119895634,144.31214285714285,5192.94,1
03/10/2026,5192.94,5139.3,5238.7,5117.84,1.04,5160.825714285714,4899.6776,60.26088377502861,75.62862017534462,88.919036994234,141.73642857142855,5177.07,0
03/11/2026,5177.07,5189.84,5223.62,5149.95,-0.31,5173.5199999999995,4916.9172,58.57490253599413,72.62955336866708,85.66114026912062,142.57785714285714,5080.07,0
03/12/2026,5080.07,5177.38,5194.79,5054.67,-1.87,5171.786428571429,4931.551600000001,48.81988544087755,61.714278196842315,80.87176785466497,143.72428571428574,5019.25,0
03/13/2026,5019.25,5080.7,5129.13,5009.51,-1.2,5156.6221428571425,4945.3266,38.96454932945208,47.60738992037568,74.2188922678071,142.57142857142858,5006.43,0
03/16/2026,5006.43,5019.26,5038.38,4967.5,-0.26,5146.497142857143,4956.4858,42.0485779996634,34.989772154822276,66.37306824521013,136.53,5006.0,0
03/17/2026,5006.0,5006.18,5044.84,4973.75,-0.01,5134.7,4966.659000000001,40.49493554327807,24.67112835383432,58.032680266934975,135.1114285714286,4818.81,0
03/18/2026,4818.81,5006.76,5017.54,4806.8,-3.74,5108.382142857144,4973.9744,32.28418390406672,1.373032745038472,46.70075076255568,144.79500000000002,4651.73,0
03/19/2026,4651.73,4825.59,4867.56,4503.08,-3.47,5063.655714285714,4977.474399999999,21.9540816783567,-30.224427150684278,31.315715179907688,162.7564285714286,4491.15,0
03/20/2026,4491.15,4649.68,4736.16,4477.82,-3.45,5003.922142857143,4977.088400000001,15.932996032230918,-67.44563445188396,11.563445253549359,169.93214285714288,4407.62,0
03/23/2026,4407.62,4491.66,4536.32,4098.87,-1.86,4955.361428571428,4973.3608,18.260081981754766,-102.50229960864272,-11.249703718889057,173.7342857142857,4474.44,1
03/24/2026,4474.44,4413.83,4484.27,4306.15,1.52,4908.112857142857,4971.0896,19.638496704426444,-123.46986006355382,-33.69373498782201,177.6778571428572,4506.55,1
03/25/2026,4506.55,4473.51,4602.64,4456.13,0.72,4867.3385714285705,4968.804,23.14755578971132,-135.9288905047115,-54.14076609119991,177.76357142857154,4380.03,0
03/26/2026,4380.03,4511.8,4544.46,4350.78,-2.81,4810.832142857143,4964.106400000001,13.90057588230458,-154.23395548847202,-74.15940397065434,183.5857142857144,4492.99,1
03/27/2026,4492.99,4390.14,4556.15,4375.49,2.58,4764.648571428572,4962.064200000001,22.535701846046635,-157.80682457274543,-90.88888809107256,183.30142857142866,4511.25,1
03/30/2026,4511.25,4493.0,4581.62,4419.81,0.41,4715.956428571429,4958.8688,20.153416404697097,-157.3510744299656,-104.18132535885117,186.22642857142864,4672.01,1
03/31/2026,4672.01,4511.95,4687.54,4482.8,3.56,4679.880714285714,4957.0392,30.37656968792743,-142.37667104824413,-111.82039449672976,195.58857142857147,4758.76,1
04/01/2026,4758.76,4672.02,4793.35,4661.66,1.86,4656.93,4955.481000000001,37.41569601215704,-122.10183454064736,-113.87668250551329,194.98642857142866,4676.42,0
04/02/2026,4676.42,4758.78,4801.0,4553.94,-1.73,4632.442142857143,4950.2744,36.79543966413745,-111.39395027354931,-113.38013605912049,204.08928571428584,4676.42,0
04/03/2026,4676.42,4676.42,4676.42,4676.42,0.0,4608.87,4944.1446000000005,37.162440773964676,-101.73513553125304,-111.051135953547,199.02642857142868,4650.89,0
04/06/2026,4650.89,4653.83,4706.67,4601.08,-0.55,4583.505,4936.855600000001,36.45063070900394,-95.04489451627705,-107.84988766609303,201.4907142857144,4706.0,1
04/07/2026,4706.0,4660.0,4718.25,4607.3,1.18,4575.447142857142,4927.1832,45.21322187804981,-84.32388067814645,-103.1446862685037,194.36285714285728,4719.37,1
04/08/2026,4719.37,4744.5,4856.3,4699.46,0.28,4580.278571428572,4913.5656,53.30067145534042,-73.89671734994681,-97.29509248479232,179.53142857142868,4766.0,1
04/09/2026,4766.0,4730.48,4801.51,4698.56,0.99,4599.910714285715,4900.968000000001,65.09020632707069,-61.16538747913546,-90.06915148366095,168.43214285714294,4748.18,0
04/10/2026,4748.18,4765.77,4795.42,4731.04,-0.37,4624.236428571428,4898.6246,70.15195625931976,-51.91519584269736,-82.43836035546823,141.7842857142858,4741.69,0
04/13/2026,4741.69,4686.91,4750.39,4644.2,-0.14,4643.325714285715,4900.133,67.02988593640472,-44.59398933730881,-74.86948615183636,136.64642857142866,4841.14,1
04/14/2026,4841.14,4743.06,4846.97,4741.01,2.1,4667.225,4898.1692,69.6357938473456,-30.41647439049757,-65.97888379956859,133.75000000000006,4791.14,0
04/15/2026,4791.14,4841.06,4871.78,4786.37,-1.03,4696.589999999999,4894.72,76.50715050227603,-22.950712259627835,-57.373249491580445,126.0164285714286,4788.58,0
04/16/2026,4788.58,4791.83,4840.28,4773.26,-0.05,4717.703571428572,4895.0725999999995,72.22247282240963,-17.04413837065931,-49.30742726739622,117.89928571428572,4830.43,1
04/17/2026,4830.43,4792.42,4889.7,4767.47,0.87,4740.502142857143,4892.4582,73.17399006766762,-8.883784031773757,-41.222698620271736,115.07214285714288,4820.83,0
04/20/2026,4820.83,4792.93,4828.07,4736.74,-0.2,4751.132142857144,4887.5638,63.843720930232486,-3.1549162844212333,-33.60914215310164,107.14000000000007,4712.85,0
04/21/2026,4712.85,4820.25,4833.34,4667.96,-2.24,4747.852857142857,4881.3514000000005,45.891575537379445,-7.244322849493983,-28.336178292380104,109.5464285714286,4738.78,1
04/22/2026,4738.78,4721.8,4772.59,4708.34,0.55,4752.307142857143,4874.5478,56.207198598502906,-8.297227447776095,-24.328388123459302,96.48857142857143,4693.88,0
04/23/2026,4693.88,4738.79,4754.4,4664.33,-0.95,4753.554285714286,4870.019,51.595336427762135,-12.609363786056747,-21.98458325597879,102.92214285714284,4709.25,1
04/24/2026,4709.25,4693.89,4740.58,4657.64,0.33,4757.722857142858,4863.3418,55.433284921610216,-14.618024862646052,-20.511271577312247,101.30428571428567,4682.1,0
04/27/2026,4682.1,4699.05,4730.18,4666.96,-0.58,4756.015714285714,4857.1364,47.6527204871342,-18.190986961254566,-20.04721465410071,97.89499999999998,4595.51,0
04/28/2026,4595.51,4682.12,4701.82,4554.63,-1.85,4747.168571428571,4851.4926000000005,39.36495397719471,-27.690475933539346,-21.575866909988438,97.20571428571422,4544.12,0
04/29/2026,4544.12,4595.52,4610.39,4509.96,-1.12,4731.32,4842.786,31.103086461811017,-38.917021698908684,-25.044097867772486,97.02571428571426,4622.59,1
04/30/2026,4622.59,4541.53,4647.51,4539.39,1.73,4722.3492857142855,4835.2508,40.3053741528106,-41.00953451566329,-28.237185197350648,100.14999999999996,4614.95,0
05/01/2026,4614.95,4626.45,4660.62,4559.94,-0.17,4713.296428571428,4825.463,40.233941560843334,-42.791081200975896,-31.1479643980757,99.75642857142851,4523.9,0
05/04/2026,4523.9,4623.02,4631.43,4500.85,-1.97,4690.636428571429,4811.31,25.234199350487103,-50.962480100284665,-35.110867538517496,101.51499999999994,4557.23,1
05/05/2026,4557.23,4523.91,4586.79,4513.27,0.74,4673.928571428572,4799.491,31.251502861448145,-54.125000832217665,-38.91369419725753,100.6657142857142,4690.25,1
05/06/2026,4690.25,4569.01,4723.55,4546.22,2.92,4666.905,4789.8728,43.48177708247711,-45.374668062852834,-40.20588897037659,108.54499999999994,4686.81,0
05/07/2026,4686.81,4690.26,4765.17,4684.44,-0.07,4656.646428571428,4779.8638,39.968708965440165,-38.27631996078162,-39.8199751684576,105.5807142857143,4714.89,1
05/08/2026,4714.89,4686.82,4750.75,4678.2,0.6,4649.079285714286,4768.6036,42.78672004793422,-30.038738741656744,-37.86372788309743,104.07071428571427,4735.27,1
05/11/2026,4735.27,4683.79,4748.78,4647.54,0.43,4650.680714285714,4756.7606,51.73330859387081,-21.616716547280703,-34.614325615934085,99.48928571428567,4715.27,0
05/12/2026,4715.27,4734.97,4773.83,4638.32,-0.42,4649.001428571429,4749.3166,48.16560290881858,-16.36736335741716,-30.9649331642307,104.57928571428569,4688.63,0
05/13/2026,4688.63,4715.29,4727.21,4669.45,-0.56,4648.626428571429,4740.370800000001,49.5783471207132,-14.193227800032219,-27.610592091391005,102.27142857142859,4651.97,0
05/14/2026,4651.97,4688.84,4718.93,4643.9,-0.78,4644.535000000001,4731.8624,45.55168986083502,-15.252543499515923,-25.138982373015992,101.70642857142866,4540.07,0
05/15/2026,4540.07,4651.98,4665.73,4511.62,-2.41,4634.39,4719.2414,40.25309158786146,-24.835169264074466,-25.07821975122769,108.19857142857147,4567.61,1
05/18/2026,4567.61,4531.42,4584.54,4480.31,0.61,4632.397142857143,4707.8024,47.91647997132356,-29.862979543838264,-26.035171709749804,105.13000000000004,4482.46,0
05/19/2026,4482.46,4567.63,4589.76,4465.34,-1.86,4627.992857142857,4693.5928,45.61637992321913,-40.254420879336976,-28.87902154366724,106.84357142857145,4545.16,1
05/20/2026,4545.16,4482.18,4552.78,4453.12,1.4,4622.462142857143,4680.9546,44.368972990269505,-42.93541428031858,-31.69030009099751,106.23928571428574,4545.18,1
05/21/2026,4545.18,4544.3,4572.71,4489.59,0.0,4617.478571428571,4670.2568,44.86917386124639,-44.54501977361997,-34.261244027522004,104.985,4509.38,0
05/22/2026,4509.38,4542.41,4552.77,4491.79,-0.79,4616.441428571429,4660.0594,48.83776774565368,-48.15431160143635,-37.03985754230487,100.01357142857147,4571.16,1
05/25/2026,4571.16,4542.0,4582.34,4535.99,1.37,4617.436428571428,4651.353999999999,51.0664359755631,-45.505018171930715,-38.732889668230044,99.9735714285715,4507.51,0
05/26/2026,4507.51,4573.4,4581.35,4482.64,-1.39,4604.3835714285715,4641.3841999999995,34.347483468667576,-47.98827809842169,-40.583967354268374,94.35785714285723,4458.21,0
05/27/2026,4458.21,4507.52,4538.55,4401.45,-1.09,4588.055,4634.1722,31.845616264294776,-53.319740683581585,-43.131122020131016,98.38428571428578,4494.93,1
05/28/2026,4494.93,4456.22,4516.99,4366.41,0.82,4572.3435714285715,4631.0362000000005,32.768237653547274,-53.95994936786883,-45.29688748967858,103.9578571428572,4539.27,1
05/29/2026,4539.27,4494.94,4595.31,4488.68,0.99,4558.3435714285715,4631.9986,35.200845665961964,-50.309515153359825,-46.29941302241483,104.34285714285723,4485.15,0
06/01/2026,4485.15,4521.91,4546.44,4447.12,-1.19,4541.9064285714285,4633.5491999999995,33.475988051470566,-51.193425496370764,-47.27821551720602,101.75785714285719,4488.09,1
06/02/2026,4488.09,4487.3,4541.82,4462.78,0.07,4527.582142857143,4633.8222,35.092622877702155,-51.06801706999613,-48.03617582776404,103.27785714285717,4434.42,0
06/03/2026,4434.42,4489.18,4500.71,4426.1,-1.2,4512.042857142857,4632.3796,34.22704928729901,-54.66915842175331,-49.3627723465619,103.2478571428571,4475.43,1
06/04/2026,4475.43,4442.83,4515.55,4423.79,0.92,4507.425714285714,4634.2876,44.77648123606044,-53.59610211989184,-50.20943830122789,98.7942857142857,4329.33,0
06/05/2026,4329.33,4476.24,4482.02,4311.41,-3.26,4490.405714285715,4631.014400000001,33.84104163841047,-63.799307557237626,-52.92741215242984,103.53571428571435,4329.85,1
06/08/2026,4329.85,4332.21,4353.62,4268.99,0.01,4479.505,4627.3864,38.308793111373355,-71.02473281376479,-56.54687628469683,100.6935714285715,4264.15,0
06/09/2026,4264.15,4331.26,4363.5,4236.61,-1.52,4459.432857142858,4619.229200000001,28.57077493251188,-81.11730550404991,-61.460962128567445,102.63857142857152,4075.08,0
06/10/2026,4075.08,4255.7,4258.29,4066.86,-4.43,4425.854285714286,4605.5556,22.174211573065705,-103.18268518442619,-69.8053067397392,110.7935714285715,4215.12,1
06/11/2026,4215.12,4075.1,4220.25,4023.55,3.44,4404.835714285715,4596.3296,34.49565840499076,-108.12322270968434,-77.46888993372824,120.48785714285717,4219.32,1
06/12/2026,4219.32,4215.13,4246.53,4170.02,0.1,4379.704285714286,4587.1876,30.26430927326173,-110.42679800486258,-84.0604715479551,120.74142857142854,4309.34,1
06/15/2026,4309.34,4222.5,4372.86,4219.33,2.13,4365.549285714286,4580.3566,39.203486788341095,-103.7920857944764,-88.00679439725937,124.65785714285711,4331.31,1
06/16/2026,4331.31,4308.12,4355.35,4303.45,0.51,4356.485,4572.8628,42.874149277868916,-95.65854106218558,-89.53714373024462,118.57214285714284,4258.86,0
06/17/2026,4258.86,4334.03,4382.85,4219.05,-1.67,4339.622857142857,4563.6526,37.25530421637966,-93.97546708603477,-90.42480840140266,119.51642857142858,4210.09,0
06/18/2026,4210.09,4258.87,4330.39,4201.4,-1.15,4316.11,4552.5344000000005,32.31318102688651,-95.47635822054963,-91.43511836523206,121.11357142857148,4160.26,0
06/19/2026,4160.26,4210.05,4213.66,4120.89,-1.18,4292.903571428572,4540.776,32.46283561303703,-99.53926314678665,-93.05594732154299,120.64571428571432,4191.62,1
06/22/2026,4191.62,4143.61,4220.82,4136.3,0.75,4271.727142857143,4529.774600000001,34.47329555571851,-99.0864477682344,-94.26204741088128,121.03714285714285,4110.26,0
06/23/2026,4110.26,4191.63,4202.55,4090.75,-1.94,4248.572857142857,4515.157,33.50162866449514,-104.09274400705362,-96.22818673011575,123.69357142857146,4000.69,0
06/24/2026,4000.69,4113.08,4115.26,3959.38,-2.67,4214.662857142857,4499.348,27.413983405648196,-115.56944055875374,-100.09643749584336,128.27357142857144,4027.56,1
06/25/2026,4027.56,4000.71,4044.59,3962.78,0.67,4193.107857142857,4484.1276,33.805930902729344,-121.10064793619767,-104.29727958391423,121.93071428571427,4089.26,1
06/26/2026,4089.26,4027.57,4097.94,3982.83,1.53,4175.922857142857,4469.3042,37.88460182695311,-119.13221328392501,-107.2642663239164,124.1078571428571,4017.57,0
06/29/2026,4017.57,4089.66,4093.68,4001.3,-1.75,4158.3099999999995,4453.2390000000005,37.65742316548206,-121.95122074115898,-110.20165720736493,121.64285714285704,4008.48,0
06/30/2026,4008.48,4017.59,4064.81,3944.23,-0.23,4153.552857142858,4439.1516,45.93366873443072,-123.49521552114402,-112.86036887012075,116.16357142857136,4031.04,1
07/01/2026,4031.04,4008.49,4115.55,3960.1,0.56,4140.404285714286,4424.9968,36.87842153284672,-121.49788703798458,-114.58787250369352,113.21714285714282,4123.98,1
07/02/2026,4123.98,4031.04,4144.22,4030.38,2.31,4133.594285714285,4413.5988,43.967197347439814,-111.13442014048906,-113.89718203105264,115.88357142857146,4175.7,1
07/03/2026,4175.7,4124.0,4195.54,4120.92,1.25,4124.0485714285705,4402.9277999999995,41.11294355482255,-97.62259370922675,-110.64226436668747,110.2464285714286,4165.17,0
07/06/2026,4165.17,4175.71,4202.67,4128.19,-0.25,4112.181428571429,4392.589199999999,38.780995084004076,-86.76389671938614,-105.8665908372272,111.85928571428573,4107.32,0
07/07/2026,4107.32,4166.99,4183.27,4092.02,-1.39,4101.357142857143,4382.825400000001,39.561060288768864,-81.8824230467826,-101.0697572791383,106.6771428571429,4077.95,0
07/08/2026,4077.95,4107.82,4134.39,4021.76,-0.72,4091.9185714285713,4373.502,40.64747183058714,-79.46767959335557,-96.74934174198177,105.50857142857141,4121.62,1
07/09/2026,4121.62,4076.56,4138.38,4054.04,1.07,4089.1585714285716,4363.4826,47.24110355857654,-73.18652526838196,-92.03677844726181,104.9064285714286,4121.08,0
07/10/2026,4121.08,4121.62,4136.23,4072.45,-0.01,4084.1199999999994,4353.6052,44.73157470199863,-67.47443540957465,-87.12430983972439,103.42500000000005,4001.84,0
07/13/2026,4001.84,4122.63,4122.63,3986.37,-2.89,4076.3757142857144,4343.164000000001,42.33607600305369,-71.74223468931723,-84.04789480964295,105.17214285714292,4055.53,1
07/14/2026,4055.53,4006.0,4100.75,3984.45,1.34,4080.292857142857,4333.13,54.209007460166404,-69.98541378667369,-81.2353986050491,102.34500000000006,4062.06,1
07/15/2026,4062.06,4055.47,4080.83,4017.3,0.16,4082.757142857143,4320.5662,52.73323615160349,-67.29052089956849,-78.44642306395299,101.03928571428575,3972.94,0
07/16/2026,3972.94,4058.8,4070.06,3969.15,-2.19,4074.4485714285715,4306.2888,41.16834209007803,-71.52158178973332,-77.06145480910907,100.02500000000006,4017.6,1
07/17/2026,4017.6,3972.95,4024.22,3959.69,1.12,4074.450714285714,4292.343,50.00237525929912,-70.45883369183184,-75.74093058565363,98.03571428571435,4006.31,0
07/20/2026,4006.31,4003.71,4040.56,3982.51,-0.28,4074.2957142857144,4277.7638,49.828786037777526,-69.72387340211571,-74.53751914894605,93.56928571428577,4077.92,1
07/21/2026,4077.92,4010.3,4087.0,3999.48,1.79,4077.6442857142856,4265.0168,53.43312437752652,-62.64099712496409,-72.15821474414966,88.71714285714289,4130.54,1
07/22/2026,4130.54,4075.82,4166.42,4074.62,1.29,4078.112857142857,4253.855,50.51055351472514,-52.18027072975974,-68.16262594127167,87.14285714285718,4048.78,0
07/23/2026,4048.78,4132.35,4146.12,4040.1,-1.98,4069.047142857143,4241.7912,40.563288127527976,-49.91206320383344,-64.51251339378402,89.38571428571433,4053.17,1
07/24/2026,4053.17,4047.65,4082.45,4021.56,0.11,4061.0471428571427,4232.0532,41.59588198217126,-47.21597966410354,-61.05320664784792,88.41499999999999,4076.65,1
07/27/2026,4076.65,4092.62,4116.29,4065.17,0.58,4058.8564285714283,4222.234,47.57346076554269,-42.69254122512302,-57.38107356330295,86.40571428571424,4028.75,0
07/28/2026,4028.75,4076.66,4089.92,4011.35,-1.17,4055.342142857143,4213.159799999999,46.218293620292094,-42.483094684894695,-54.4014777876213,83.97285714285711,4066.16,1
07/29/2026,4066.16,4027.86,4116.68,3995.78,0.93,4051.3807142857145,4203.5798,45.69570346454736,-38.85058705725305,-51.29129964154766,86.58428571428567,4103.58,1
07/30/2026,4103.58,4064.68,4120.43,4028.44,0.92,4050.130714285714,4194.7478,48.715351186281424,-32.57679233978706,-47.548398181195545,88.5992857142857,4042.67,0
07/31/2026,4042.67,4104.8,4116.3,4020.82,-1.48,4053.047142857143,4185.4136,53.27799097609146,-32.149097990321934,-44.46853814302082,85.68642857142855,4053.45,1
08/03/2026,4053.45,4077.11,4083.29,4019.19,0.27,4052.8985714285714,4175.0594,49.82065254880317,-30.587695317773978,-41.692369577971455,81.9578571428571,4077.65,1
08/04/2026,4077.65,4053.73,4106.46,4042.52,0.6,4054.0121428571433,4166.4622,51.30449334783702,-27.085312080674612,-38.77095807851209,81.98714285714284,4247.02,1
08/05/2026,4247.02,4077.13,4267.97,4065.45,4.15,4073.589285714286,4162.2384,70.21835349660671,-10.521617953822897,-33.12109005357425,89.24500000000002,4240.42,0
08/06/2026,4240.42,4249.54,4306.0,4223.17,-0.16,4089.5050000000006,4157.1482,67.41488729796481,2.049044031075937,-26.087063236644212,90.5521428571429,4343.74,1
08/07/2026,4343.74,4241.78,4372.17,4229.67,2.44,4113.607142857143,4153.2376,73.05574155813984,20.11655363142563,-16.846339863030245,96.58428571428577,4388.96,1
08/10/2026,4388.96,4342.5,4396.71,4312.45,1.04,4135.824285714286,4151.3138,72.04769060648161,37.650054843877115,-5.947060921648774,96.35142857142864,4368.46,0
08/11/2026,4368.46,4389.82,4435.47,4356.49,-0.47,4152.818571428571,4148.9212,67.66925110655616,49.322740353986774,5.106899333478336,95.43571428571438,4408.7,1
08/12/2026,4408.7,4368.48,4441.26,4360.82,0.92,4178.527142857142,4148.4068,78.48640263399496,61.11595275815853,16.308710018414374,93.60857142857155,4351.34,0
08/13/2026,4351.34,4409.88,4450.23,4343.76,-1.3,4199.825,4145.925,71.77345153422618,65.08344449637661,26.06365691400682,96.8642857142858,4376.6,1
08/14/2026,4376.6,4351.28,4397.25,4310.73,0.58,4221.25,4146.8704,71.84664015499135,69.46522925428144,34.743971382061744,98.53571428571442,4416.82,1
08/17/2026,4416.82,4381.12,4429.26,4367.24,0.92,4248.969285714285,4148.6098,78.58458184175248,75.31505800472769,42.85818870659494,97.35357142857158,4334.52,0
08/18/2026,4334.52,4417.55,4436.39,4328.86,-1.86,4268.137857142858,4150.017199999999,68.54083183639636,72.47472374362769,48.78149571400149,96.39857142857161,4522.8,1
08/19/2026,4522.8,4334.68,4524.7,4324.49,4.34,4298.082142857143,4158.971600000001,73.96748079034035,84.44295503486137,55.91378757817347,104.1285714285716,4519.08,0
08/20/2026,4519.08,4522.28,4541.49,4450.52,-0.08,4332.111428571428,4165.0508,79.14286063838901,92.5607094079378,63.24317194412634,103.8064285714287,4603.56,1
08/21/2026,4603.56,4519.09,4632.61,4508.83,1.87,4371.405,4172.7356,80.86794527927103,104.60509577535686,71.51555671037245,108.06928571428583,4651.87,1
08/24/2026,4651.87,4618.79,4681.4,4594.68,1.05,4412.420714285714,4179.5862,81.37197054131431,116.70328913130834,80.55310319455964,109.69642857142864,4658.59,1
08/25/2026,4658.59,4654.11,4697.66,4605.17,0.14,4441.818571428572,4186.1318,77.3457536576615,125.38804701268054,89.52009195818383,101.83714285714288,4593.68,0
08/26/2026,4593.68,4655.2,4674.2,4582.82,-1.39,4467.051428571429,4192.8282,71.78358245769824,125.58541518739912,96.73315660402689,102.44785714285717,4601.25,1
08/27/2026,4601.25,4596.75,4643.35,4566.17,0.16,4485.445,4200.6514,68.00542589044741,124.91275019394652,102.36907532201081,97.78214285714292,4455.15,0
08/28/2026,4455.15,4601.84,4630.25,4445.39,-3.18,4490.172857142857,4206.5492,54.05590891822002,111.30752548176588,104.15676535396183,104.96785714285716,4448.92,0
08/31/2026,4448.92,4453.21,4472.1,4396.48,-0.14,4495.92,4211.695199999999,55.01808656604717,98.88271950519447,103.10195618420836,104.72785714285718,4329.5,0
09/01/2026,4329.5,4449.9,4465.55,4322.37,-2.68,4490.262857142858,4216.08,45.5044955044955,78.49493454343428,98.18055185605355,109.20928571428574,4387.4,1
09/02/2026,4387.4,4330.7,4397.53,4282.71,1.34,4492.838571428571,4223.814200000001,52.045562841778015,66.24587299740051,91.79361608432295,109.80571428571433,4474.06,1
09/03/2026,4474.06,4388.38,4511.0,4381.01,1.98,4499.8,4232.7442,55.168536942364405,62.80713961520996,85.99632079050035,112.91071428571429,4430.25,0
09/04/2026,4430.25,4481.02,4492.5,4365.59,-0.98,4500.759285714286,4239.564,50.70952335668475,55.90240959081257,79.9775385505628,117.54571428571424,4405.07,0
09/07/2026,4405.07,4427.79,4436.03,4381.08,-0.57,4505.798571428571,4247.313999999999,53.96664755029288,47.84699535983691,73.55142991241763,113.78999999999989,4355.65,0
09/08/2026,4355.65,4406.55,4443.1,4346.07,-1.12,4493.859285714286,4254.2574,38.86305185027249,37.04817229727996,66.25077838939009,106.41999999999994,4401.55,1
09/09/2026,4401.55,4360.4,4434.18,4341.44,1.05,4485.464285714285,4261.6676,42.58588713238544,31.82689300556376,59.36600131262483,106.5464285714286,4317.3,0
09/10/2026,4317.3,4404.82,4433.0,4313.71,-1.91,4465.017142857143,4265.534,31.936697039299332,20.65264976555227,51.623331003210325,106.22571428571435,4348.72,1
